time,user,app,result_type,result_description,playbook_scenario,client_app,country
2026-08-01T00:06,u3143@contoso.example,SharePoint Online,50053,Account locked (smart lockout),5 Lockout loop,Browser,IN
2026-08-01T00:06,u2749@contoso.example,VPN,50074,"MFA required, not completed",2 MFA problems,Exchange ActiveSync,GB
2026-08-01T00:08,u1267@contoso.example,Azure Portal,50126,Invalid username or password,1 Sign-in fails,Mobile Apps and Desktop clients,IN
2026-08-01T00:11,u4382@contoso.example,Microsoft Teams,50074,"MFA required, not completed",2 MFA problems,Mobile Apps and Desktop clients,SG
2026-08-01T00:12,u4100@contoso.example,SharePoint Online,53003,Blocked by Conditional Access,3 Conditional Access,Mobile Apps and Desktop clients,IN
2026-08-01T00:14,u2260@contoso.example,Service Desk,500121,MFA challenge failed,2 MFA problems,Browser,IN
2026-08-01T00:26,u2244@contoso.example,Service Desk,500121,MFA challenge failed,2 MFA problems,Browser,GB
2026-08-01T00:39,u4658@contoso.example,Payroll,53000,Device not compliant,15 Compliance and PRT,Mobile Apps and Desktop clients,IN
2026-08-01T00:47,u2275@contoso.example,CRM,50105,User not assigned to app,9 Assignment and consent,Browser,DE
2026-08-01T00:50,u1540@contoso.example,Service Desk,53000,Device not compliant,15 Compliance and PRT,Browser,IN
2026-08-01T00:59,u1317@contoso.example,Microsoft Teams,65001,Consent not granted,9 Assignment and consent,Mobile Apps and Desktop clients,IN
2026-08-01T01:19,u1192@contoso.example,Payroll,70043,Sign-in frequency expired,6 Repeated prompts,Mobile Apps and Desktop clients,US
2026-08-01T01:22,u4589@contoso.example,Office 365 Exchange Online,50055,Password expired,1 Sign-in fails,Browser,US
2026-08-01T01:38,u1571@contoso.example,VPN,65001,Consent not granted,9 Assignment and consent,Mobile Apps and Desktop clients,DE
2026-08-01T01:40,u4109@contoso.example,Service Desk,53003,Blocked by Conditional Access,3 Conditional Access,Mobile Apps and Desktop clients,IN
2026-08-01T01:42,u3518@contoso.example,VPN,50053,Account locked (smart lockout),5 Lockout loop,Browser,IN
2026-08-01T02:08,u4841@contoso.example,Azure Portal,70043,Sign-in frequency expired,6 Repeated prompts,Mobile Apps and Desktop clients,DE
2026-08-01T02:12,u2997@contoso.example,Microsoft Teams,50011,Reply URL mismatch,7 App authentication,Browser,IN
2026-08-01T02:19,u1255@contoso.example,Office 365 Exchange Online,50126,Invalid username or password,1 Sign-in fails,Browser,IN
2026-08-01T02:30,u1584@contoso.example,Azure Portal,500121,MFA challenge failed,2 MFA problems,Mobile Apps and Desktop clients,US
2026-08-01T02:31,u2633@contoso.example,VPN,53003,Blocked by Conditional Access,3 Conditional Access,Mobile Apps and Desktop clients,IN
2026-08-01T02:38,u4448@contoso.example,Azure Portal,50055,Password expired,1 Sign-in fails,Mobile Apps and Desktop clients,IN
2026-08-01T02:40,u1630@contoso.example,Service Desk,50126,Invalid username or password,1 Sign-in fails,Browser,US
2026-08-01T02:51,u1161@contoso.example,Office 365 Exchange Online,50126,Invalid username or password,1 Sign-in fails,Mobile Apps and Desktop clients,US
2026-08-01T02:59,u1452@contoso.example,Office 365 Exchange Online,500121,MFA challenge failed,2 MFA problems,Mobile Apps and Desktop clients,GB
2026-08-01T03:02,u2837@contoso.example,Azure Portal,50126,Invalid username or password,1 Sign-in fails,Browser,DE
2026-08-01T03:21,u4675@contoso.example,VPN,90072,Guest account not in tenant,22 Guest access,Exchange ActiveSync,DE
2026-08-01T03:27,u1978@contoso.example,Service Desk,50053,Account locked (smart lockout),5 Lockout loop,Browser,GB
2026-08-01T03:30,u2002@contoso.example,Office 365 Exchange Online,50053,Account locked (smart lockout),5 Lockout loop,Browser,US
2026-08-01T03:31,u2274@contoso.example,Service Desk,53003,Blocked by Conditional Access,3 Conditional Access,Mobile Apps and Desktop clients,IN
2026-08-01T03:33,u3831@contoso.example,VPN,70043,Sign-in frequency expired,6 Repeated prompts,Exchange ActiveSync,IN
2026-08-01T03:38,u4905@contoso.example,HR Portal,50126,Invalid username or password,1 Sign-in fails,Browser,GB
2026-08-01T03:40,u1610@contoso.example,Office 365 Exchange Online,90072,Guest account not in tenant,22 Guest access,Browser,US
2026-08-01T03:40,u3114@contoso.example,Payroll,50074,"MFA required, not completed",2 MFA problems,Mobile Apps and Desktop clients,GB
2026-08-01T03:56,u4319@contoso.example,Service Desk,50126,Invalid username or password,1 Sign-in fails,Browser,IN
2026-08-01T04:05,u4570@contoso.example,VPN,53000,Device not compliant,15 Compliance and PRT,Mobile Apps and Desktop clients,IN
2026-08-01T04:05,u4405@contoso.example,Service Desk,50074,"MFA required, not completed",2 MFA problems,Mobile Apps and Desktop clients,GB
2026-08-01T04:07,u3935@contoso.example,Azure Portal,50126,Invalid username or password,1 Sign-in fails,Mobile Apps and Desktop clients,SG
2026-08-01T04:12,u3266@contoso.example,CRM,50126,Invalid username or password,1 Sign-in fails,Browser,US
2026-08-01T04:22,u1437@contoso.example,CRM,50011,Reply URL mismatch,7 App authentication,Browser,GB
2026-08-01T04:26,u4862@contoso.example,Microsoft Teams,50105,User not assigned to app,9 Assignment and consent,Browser,US
2026-08-01T04:40,u3173@contoso.example,HR Portal,50055,Password expired,1 Sign-in fails,Browser,SG
2026-08-01T04:59,u3284@contoso.example,HR Portal,50053,Account locked (smart lockout),5 Lockout loop,Browser,SG
2026-08-01T05:01,u4919@contoso.example,CRM,53003,Blocked by Conditional Access,3 Conditional Access,Browser,US
2026-08-01T05:08,u2851@contoso.example,Service Desk,53003,Blocked by Conditional Access,3 Conditional Access,Browser,GB
2026-08-01T05:15,u2351@contoso.example,Microsoft Teams,53003,Blocked by Conditional Access,3 Conditional Access,Exchange ActiveSync,IN
2026-08-01T05:21,u3361@contoso.example,Azure Portal,50126,Invalid username or password,1 Sign-in fails,IMAP4,IN
2026-08-01T05:29,u3345@contoso.example,Azure Portal,50126,Invalid username or password,1 Sign-in fails,Mobile Apps and Desktop clients,DE
2026-08-01T05:33,u2762@contoso.example,VPN,500121,MFA challenge failed,2 MFA problems,Mobile Apps and Desktop clients,IN
2026-08-01T05:36,u3833@contoso.example,CRM,65001,Consent not granted,9 Assignment and consent,Browser,IN
2026-08-01T05:37,u2432@contoso.example,SharePoint Online,50053,Account locked (smart lockout),5 Lockout loop,Browser,IN
2026-08-01T06:05,u2098@contoso.example,HR Portal,50074,"MFA required, not completed",2 MFA problems,Mobile Apps and Desktop clients,GB
2026-08-01T06:05,u2327@contoso.example,VPN,50126,Invalid username or password,1 Sign-in fails,Browser,IN
2026-08-01T06:24,u1332@contoso.example,SharePoint Online,70043,Sign-in frequency expired,6 Repeated prompts,Browser,US
2026-08-01T06:26,u4861@contoso.example,VPN,50055,Password expired,1 Sign-in fails,Browser,IN
2026-08-01T06:30,u2895@contoso.example,Payroll,50126,Invalid username or password,1 Sign-in fails,Browser,IN
2026-08-01T06:40,u1743@contoso.example,SharePoint Online,50053,Account locked (smart lockout),5 Lockout loop,Mobile Apps and Desktop clients,IN
2026-08-01T06:49,u2175@contoso.example,VPN,70043,Sign-in frequency expired,6 Repeated prompts,IMAP4,US
2026-08-01T06:52,u2862@contoso.example,Service Desk,50126,Invalid username or password,1 Sign-in fails,Browser,IN
2026-08-01T06:56,u4793@contoso.example,CRM,53003,Blocked by Conditional Access,3 Conditional Access,Mobile Apps and Desktop clients,IN
2026-08-01T07:02,u4299@contoso.example,CRM,90072,Guest account not in tenant,22 Guest access,Mobile Apps and Desktop clients,IN
2026-08-01T07:05,u2153@contoso.example,VPN,50074,"MFA required, not completed",2 MFA problems,Exchange ActiveSync,DE
2026-08-01T07:16,u3000@contoso.example,Office 365 Exchange Online,53000,Device not compliant,15 Compliance and PRT,Browser,IN
2026-08-01T07:35,u4486@contoso.example,Microsoft Teams,50126,Invalid username or password,1 Sign-in fails,Browser,SG
2026-08-01T07:46,u3367@contoso.example,Payroll,53003,Blocked by Conditional Access,3 Conditional Access,Browser,IN
2026-08-01T07:47,u1803@contoso.example,Azure Portal,50074,"MFA required, not completed",2 MFA problems,Browser,IN
2026-08-01T07:54,u4325@contoso.example,Payroll,50057,Account disabled,1 Sign-in fails,Browser,US
2026-08-01T07:54,u4555@contoso.example,Service Desk,50053,Account locked (smart lockout),5 Lockout loop,Mobile Apps and Desktop clients,US
2026-08-01T07:55,u2556@contoso.example,Azure Portal,500121,MFA challenge failed,2 MFA problems,Browser,GB
2026-08-01T07:55,u2665@contoso.example,SharePoint Online,50126,Invalid username or password,1 Sign-in fails,Mobile Apps and Desktop clients,IN
2026-08-01T07:57,u3925@contoso.example,Azure Portal,50074,"MFA required, not completed",2 MFA problems,Mobile Apps and Desktop clients,US
2026-08-01T08:21,u3192@contoso.example,CRM,50105,User not assigned to app,9 Assignment and consent,Browser,US
2026-08-01T08:23,u1201@contoso.example,Office 365 Exchange Online,50055,Password expired,1 Sign-in fails,Mobile Apps and Desktop clients,US
2026-08-01T08:32,u3735@contoso.example,Payroll,53003,Blocked by Conditional Access,3 Conditional Access,Browser,US
2026-08-01T08:39,u3345@contoso.example,VPN,50126,Invalid username or password,1 Sign-in fails,Exchange ActiveSync,DE
2026-08-01T08:40,u1633@contoso.example,Microsoft Teams,50105,User not assigned to app,9 Assignment and consent,Browser,IN
2026-08-01T08:50,u3318@contoso.example,Office 365 Exchange Online,50055,Password expired,1 Sign-in fails,Mobile Apps and Desktop clients,US
2026-08-01T08:51,u4626@contoso.example,Microsoft Teams,50126,Invalid username or password,1 Sign-in fails,Mobile Apps and Desktop clients,IN
2026-08-01T09:02,u2081@contoso.example,SharePoint Online,90072,Guest account not in tenant,22 Guest access,Browser,IN
2026-08-01T09:04,u4594@contoso.example,Office 365 Exchange Online,70043,Sign-in frequency expired,6 Repeated prompts,Mobile Apps and Desktop clients,IN
2026-08-01T09:17,u3476@contoso.example,HR Portal,50126,Invalid username or password,1 Sign-in fails,Browser,US
2026-08-01T09:33,u2333@contoso.example,SharePoint Online,50126,Invalid username or password,1 Sign-in fails,Mobile Apps and Desktop clients,IN
2026-08-01T09:36,u1469@contoso.example,VPN,90072,Guest account not in tenant,22 Guest access,Browser,DE
2026-08-01T09:44,u1125@contoso.example,Payroll,50126,Invalid username or password,1 Sign-in fails,Browser,IN
2026-08-01T09:59,u3177@contoso.example,Service Desk,50105,User not assigned to app,9 Assignment and consent,Mobile Apps and Desktop clients,IN
2026-08-01T10:06,u2018@contoso.example,HR Portal,53003,Blocked by Conditional Access,3 Conditional Access,Mobile Apps and Desktop clients,IN
2026-08-01T10:07,u1524@contoso.example,Payroll,50126,Invalid username or password,1 Sign-in fails,Browser,US
2026-08-01T10:10,u2877@contoso.example,Microsoft Teams,50011,Reply URL mismatch,7 App authentication,Browser,IN
2026-08-01T10:17,u3575@contoso.example,Microsoft Teams,50055,Password expired,1 Sign-in fails,Browser,SG
2026-08-01T10:21,u3463@contoso.example,Microsoft Teams,50074,"MFA required, not completed",2 MFA problems,Browser,IN
2026-08-01T10:28,u4895@contoso.example,VPN,53003,Blocked by Conditional Access,3 Conditional Access,Browser,US
2026-08-01T10:29,u3382@contoso.example,Azure Portal,50053,Account locked (smart lockout),5 Lockout loop,Mobile Apps and Desktop clients,IN
2026-08-01T10:31,u2168@contoso.example,Payroll,500121,MFA challenge failed,2 MFA problems,Browser,IN
2026-08-01T10:33,u3048@contoso.example,Payroll,50158,External MFA challenge not met,2 MFA problems,Browser,IN
2026-08-01T10:51,u3939@contoso.example,Payroll,500121,MFA challenge failed,2 MFA problems,Exchange ActiveSync,IN
2026-08-01T10:53,u2388@contoso.example,CRM,50074,"MFA required, not completed",2 MFA problems,Browser,IN
2026-08-01T11:10,u3724@contoso.example,Microsoft Teams,50126,Invalid username or password,1 Sign-in fails,Mobile Apps and Desktop clients,GB
2026-08-01T11:24,u1890@contoso.example,VPN,53000,Device not compliant,15 Compliance and PRT,Browser,DE
2026-08-01T11:43,u2026@contoso.example,Microsoft Teams,50055,Password expired,1 Sign-in fails,Mobile Apps and Desktop clients,IN
2026-08-01T11:55,u2221@contoso.example,Service Desk,50057,Account disabled,1 Sign-in fails,Browser,IN
2026-08-01T12:01,u3720@contoso.example,Office 365 Exchange Online,53003,Blocked by Conditional Access,3 Conditional Access,Mobile Apps and Desktop clients,US
2026-08-01T12:04,u1298@contoso.example,CRM,50053,Account locked (smart lockout),5 Lockout loop,Browser,IN
2026-08-01T12:14,u4878@contoso.example,Service Desk,50074,"MFA required, not completed",2 MFA problems,Exchange ActiveSync,IN
2026-08-01T12:14,u3243@contoso.example,Microsoft Teams,50055,Password expired,1 Sign-in fails,Mobile Apps and Desktop clients,IN
2026-08-01T12:20,u3623@contoso.example,HR Portal,53003,Blocked by Conditional Access,3 Conditional Access,Mobile Apps and Desktop clients,IN
2026-08-01T12:30,u4227@contoso.example,Office 365 Exchange Online,50126,Invalid username or password,1 Sign-in fails,Mobile Apps and Desktop clients,US
2026-08-01T12:47,u3343@contoso.example,CRM,50055,Password expired,1 Sign-in fails,Browser,IN
2026-08-01T12:54,u3761@contoso.example,HR Portal,53003,Blocked by Conditional Access,3 Conditional Access,Browser,IN
2026-08-01T13:06,u4048@contoso.example,Microsoft Teams,53003,Blocked by Conditional Access,3 Conditional Access,Browser,GB
2026-08-01T13:08,u1280@contoso.example,VPN,50105,User not assigned to app,9 Assignment and consent,Browser,GB
2026-08-01T13:13,u4905@contoso.example,SharePoint Online,50126,Invalid username or password,1 Sign-in fails,Browser,US
2026-08-01T13:14,u3391@contoso.example,Azure Portal,53003,Blocked by Conditional Access,3 Conditional Access,Mobile Apps and Desktop clients,GB
2026-08-01T13:20,u2878@contoso.example,CRM,53000,Device not compliant,15 Compliance and PRT,Mobile Apps and Desktop clients,IN
2026-08-01T13:45,u3936@contoso.example,Service Desk,70043,Sign-in frequency expired,6 Repeated prompts,Browser,IN
2026-08-01T13:48,u2103@contoso.example,CRM,50074,"MFA required, not completed",2 MFA problems,Browser,IN
2026-08-01T13:50,u3899@contoso.example,SharePoint Online,50126,Invalid username or password,1 Sign-in fails,Mobile Apps and Desktop clients,IN
2026-08-01T13:56,u1356@contoso.example,Office 365 Exchange Online,50074,"MFA required, not completed",2 MFA problems,Mobile Apps and Desktop clients,IN
2026-08-01T14:21,u4459@contoso.example,Azure Portal,500121,MFA challenge failed,2 MFA problems,Mobile Apps and Desktop clients,GB
2026-08-01T14:23,u2223@contoso.example,VPN,50053,Account locked (smart lockout),5 Lockout loop,Mobile Apps and Desktop clients,IN
2026-08-01T14:25,u2174@contoso.example,Microsoft Teams,53003,Blocked by Conditional Access,3 Conditional Access,Browser,DE
2026-08-01T14:25,u1859@contoso.example,Service Desk,50126,Invalid username or password,1 Sign-in fails,Mobile Apps and Desktop clients,IN
2026-08-01T14:31,u1703@contoso.example,CRM,50055,Password expired,1 Sign-in fails,Browser,IN
2026-08-01T14:31,u1952@contoso.example,Office 365 Exchange Online,50074,"MFA required, not completed",2 MFA problems,Mobile Apps and Desktop clients,DE
2026-08-01T14:33,u2036@contoso.example,Service Desk,70043,Sign-in frequency expired,6 Repeated prompts,Mobile Apps and Desktop clients,GB
2026-08-01T14:43,u4529@contoso.example,Office 365 Exchange Online,50126,Invalid username or password,1 Sign-in fails,Browser,IN
2026-08-01T14:48,u4639@contoso.example,Microsoft Teams,50053,Account locked (smart lockout),5 Lockout loop,Browser,IN
2026-08-01T14:52,u1663@contoso.example,Payroll,50126,Invalid username or password,1 Sign-in fails,Mobile Apps and Desktop clients,IN
2026-08-01T14:53,u1147@contoso.example,Office 365 Exchange Online,53003,Blocked by Conditional Access,3 Conditional Access,Mobile Apps and Desktop clients,IN
2026-08-01T14:55,u3797@contoso.example,Payroll,50126,Invalid username or password,1 Sign-in fails,Mobile Apps and Desktop clients,IN
2026-08-01T15:11,u1391@contoso.example,Service Desk,53000,Device not compliant,15 Compliance and PRT,Browser,IN
2026-08-01T15:16,u3166@contoso.example,HR Portal,50074,"MFA required, not completed",2 MFA problems,Mobile Apps and Desktop clients,SG
2026-08-01T15:31,u4885@contoso.example,SharePoint Online,50126,Invalid username or password,1 Sign-in fails,Browser,SG
2026-08-01T15:38,u1585@contoso.example,Office 365 Exchange Online,90072,Guest account not in tenant,22 Guest access,Mobile Apps and Desktop clients,IN
2026-08-01T15:39,u3013@contoso.example,Payroll,500121,MFA challenge failed,2 MFA problems,Mobile Apps and Desktop clients,US
2026-08-01T15:44,u1385@contoso.example,Payroll,50053,Account locked (smart lockout),5 Lockout loop,Browser,GB
2026-08-01T15:54,u1611@contoso.example,CRM,70043,Sign-in frequency expired,6 Repeated prompts,Mobile Apps and Desktop clients,DE
2026-08-01T16:02,u2239@contoso.example,Microsoft Teams,50126,Invalid username or password,1 Sign-in fails,Mobile Apps and Desktop clients,IN
2026-08-01T16:11,u2943@contoso.example,HR Portal,70043,Sign-in frequency expired,6 Repeated prompts,Exchange ActiveSync,US
2026-08-01T16:15,u2572@contoso.example,SharePoint Online,50126,Invalid username or password,1 Sign-in fails,Mobile Apps and Desktop clients,GB
2026-08-01T16:16,u1758@contoso.example,HR Portal,50105,User not assigned to app,9 Assignment and consent,Browser,IN
2026-08-01T16:16,u4377@contoso.example,Service Desk,53000,Device not compliant,15 Compliance and PRT,Mobile Apps and Desktop clients,IN
2026-08-01T16:23,u4790@contoso.example,Service Desk,50057,Account disabled,1 Sign-in fails,Exchange ActiveSync,IN
2026-08-01T16:25,u2504@contoso.example,Payroll,500121,MFA challenge failed,2 MFA problems,Mobile Apps and Desktop clients,IN
2026-08-01T16:35,u2149@contoso.example,Service Desk,50126,Invalid username or password,1 Sign-in fails,Browser,IN
2026-08-01T16:50,u1877@contoso.example,Payroll,50074,"MFA required, not completed",2 MFA problems,Browser,IN
2026-08-01T16:53,u2495@contoso.example,Office 365 Exchange Online,70043,Sign-in frequency expired,6 Repeated prompts,Browser,IN
2026-08-01T17:21,u3850@contoso.example,HR Portal,50126,Invalid username or password,1 Sign-in fails,Mobile Apps and Desktop clients,IN
2026-08-01T17:30,u4318@contoso.example,SharePoint Online,53003,Blocked by Conditional Access,3 Conditional Access,Mobile Apps and Desktop clients,IN
2026-08-01T17:53,u4688@contoso.example,HR Portal,50126,Invalid username or password,1 Sign-in fails,Mobile Apps and Desktop clients,IN
2026-08-01T18:26,u3599@contoso.example,Microsoft Teams,53003,Blocked by Conditional Access,3 Conditional Access,Mobile Apps and Desktop clients,IN
2026-08-01T18:27,u2872@contoso.example,Azure Portal,53000,Device not compliant,15 Compliance and PRT,Mobile Apps and Desktop clients,IN
2026-08-01T18:28,u1918@contoso.example,SharePoint Online,50105,User not assigned to app,9 Assignment and consent,Browser,GB
2026-08-01T18:35,u3389@contoso.example,Service Desk,50126,Invalid username or password,1 Sign-in fails,Browser,GB
2026-08-01T18:41,u2251@contoso.example,Microsoft Teams,50126,Invalid username or password,1 Sign-in fails,Browser,IN
2026-08-01T18:43,u3057@contoso.example,Azure Portal,90072,Guest account not in tenant,22 Guest access,Mobile Apps and Desktop clients,DE
2026-08-01T18:44,u2484@contoso.example,Payroll,50158,External MFA challenge not met,2 MFA problems,Browser,IN
2026-08-01T18:46,u4308@contoso.example,HR Portal,50126,Invalid username or password,1 Sign-in fails,Mobile Apps and Desktop clients,IN
2026-08-01T18:46,u4972@contoso.example,Azure Portal,53000,Device not compliant,15 Compliance and PRT,Mobile Apps and Desktop clients,IN
2026-08-01T18:58,u2964@contoso.example,VPN,50126,Invalid username or password,1 Sign-in fails,Browser,IN
2026-08-01T19:00,u1034@contoso.example,Service Desk,50158,External MFA challenge not met,2 MFA problems,Browser,US
2026-08-01T19:10,u2919@contoso.example,HR Portal,50105,User not assigned to app,9 Assignment and consent,Mobile Apps and Desktop clients,IN
2026-08-01T19:33,u4194@contoso.example,Microsoft Teams,53003,Blocked by Conditional Access,3 Conditional Access,Browser,IN
2026-08-01T19:34,u3771@contoso.example,Office 365 Exchange Online,500121,MFA challenge failed,2 MFA problems,Mobile Apps and Desktop clients,IN
2026-08-01T19:37,u4845@contoso.example,Office 365 Exchange Online,53000,Device not compliant,15 Compliance and PRT,Exchange ActiveSync,DE
2026-08-01T19:40,u1347@contoso.example,Microsoft Teams,50105,User not assigned to app,9 Assignment and consent,IMAP4,US
2026-08-01T19:43,u3486@contoso.example,Microsoft Teams,50126,Invalid username or password,1 Sign-in fails,Browser,IN
2026-08-01T19:43,u3480@contoso.example,Office 365 Exchange Online,500121,MFA challenge failed,2 MFA problems,Mobile Apps and Desktop clients,SG
2026-08-01T19:50,u3679@contoso.example,Azure Portal,50126,Invalid username or password,1 Sign-in fails,Mobile Apps and Desktop clients,SG
2026-08-01T19:58,u2422@contoso.example,Microsoft Teams,50057,Account disabled,1 Sign-in fails,Mobile Apps and Desktop clients,SG
2026-08-01T19:58,u3814@contoso.example,VPN,500121,MFA challenge failed,2 MFA problems,Browser,IN
2026-08-01T20:04,u4117@contoso.example,HR Portal,500121,MFA challenge failed,2 MFA problems,Mobile Apps and Desktop clients,GB
2026-08-01T20:05,u2542@contoso.example,Payroll,53003,Blocked by Conditional Access,3 Conditional Access,Browser,IN
2026-08-01T20:28,u2481@contoso.example,VPN,50126,Invalid username or password,1 Sign-in fails,Browser,US
2026-08-01T20:34,u4638@contoso.example,VPN,50074,"MFA required, not completed",2 MFA problems,Mobile Apps and Desktop clients,US
2026-08-01T20:35,u4533@contoso.example,Azure Portal,50055,Password expired,1 Sign-in fails,Browser,IN
2026-08-01T20:51,u1582@contoso.example,VPN,90072,Guest account not in tenant,22 Guest access,Mobile Apps and Desktop clients,US
2026-08-01T20:53,u1935@contoso.example,HR Portal,50105,User not assigned to app,9 Assignment and consent,Mobile Apps and Desktop clients,IN
2026-08-01T21:02,u1985@contoso.example,Service Desk,53000,Device not compliant,15 Compliance and PRT,Mobile Apps and Desktop clients,US
2026-08-01T21:06,u4774@contoso.example,HR Portal,500121,MFA challenge failed,2 MFA problems,Mobile Apps and Desktop clients,IN
2026-08-01T21:11,u2283@contoso.example,Payroll,50074,"MFA required, not completed",2 MFA problems,Mobile Apps and Desktop clients,IN
2026-08-01T21:21,u3338@contoso.example,VPN,50053,Account locked (smart lockout),5 Lockout loop,Browser,IN
2026-08-01T21:32,u3139@contoso.example,CRM,50126,Invalid username or password,1 Sign-in fails,Browser,US
2026-08-01T21:36,u4106@contoso.example,Service Desk,50126,Invalid username or password,1 Sign-in fails,Mobile Apps and Desktop clients,US
2026-08-01T21:36,u2663@contoso.example,CRM,53003,Blocked by Conditional Access,3 Conditional Access,Browser,IN
2026-08-01T21:38,u4851@contoso.example,SharePoint Online,53003,Blocked by Conditional Access,3 Conditional Access,Mobile Apps and Desktop clients,GB
2026-08-01T21:41,u4974@contoso.example,CRM,50126,Invalid username or password,1 Sign-in fails,Exchange ActiveSync,US
2026-08-01T21:45,u2593@contoso.example,CRM,53003,Blocked by Conditional Access,3 Conditional Access,Mobile Apps and Desktop clients,IN
2026-08-01T21:50,u3810@contoso.example,Microsoft Teams,50057,Account disabled,1 Sign-in fails,Browser,US
2026-08-01T21:52,u1803@contoso.example,Azure Portal,53000,Device not compliant,15 Compliance and PRT,Browser,GB
2026-08-01T22:01,u4610@contoso.example,Azure Portal,50105,User not assigned to app,9 Assignment and consent,Mobile Apps and Desktop clients,US
2026-08-01T22:16,u4601@contoso.example,Office 365 Exchange Online,500121,MFA challenge failed,2 MFA problems,IMAP4,IN
2026-08-01T22:35,u1407@contoso.example,SharePoint Online,50011,Reply URL mismatch,7 App authentication,Exchange ActiveSync,US
2026-08-01T22:37,u3044@contoso.example,Payroll,50053,Account locked (smart lockout),5 Lockout loop,Mobile Apps and Desktop clients,GB
2026-08-01T22:42,u3236@contoso.example,Azure Portal,53003,Blocked by Conditional Access,3 Conditional Access,Mobile Apps and Desktop clients,IN
2026-08-01T23:03,u4286@contoso.example,Azure Portal,65001,Consent not granted,9 Assignment and consent,Browser,US
2026-08-01T23:09,u1602@contoso.example,SharePoint Online,50126,Invalid username or password,1 Sign-in fails,Mobile Apps and Desktop clients,US
2026-08-01T23:13,u4816@contoso.example,Payroll,50126,Invalid username or password,1 Sign-in fails,Browser,IN
2026-08-01T23:26,u2477@contoso.example,Service Desk,50126,Invalid username or password,1 Sign-in fails,Browser,IN
2026-08-01T23:27,u2644@contoso.example,Service Desk,50011,Reply URL mismatch,7 App authentication,Browser,GB
2026-08-01T23:38,u3594@contoso.example,Payroll,50011,Reply URL mismatch,7 App authentication,Browser,US
2026-08-01T23:40,u1752@contoso.example,VPN,50126,Invalid username or password,1 Sign-in fails,Browser,IN
2026-08-01T23:43,u2749@contoso.example,Microsoft Teams,50126,Invalid username or password,1 Sign-in fails,Browser,IN
2026-08-01T23:44,u4153@contoso.example,Microsoft Teams,50105,User not assigned to app,9 Assignment and consent,Mobile Apps and Desktop clients,IN
2026-08-01T23:46,u2621@contoso.example,Service Desk,50053,Account locked (smart lockout),5 Lockout loop,Mobile Apps and Desktop clients,US
2026-08-01T23:47,u3514@contoso.example,CRM,53003,Blocked by Conditional Access,3 Conditional Access,Mobile Apps and Desktop clients,IN
2026-08-02T00:16,u2777@contoso.example,CRM,50126,Invalid username or password,1 Sign-in fails,Browser,DE
2026-08-02T00:36,u4925@contoso.example,CRM,70043,Sign-in frequency expired,6 Repeated prompts,Browser,IN
2026-08-02T00:45,u4022@contoso.example,SharePoint Online,50126,Invalid username or password,1 Sign-in fails,Mobile Apps and Desktop clients,IN
2026-08-02T00:50,u2359@contoso.example,HR Portal,500121,MFA challenge failed,2 MFA problems,Mobile Apps and Desktop clients,IN
2026-08-02T01:01,u3018@contoso.example,Payroll,500121,MFA challenge failed,2 MFA problems,Mobile Apps and Desktop clients,IN
2026-08-02T01:03,u4902@contoso.example,Azure Portal,50126,Invalid username or password,1 Sign-in fails,Browser,US
2026-08-02T01:05,u4781@contoso.example,Payroll,50126,Invalid username or password,1 Sign-in fails,Mobile Apps and Desktop clients,US
2026-08-02T01:15,u4972@contoso.example,Payroll,50053,Account locked (smart lockout),5 Lockout loop,Mobile Apps and Desktop clients,US
2026-08-02T01:31,u2640@contoso.example,Microsoft Teams,50053,Account locked (smart lockout),5 Lockout loop,Browser,US
2026-08-02T01:33,u4823@contoso.example,Azure Portal,500121,MFA challenge failed,2 MFA problems,Exchange ActiveSync,IN
2026-08-02T01:36,u3005@contoso.example,VPN,500121,MFA challenge failed,2 MFA problems,Mobile Apps and Desktop clients,IN
2026-08-02T01:42,u3223@contoso.example,Service Desk,50053,Account locked (smart lockout),5 Lockout loop,Browser,IN
2026-08-02T02:10,u4877@contoso.example,CRM,53000,Device not compliant,15 Compliance and PRT,Mobile Apps and Desktop clients,IN
2026-08-02T02:11,u2904@contoso.example,Microsoft Teams,50126,Invalid username or password,1 Sign-in fails,Mobile Apps and Desktop clients,IN
2026-08-02T02:22,u3582@contoso.example,VPN,50074,"MFA required, not completed",2 MFA problems,Browser,DE
2026-08-02T02:40,u1189@contoso.example,HR Portal,50126,Invalid username or password,1 Sign-in fails,IMAP4,US
2026-08-02T02:45,u2610@contoso.example,Payroll,50126,Invalid username or password,1 Sign-in fails,Mobile Apps and Desktop clients,DE
2026-08-02T02:55,u4410@contoso.example,Payroll,50126,Invalid username or password,1 Sign-in fails,Browser,IN
2026-08-02T02:56,u3846@contoso.example,SharePoint Online,90072,Guest account not in tenant,22 Guest access,Browser,IN
2026-08-02T03:00,u1253@contoso.example,VPN,50074,"MFA required, not completed",2 MFA problems,Mobile Apps and Desktop clients,DE
2026-08-02T03:01,u4747@contoso.example,HR Portal,50105,User not assigned to app,9 Assignment and consent,Mobile Apps and Desktop clients,IN
2026-08-02T03:05,u3342@contoso.example,Service Desk,70043,Sign-in frequency expired,6 Repeated prompts,Mobile Apps and Desktop clients,IN
2026-08-02T03:19,u4037@contoso.example,Service Desk,53003,Blocked by Conditional Access,3 Conditional Access,Browser,IN
2026-08-02T03:30,u3103@contoso.example,SharePoint Online,50126,Invalid username or password,1 Sign-in fails,IMAP4,IN
2026-08-02T03:56,u2686@contoso.example,Payroll,50057,Account disabled,1 Sign-in fails,Browser,IN
2026-08-02T04:01,u4897@contoso.example,CRM,50055,Password expired,1 Sign-in fails,Mobile Apps and Desktop clients,SG
2026-08-02T04:13,u3945@contoso.example,SharePoint Online,65001,Consent not granted,9 Assignment and consent,IMAP4,IN
2026-08-02T04:23,u4270@contoso.example,CRM,65001,Consent not granted,9 Assignment and consent,Browser,IN
2026-08-02T04:36,u4122@contoso.example,Service Desk,50126,Invalid username or password,1 Sign-in fails,Mobile Apps and Desktop clients,US
2026-08-02T04:48,u3402@contoso.example,SharePoint Online,500121,MFA challenge failed,2 MFA problems,Mobile Apps and Desktop clients,IN
2026-08-02T05:06,u3444@contoso.example,CRM,53003,Blocked by Conditional Access,3 Conditional Access,Browser,US
2026-08-02T05:13,u4981@contoso.example,SharePoint Online,500121,MFA challenge failed,2 MFA problems,Browser,US
2026-08-02T05:13,u2562@contoso.example,CRM,50126,Invalid username or password,1 Sign-in fails,Mobile Apps and Desktop clients,US
2026-08-02T05:18,u1787@contoso.example,Office 365 Exchange Online,70043,Sign-in frequency expired,6 Repeated prompts,Browser,IN
2026-08-02T05:22,u4134@contoso.example,VPN,53000,Device not compliant,15 Compliance and PRT,Browser,IN
2026-08-02T05:23,u3526@contoso.example,SharePoint Online,50053,Account locked (smart lockout),5 Lockout loop,Browser,GB
2026-08-02T05:23,u2470@contoso.example,SharePoint Online,500121,MFA challenge failed,2 MFA problems,Mobile Apps and Desktop clients,US
2026-08-02T05:23,u2156@contoso.example,CRM,50126,Invalid username or password,1 Sign-in fails,Mobile Apps and Desktop clients,IN
2026-08-02T05:27,u1620@contoso.example,SharePoint Online,50011,Reply URL mismatch,7 App authentication,Browser,US
2026-08-02T05:32,u2623@contoso.example,CRM,50126,Invalid username or password,1 Sign-in fails,Mobile Apps and Desktop clients,US
2026-08-02T05:40,u1290@contoso.example,VPN,500121,MFA challenge failed,2 MFA problems,Exchange ActiveSync,US
2026-08-02T05:47,u2582@contoso.example,SharePoint Online,50105,User not assigned to app,9 Assignment and consent,Mobile Apps and Desktop clients,IN
2026-08-02T05:49,u2653@contoso.example,Azure Portal,53000,Device not compliant,15 Compliance and PRT,Browser,IN
2026-08-02T05:52,u3451@contoso.example,Office 365 Exchange Online,53000,Device not compliant,15 Compliance and PRT,Exchange ActiveSync,IN
2026-08-02T05:54,u1579@contoso.example,VPN,50074,"MFA required, not completed",2 MFA problems,Browser,GB
2026-08-02T05:57,u3583@contoso.example,Service Desk,50105,User not assigned to app,9 Assignment and consent,Browser,DE
2026-08-02T06:04,u1465@contoso.example,Azure Portal,53000,Device not compliant,15 Compliance and PRT,Mobile Apps and Desktop clients,IN
2026-08-02T06:04,u4418@contoso.example,Azure Portal,53000,Device not compliant,15 Compliance and PRT,Mobile Apps and Desktop clients,SG
2026-08-02T06:05,u3728@contoso.example,Microsoft Teams,53003,Blocked by Conditional Access,3 Conditional Access,Mobile Apps and Desktop clients,IN
2026-08-02T06:13,u4737@contoso.example,Payroll,50057,Account disabled,1 Sign-in fails,Browser,GB
2026-08-02T06:23,u3531@contoso.example,Payroll,50074,"MFA required, not completed",2 MFA problems,Exchange ActiveSync,IN
2026-08-02T06:27,u4646@contoso.example,Payroll,50126,Invalid username or password,1 Sign-in fails,Mobile Apps and Desktop clients,IN
2026-08-02T06:32,u1193@contoso.example,Service Desk,50126,Invalid username or password,1 Sign-in fails,Browser,IN
2026-08-02T06:38,u4741@contoso.example,HR Portal,50055,Password expired,1 Sign-in fails,Mobile Apps and Desktop clients,GB
2026-08-02T06:40,u4327@contoso.example,Microsoft Teams,50126,Invalid username or password,1 Sign-in fails,Browser,IN
2026-08-02T06:40,u2363@contoso.example,Payroll,53003,Blocked by Conditional Access,3 Conditional Access,Browser,IN
2026-08-02T06:45,u3405@contoso.example,Payroll,65001,Consent not granted,9 Assignment and consent,Browser,US
2026-08-02T06:46,u4503@contoso.example,SharePoint Online,50126,Invalid username or password,1 Sign-in fails,Mobile Apps and Desktop clients,IN
2026-08-02T06:50,u4831@contoso.example,Payroll,50074,"MFA required, not completed",2 MFA problems,Browser,IN
2026-08-02T06:51,u3856@contoso.example,SharePoint Online,53003,Blocked by Conditional Access,3 Conditional Access,Browser,IN
2026-08-02T06:59,u1332@contoso.example,Office 365 Exchange Online,50105,User not assigned to app,9 Assignment and consent,Exchange ActiveSync,GB
2026-08-02T07:26,u4929@contoso.example,Payroll,53003,Blocked by Conditional Access,3 Conditional Access,Browser,GB
2026-08-02T07:28,u4533@contoso.example,SharePoint Online,50053,Account locked (smart lockout),5 Lockout loop,Browser,IN
2026-08-02T07:37,u1738@contoso.example,Service Desk,53003,Blocked by Conditional Access,3 Conditional Access,Mobile Apps and Desktop clients,IN
2026-08-02T07:44,u2986@contoso.example,Payroll,50126,Invalid username or password,1 Sign-in fails,Browser,DE
2026-08-02T07:44,u3958@contoso.example,HR Portal,50055,Password expired,1 Sign-in fails,Browser,IN
2026-08-02T07:52,u2944@contoso.example,HR Portal,50105,User not assigned to app,9 Assignment and consent,Browser,IN
2026-08-02T07:53,u2125@contoso.example,SharePoint Online,50053,Account locked (smart lockout),5 Lockout loop,Browser,IN
2026-08-02T08:05,u4198@contoso.example,Microsoft Teams,50126,Invalid username or password,1 Sign-in fails,Browser,DE
2026-08-02T08:06,u3400@contoso.example,Microsoft Teams,50105,User not assigned to app,9 Assignment and consent,Browser,IN
2026-08-02T08:10,u4782@contoso.example,SharePoint Online,53003,Blocked by Conditional Access,3 Conditional Access,Browser,US
2026-08-02T08:10,u4410@contoso.example,SharePoint Online,70043,Sign-in frequency expired,6 Repeated prompts,Browser,IN
2026-08-02T08:29,u2667@contoso.example,Azure Portal,53003,Blocked by Conditional Access,3 Conditional Access,Browser,GB
2026-08-02T08:44,u3037@contoso.example,HR Portal,53000,Device not compliant,15 Compliance and PRT,Browser,US
2026-08-02T09:02,u4548@contoso.example,VPN,50126,Invalid username or password,1 Sign-in fails,Exchange ActiveSync,IN
2026-08-02T09:08,u1342@contoso.example,VPN,53003,Blocked by Conditional Access,3 Conditional Access,Browser,US
2026-08-02T09:22,u1990@contoso.example,VPN,50126,Invalid username or password,1 Sign-in fails,Browser,IN
2026-08-02T09:39,u1644@contoso.example,Service Desk,53003,Blocked by Conditional Access,3 Conditional Access,Browser,GB
2026-08-02T09:54,u4521@contoso.example,HR Portal,50055,Password expired,1 Sign-in fails,Mobile Apps and Desktop clients,IN
2026-08-02T10:08,u4783@contoso.example,Azure Portal,53003,Blocked by Conditional Access,3 Conditional Access,Browser,IN
2026-08-02T10:17,u1671@contoso.example,Azure Portal,50126,Invalid username or password,1 Sign-in fails,Browser,IN
2026-08-02T10:20,u4776@contoso.example,Microsoft Teams,500121,MFA challenge failed,2 MFA problems,Mobile Apps and Desktop clients,US
2026-08-02T10:30,u2762@contoso.example,Microsoft Teams,50126,Invalid username or password,1 Sign-in fails,Browser,IN
2026-08-02T10:37,u1249@contoso.example,CRM,50055,Password expired,1 Sign-in fails,Mobile Apps and Desktop clients,IN
2026-08-02T10:53,u3340@contoso.example,Office 365 Exchange Online,50126,Invalid username or password,1 Sign-in fails,Mobile Apps and Desktop clients,DE
2026-08-02T10:59,u2611@contoso.example,VPN,53003,Blocked by Conditional Access,3 Conditional Access,Mobile Apps and Desktop clients,US
2026-08-02T11:01,u1550@contoso.example,SharePoint Online,50053,Account locked (smart lockout),5 Lockout loop,Browser,US
2026-08-02T11:12,u2262@contoso.example,CRM,50055,Password expired,1 Sign-in fails,Browser,GB
2026-08-02T11:14,u3706@contoso.example,Microsoft Teams,50126,Invalid username or password,1 Sign-in fails,Mobile Apps and Desktop clients,US
2026-08-02T11:15,u2384@contoso.example,Azure Portal,53003,Blocked by Conditional Access,3 Conditional Access,Browser,IN
2026-08-02T11:18,u3793@contoso.example,Azure Portal,50126,Invalid username or password,1 Sign-in fails,Mobile Apps and Desktop clients,SG
2026-08-02T11:28,u2666@contoso.example,Payroll,50126,Invalid username or password,1 Sign-in fails,Exchange ActiveSync,US
2026-08-02T11:31,u3009@contoso.example,Service Desk,50126,Invalid username or password,1 Sign-in fails,Mobile Apps and Desktop clients,US
2026-08-02T11:42,u2332@contoso.example,SharePoint Online,70043,Sign-in frequency expired,6 Repeated prompts,Mobile Apps and Desktop clients,IN
2026-08-02T11:51,u2893@contoso.example,Microsoft Teams,50126,Invalid username or password,1 Sign-in fails,Mobile Apps and Desktop clients,US
2026-08-02T11:51,u3661@contoso.example,HR Portal,53000,Device not compliant,15 Compliance and PRT,Mobile Apps and Desktop clients,SG
2026-08-02T11:53,u1429@contoso.example,Azure Portal,50074,"MFA required, not completed",2 MFA problems,Browser,IN
2026-08-02T12:09,u4135@contoso.example,Office 365 Exchange Online,50053,Account locked (smart lockout),5 Lockout loop,Mobile Apps and Desktop clients,GB
2026-08-02T12:18,u1216@contoso.example,SharePoint Online,50126,Invalid username or password,1 Sign-in fails,Browser,IN
2026-08-02T12:21,u4459@contoso.example,SharePoint Online,50126,Invalid username or password,1 Sign-in fails,Browser,SG
2026-08-02T12:28,u1925@contoso.example,Azure Portal,53000,Device not compliant,15 Compliance and PRT,Mobile Apps and Desktop clients,GB
2026-08-02T12:32,u1155@contoso.example,CRM,50074,"MFA required, not completed",2 MFA problems,Mobile Apps and Desktop clients,IN
2026-08-02T12:53,u2052@contoso.example,VPN,53003,Blocked by Conditional Access,3 Conditional Access,Browser,IN
2026-08-02T12:58,u2320@contoso.example,Microsoft Teams,50074,"MFA required, not completed",2 MFA problems,Mobile Apps and Desktop clients,GB
2026-08-02T13:13,u4415@contoso.example,Azure Portal,50126,Invalid username or password,1 Sign-in fails,Browser,IN
2026-08-02T13:22,u4010@contoso.example,SharePoint Online,70043,Sign-in frequency expired,6 Repeated prompts,Mobile Apps and Desktop clients,IN
2026-08-02T13:22,u4063@contoso.example,Azure Portal,50126,Invalid username or password,1 Sign-in fails,Mobile Apps and Desktop clients,GB
2026-08-02T13:30,u3453@contoso.example,VPN,50105,User not assigned to app,9 Assignment and consent,Browser,SG
2026-08-02T13:43,u3636@contoso.example,Service Desk,50053,Account locked (smart lockout),5 Lockout loop,Browser,GB
2026-08-02T13:47,u3395@contoso.example,HR Portal,500121,MFA challenge failed,2 MFA problems,Browser,IN
2026-08-02T13:48,u3680@contoso.example,CRM,50126,Invalid username or password,1 Sign-in fails,Browser,IN
2026-08-02T14:00,u1517@contoso.example,Microsoft Teams,53000,Device not compliant,15 Compliance and PRT,Browser,US
2026-08-02T14:12,u4794@contoso.example,Office 365 Exchange Online,50126,Invalid username or password,1 Sign-in fails,Browser,IN
2026-08-02T14:13,u4680@contoso.example,Microsoft Teams,50126,Invalid username or password,1 Sign-in fails,Browser,IN
2026-08-02T14:14,u1346@contoso.example,Microsoft Teams,50126,Invalid username or password,1 Sign-in fails,Mobile Apps and Desktop clients,IN
2026-08-02T14:21,u1831@contoso.example,Service Desk,53000,Device not compliant,15 Compliance and PRT,Exchange ActiveSync,US
2026-08-02T14:21,u3337@contoso.example,Payroll,50105,User not assigned to app,9 Assignment and consent,Browser,IN
2026-08-02T14:25,u3706@contoso.example,Azure Portal,50053,Account locked (smart lockout),5 Lockout loop,Browser,IN
2026-08-02T14:36,u1954@contoso.example,HR Portal,50126,Invalid username or password,1 Sign-in fails,Mobile Apps and Desktop clients,GB
2026-08-02T14:37,u3264@contoso.example,Azure Portal,50011,Reply URL mismatch,7 App authentication,Browser,IN
2026-08-02T14:59,u1790@contoso.example,Office 365 Exchange Online,50126,Invalid username or password,1 Sign-in fails,Mobile Apps and Desktop clients,US
2026-08-02T15:06,u3847@contoso.example,CRM,53000,Device not compliant,15 Compliance and PRT,Browser,DE
2026-08-02T15:08,u1381@contoso.example,Service Desk,50074,"MFA required, not completed",2 MFA problems,Browser,DE
2026-08-02T15:13,u3901@contoso.example,Azure Portal,50074,"MFA required, not completed",2 MFA problems,Browser,IN
2026-08-02T15:27,u3020@contoso.example,Service Desk,50105,User not assigned to app,9 Assignment and consent,Browser,GB
2026-08-02T15:50,u3848@contoso.example,Service Desk,50126,Invalid username or password,1 Sign-in fails,Browser,IN
2026-08-02T15:50,u3727@contoso.example,Payroll,500121,MFA challenge failed,2 MFA problems,Mobile Apps and Desktop clients,US
2026-08-02T15:52,u2138@contoso.example,Office 365 Exchange Online,50105,User not assigned to app,9 Assignment and consent,Browser,IN
2026-08-02T16:01,u2365@contoso.example,HR Portal,50074,"MFA required, not completed",2 MFA problems,Browser,IN
2026-08-02T16:06,u1595@contoso.example,Office 365 Exchange Online,53003,Blocked by Conditional Access,3 Conditional Access,Mobile Apps and Desktop clients,GB
2026-08-02T16:07,u4889@contoso.example,Azure Portal,50105,User not assigned to app,9 Assignment and consent,Browser,US
2026-08-02T16:25,u4956@contoso.example,VPN,50126,Invalid username or password,1 Sign-in fails,Browser,GB
2026-08-02T16:48,u1129@contoso.example,VPN,50126,Invalid username or password,1 Sign-in fails,Browser,SG
2026-08-02T16:52,u4468@contoso.example,Microsoft Teams,50126,Invalid username or password,1 Sign-in fails,Browser,IN
2026-08-02T16:53,u3101@contoso.example,CRM,50057,Account disabled,1 Sign-in fails,Mobile Apps and Desktop clients,DE
2026-08-02T16:58,u3765@contoso.example,Payroll,65001,Consent not granted,9 Assignment and consent,Mobile Apps and Desktop clients,IN
2026-08-02T17:03,u3622@contoso.example,CRM,50053,Account locked (smart lockout),5 Lockout loop,Mobile Apps and Desktop clients,IN
2026-08-02T17:39,u4294@contoso.example,Payroll,50126,Invalid username or password,1 Sign-in fails,Mobile Apps and Desktop clients,IN
2026-08-02T17:48,u3236@contoso.example,HR Portal,50126,Invalid username or password,1 Sign-in fails,Browser,US
2026-08-02T17:49,u1601@contoso.example,Microsoft Teams,50053,Account locked (smart lockout),5 Lockout loop,Browser,SG
2026-08-02T17:53,u2775@contoso.example,Microsoft Teams,53003,Blocked by Conditional Access,3 Conditional Access,Exchange ActiveSync,GB
2026-08-02T17:59,u2561@contoso.example,Azure Portal,50126,Invalid username or password,1 Sign-in fails,Mobile Apps and Desktop clients,US
2026-08-02T18:01,u2263@contoso.example,Payroll,50074,"MFA required, not completed",2 MFA problems,Browser,DE
2026-08-02T18:08,u1404@contoso.example,Office 365 Exchange Online,50126,Invalid username or password,1 Sign-in fails,Browser,IN
2026-08-02T18:10,u2547@contoso.example,SharePoint Online,50053,Account locked (smart lockout),5 Lockout loop,Mobile Apps and Desktop clients,IN
2026-08-02T18:16,u4345@contoso.example,HR Portal,53003,Blocked by Conditional Access,3 Conditional Access,Mobile Apps and Desktop clients,US
2026-08-02T18:24,u4774@contoso.example,Microsoft Teams,50126,Invalid username or password,1 Sign-in fails,Browser,US
2026-08-02T18:40,u3065@contoso.example,SharePoint Online,50011,Reply URL mismatch,7 App authentication,Browser,US
2026-08-02T18:45,u1527@contoso.example,HR Portal,50053,Account locked (smart lockout),5 Lockout loop,Mobile Apps and Desktop clients,IN
2026-08-02T18:48,u4648@contoso.example,SharePoint Online,50074,"MFA required, not completed",2 MFA problems,Browser,IN
2026-08-02T18:56,u4104@contoso.example,Microsoft Teams,50126,Invalid username or password,1 Sign-in fails,Browser,IN
2026-08-02T18:58,u4854@contoso.example,VPN,500121,MFA challenge failed,2 MFA problems,Browser,DE
2026-08-02T19:00,u1555@contoso.example,Azure Portal,500121,MFA challenge failed,2 MFA problems,Browser,IN
2026-08-02T19:00,u3560@contoso.example,CRM,50126,Invalid username or password,1 Sign-in fails,Browser,IN
2026-08-02T19:02,u2964@contoso.example,CRM,50055,Password expired,1 Sign-in fails,Mobile Apps and Desktop clients,US
2026-08-02T19:32,u4643@contoso.example,Azure Portal,50126,Invalid username or password,1 Sign-in fails,Mobile Apps and Desktop clients,US
2026-08-02T19:34,u4681@contoso.example,VPN,50011,Reply URL mismatch,7 App authentication,Browser,IN
2026-08-02T19:35,u3656@contoso.example,VPN,70043,Sign-in frequency expired,6 Repeated prompts,Browser,SG
2026-08-02T19:56,u4125@contoso.example,SharePoint Online,50126,Invalid username or password,1 Sign-in fails,Browser,US
2026-08-02T20:04,u1793@contoso.example,Service Desk,50126,Invalid username or password,1 Sign-in fails,Browser,IN
2026-08-02T20:06,u1905@contoso.example,Microsoft Teams,50126,Invalid username or password,1 Sign-in fails,IMAP4,IN
2026-08-02T20:29,u1630@contoso.example,VPN,50053,Account locked (smart lockout),5 Lockout loop,Mobile Apps and Desktop clients,GB
2026-08-02T20:43,u1890@contoso.example,Service Desk,50126,Invalid username or password,1 Sign-in fails,Mobile Apps and Desktop clients,IN
2026-08-02T20:48,u2842@contoso.example,HR Portal,65001,Consent not granted,9 Assignment and consent,Browser,IN
2026-08-02T20:48,u3783@contoso.example,Microsoft Teams,50074,"MFA required, not completed",2 MFA problems,Mobile Apps and Desktop clients,US
2026-08-02T20:50,u3999@contoso.example,Office 365 Exchange Online,50126,Invalid username or password,1 Sign-in fails,IMAP4,SG
2026-08-02T20:52,u4605@contoso.example,Azure Portal,50126,Invalid username or password,1 Sign-in fails,Browser,IN
2026-08-02T20:56,u3086@contoso.example,Payroll,50053,Account locked (smart lockout),5 Lockout loop,Mobile Apps and Desktop clients,US
2026-08-02T21:08,u1732@contoso.example,Payroll,50126,Invalid username or password,1 Sign-in fails,Browser,IN
2026-08-02T21:33,u2044@contoso.example,VPN,50126,Invalid username or password,1 Sign-in fails,Mobile Apps and Desktop clients,IN
2026-08-02T21:35,u3122@contoso.example,HR Portal,50053,Account locked (smart lockout),5 Lockout loop,Browser,IN
2026-08-02T21:39,u3850@contoso.example,CRM,53003,Blocked by Conditional Access,3 Conditional Access,Browser,US
2026-08-02T21:41,u3490@contoso.example,Azure Portal,50057,Account disabled,1 Sign-in fails,Mobile Apps and Desktop clients,IN
2026-08-02T21:46,u4740@contoso.example,SharePoint Online,500121,MFA challenge failed,2 MFA problems,Browser,IN
2026-08-02T21:50,u1149@contoso.example,CRM,50126,Invalid username or password,1 Sign-in fails,Browser,US
2026-08-02T21:59,u3464@contoso.example,Microsoft Teams,53003,Blocked by Conditional Access,3 Conditional Access,Mobile Apps and Desktop clients,GB
2026-08-02T22:05,u3031@contoso.example,HR Portal,53000,Device not compliant,15 Compliance and PRT,Mobile Apps and Desktop clients,US
2026-08-02T22:10,u1274@contoso.example,Azure Portal,50074,"MFA required, not completed",2 MFA problems,Browser,IN
2026-08-02T22:13,u1764@contoso.example,Azure Portal,53000,Device not compliant,15 Compliance and PRT,Mobile Apps and Desktop clients,US
2026-08-02T22:22,u2286@contoso.example,Azure Portal,50074,"MFA required, not completed",2 MFA problems,Browser,IN
2026-08-02T22:22,u2673@contoso.example,CRM,50126,Invalid username or password,1 Sign-in fails,Browser,IN
2026-08-02T22:36,u3542@contoso.example,Office 365 Exchange Online,70043,Sign-in frequency expired,6 Repeated prompts,Mobile Apps and Desktop clients,IN
2026-08-02T22:45,u2660@contoso.example,Microsoft Teams,53000,Device not compliant,15 Compliance and PRT,Browser,US
2026-08-02T22:48,u4397@contoso.example,VPN,50011,Reply URL mismatch,7 App authentication,Mobile Apps and Desktop clients,GB
2026-08-02T22:55,u2480@contoso.example,Azure Portal,50126,Invalid username or password,1 Sign-in fails,Exchange ActiveSync,IN
2026-08-02T23:12,u2850@contoso.example,Azure Portal,50126,Invalid username or password,1 Sign-in fails,Mobile Apps and Desktop clients,GB
2026-08-02T23:12,u3982@contoso.example,SharePoint Online,50074,"MFA required, not completed",2 MFA problems,Browser,GB
2026-08-02T23:13,u1339@contoso.example,Azure Portal,50055,Password expired,1 Sign-in fails,Browser,IN
2026-08-02T23:18,u1272@contoso.example,VPN,50053,Account locked (smart lockout),5 Lockout loop,Mobile Apps and Desktop clients,IN
2026-08-02T23:27,u3988@contoso.example,CRM,50126,Invalid username or password,1 Sign-in fails,Mobile Apps and Desktop clients,SG
2026-08-02T23:29,u4383@contoso.example,Service Desk,50074,"MFA required, not completed",2 MFA problems,Browser,IN
2026-08-03T00:04,u3024@contoso.example,Payroll,50053,Account locked (smart lockout),5 Lockout loop,Mobile Apps and Desktop clients,IN
2026-08-03T00:05,u3689@contoso.example,Microsoft Teams,50074,"MFA required, not completed",2 MFA problems,Exchange ActiveSync,DE
2026-08-03T00:08,u1247@contoso.example,SharePoint Online,50126,Invalid username or password,1 Sign-in fails,Browser,IN
2026-08-03T00:13,u3454@contoso.example,Office 365 Exchange Online,500121,MFA challenge failed,2 MFA problems,Browser,IN
2026-08-03T00:25,u2443@contoso.example,Payroll,50053,Account locked (smart lockout),5 Lockout loop,Browser,US
2026-08-03T00:28,u3903@contoso.example,Azure Portal,50126,Invalid username or password,1 Sign-in fails,Browser,DE
2026-08-03T00:36,u2128@contoso.example,HR Portal,50126,Invalid username or password,1 Sign-in fails,Mobile Apps and Desktop clients,IN
2026-08-03T00:38,u1421@contoso.example,Payroll,50126,Invalid username or password,1 Sign-in fails,Browser,IN
2026-08-03T00:48,u2710@contoso.example,CRM,50126,Invalid username or password,1 Sign-in fails,Mobile Apps and Desktop clients,US
2026-08-03T00:50,u4730@contoso.example,HR Portal,50055,Password expired,1 Sign-in fails,Browser,DE
2026-08-03T00:50,u2274@contoso.example,VPN,50053,Account locked (smart lockout),5 Lockout loop,IMAP4,IN
2026-08-03T00:51,u1971@contoso.example,Office 365 Exchange Online,53003,Blocked by Conditional Access,3 Conditional Access,Browser,IN
2026-08-03T01:00,u3572@contoso.example,Azure Portal,50074,"MFA required, not completed",2 MFA problems,Mobile Apps and Desktop clients,IN
2026-08-03T01:08,u3013@contoso.example,Office 365 Exchange Online,50057,Account disabled,1 Sign-in fails,Browser,IN
2026-08-03T01:24,u4776@contoso.example,Azure Portal,50074,"MFA required, not completed",2 MFA problems,Browser,US
2026-08-03T01:28,u2735@contoso.example,VPN,50074,"MFA required, not completed",2 MFA problems,Mobile Apps and Desktop clients,IN
2026-08-03T01:29,u1159@contoso.example,SharePoint Online,500121,MFA challenge failed,2 MFA problems,Mobile Apps and Desktop clients,GB
2026-08-03T01:35,u2271@contoso.example,Office 365 Exchange Online,53000,Device not compliant,15 Compliance and PRT,Browser,US
2026-08-03T01:55,u4056@contoso.example,HR Portal,50126,Invalid username or password,1 Sign-in fails,Mobile Apps and Desktop clients,IN
2026-08-03T02:02,u4924@contoso.example,CRM,50053,Account locked (smart lockout),5 Lockout loop,Mobile Apps and Desktop clients,US
2026-08-03T02:07,u1039@contoso.example,SharePoint Online,70043,Sign-in frequency expired,6 Repeated prompts,Mobile Apps and Desktop clients,IN
2026-08-03T02:13,u2932@contoso.example,VPN,50126,Invalid username or password,1 Sign-in fails,Browser,IN
2026-08-03T02:36,u2745@contoso.example,Service Desk,50126,Invalid username or password,1 Sign-in fails,Browser,US
2026-08-03T02:39,u1468@contoso.example,CRM,50011,Reply URL mismatch,7 App authentication,Browser,US
2026-08-03T02:40,u2458@contoso.example,HR Portal,50105,User not assigned to app,9 Assignment and consent,Browser,GB
2026-08-03T02:44,u1679@contoso.example,SharePoint Online,50126,Invalid username or password,1 Sign-in fails,Mobile Apps and Desktop clients,DE
2026-08-03T03:02,u1559@contoso.example,HR Portal,53003,Blocked by Conditional Access,3 Conditional Access,Mobile Apps and Desktop clients,IN
2026-08-03T03:06,u2124@contoso.example,Azure Portal,500121,MFA challenge failed,2 MFA problems,Browser,IN
2026-08-03T03:19,u4801@contoso.example,Microsoft Teams,50126,Invalid username or password,1 Sign-in fails,Mobile Apps and Desktop clients,IN
2026-08-03T03:33,u1923@contoso.example,HR Portal,50126,Invalid username or password,1 Sign-in fails,Mobile Apps and Desktop clients,IN
2026-08-03T03:39,u2173@contoso.example,VPN,53000,Device not compliant,15 Compliance and PRT,Browser,IN
2026-08-03T03:43,u1466@contoso.example,HR Portal,50126,Invalid username or password,1 Sign-in fails,Mobile Apps and Desktop clients,IN
2026-08-03T03:44,u4220@contoso.example,CRM,500121,MFA challenge failed,2 MFA problems,Browser,GB
2026-08-03T03:47,u4312@contoso.example,Service Desk,50053,Account locked (smart lockout),5 Lockout loop,Browser,IN
2026-08-03T03:52,u4711@contoso.example,Azure Portal,500121,MFA challenge failed,2 MFA problems,Browser,IN
2026-08-03T04:07,u3256@contoso.example,Microsoft Teams,50053,Account locked (smart lockout),5 Lockout loop,Mobile Apps and Desktop clients,IN
2026-08-03T04:09,u4426@contoso.example,Payroll,500121,MFA challenge failed,2 MFA problems,Mobile Apps and Desktop clients,US
2026-08-03T04:13,u2837@contoso.example,HR Portal,53003,Blocked by Conditional Access,3 Conditional Access,Mobile Apps and Desktop clients,DE
2026-08-03T04:23,u3711@contoso.example,Microsoft Teams,50074,"MFA required, not completed",2 MFA problems,Mobile Apps and Desktop clients,IN
2026-08-03T04:25,u2328@contoso.example,Payroll,50074,"MFA required, not completed",2 MFA problems,Mobile Apps and Desktop clients,IN
2026-08-03T04:38,u1514@contoso.example,HR Portal,50126,Invalid username or password,1 Sign-in fails,Mobile Apps and Desktop clients,IN
2026-08-03T04:53,u2354@contoso.example,Office 365 Exchange Online,500121,MFA challenge failed,2 MFA problems,Browser,IN
2026-08-03T04:59,u4130@contoso.example,Office 365 Exchange Online,50126,Invalid username or password,1 Sign-in fails,Browser,GB
2026-08-03T05:10,u2002@contoso.example,Office 365 Exchange Online,50074,"MFA required, not completed",2 MFA problems,Browser,IN
2026-08-03T05:14,u1435@contoso.example,HR Portal,53003,Blocked by Conditional Access,3 Conditional Access,Mobile Apps and Desktop clients,IN
2026-08-03T05:28,u3773@contoso.example,Service Desk,50055,Password expired,1 Sign-in fails,Browser,SG
2026-08-03T05:38,u2986@contoso.example,CRM,500121,MFA challenge failed,2 MFA problems,Mobile Apps and Desktop clients,IN
2026-08-03T05:45,u1812@contoso.example,Azure Portal,53000,Device not compliant,15 Compliance and PRT,Mobile Apps and Desktop clients,IN
2026-08-03T05:50,u1453@contoso.example,Microsoft Teams,50105,User not assigned to app,9 Assignment and consent,Mobile Apps and Desktop clients,US
2026-08-03T05:55,u3119@contoso.example,CRM,50053,Account locked (smart lockout),5 Lockout loop,Browser,US
2026-08-03T06:02,u2574@contoso.example,Microsoft Teams,50055,Password expired,1 Sign-in fails,IMAP4,IN
2026-08-03T06:09,u1953@contoso.example,Microsoft Teams,50074,"MFA required, not completed",2 MFA problems,Mobile Apps and Desktop clients,IN
2026-08-03T06:21,u3760@contoso.example,Microsoft Teams,53000,Device not compliant,15 Compliance and PRT,Browser,US
2026-08-03T07:16,u2188@contoso.example,Azure Portal,50126,Invalid username or password,1 Sign-in fails,Mobile Apps and Desktop clients,IN
2026-08-03T07:27,u1323@contoso.example,VPN,53003,Blocked by Conditional Access,3 Conditional Access,Browser,IN
2026-08-03T07:39,u2557@contoso.example,Azure Portal,50126,Invalid username or password,1 Sign-in fails,Mobile Apps and Desktop clients,US
2026-08-03T07:39,u3719@contoso.example,Office 365 Exchange Online,50126,Invalid username or password,1 Sign-in fails,Browser,DE
2026-08-03T07:52,u3915@contoso.example,Office 365 Exchange Online,53003,Blocked by Conditional Access,3 Conditional Access,Mobile Apps and Desktop clients,IN
2026-08-03T08:14,u1348@contoso.example,Service Desk,500121,MFA challenge failed,2 MFA problems,Mobile Apps and Desktop clients,DE
2026-08-03T08:35,u1421@contoso.example,Azure Portal,50074,"MFA required, not completed",2 MFA problems,Mobile Apps and Desktop clients,IN
2026-08-03T08:51,u4348@contoso.example,Azure Portal,50053,Account locked (smart lockout),5 Lockout loop,Mobile Apps and Desktop clients,IN
2026-08-03T08:54,u3627@contoso.example,SharePoint Online,50126,Invalid username or password,1 Sign-in fails,Mobile Apps and Desktop clients,GB
2026-08-03T08:57,u2585@contoso.example,Azure Portal,50074,"MFA required, not completed",2 MFA problems,Mobile Apps and Desktop clients,IN
2026-08-03T09:07,u2582@contoso.example,Payroll,50126,Invalid username or password,1 Sign-in fails,Browser,IN
2026-08-03T09:18,u1480@contoso.example,Payroll,50126,Invalid username or password,1 Sign-in fails,Mobile Apps and Desktop clients,US
2026-08-03T09:24,u4781@contoso.example,SharePoint Online,50126,Invalid username or password,1 Sign-in fails,Mobile Apps and Desktop clients,US
2026-08-03T09:31,u1734@contoso.example,HR Portal,500121,MFA challenge failed,2 MFA problems,Mobile Apps and Desktop clients,SG
2026-08-03T09:35,u3470@contoso.example,HR Portal,50126,Invalid username or password,1 Sign-in fails,Browser,GB
2026-08-03T09:44,u2777@contoso.example,Microsoft Teams,500121,MFA challenge failed,2 MFA problems,Browser,US
2026-08-03T09:54,u3873@contoso.example,HR Portal,500121,MFA challenge failed,2 MFA problems,Mobile Apps and Desktop clients,US
2026-08-03T09:58,u2824@contoso.example,CRM,50053,Account locked (smart lockout),5 Lockout loop,Exchange ActiveSync,US
2026-08-03T10:06,u2885@contoso.example,CRM,50126,Invalid username or password,1 Sign-in fails,Browser,IN
2026-08-03T10:06,u1028@contoso.example,Payroll,53003,Blocked by Conditional Access,3 Conditional Access,Mobile Apps and Desktop clients,IN
2026-08-03T10:31,u3994@contoso.example,Payroll,50074,"MFA required, not completed",2 MFA problems,Browser,GB
2026-08-03T10:32,u1029@contoso.example,Office 365 Exchange Online,50126,Invalid username or password,1 Sign-in fails,Mobile Apps and Desktop clients,GB
2026-08-03T10:34,u1771@contoso.example,SharePoint Online,50126,Invalid username or password,1 Sign-in fails,Exchange ActiveSync,IN
2026-08-03T10:35,u2258@contoso.example,Azure Portal,50126,Invalid username or password,1 Sign-in fails,Mobile Apps and Desktop clients,GB
2026-08-03T10:37,u1391@contoso.example,Office 365 Exchange Online,50126,Invalid username or password,1 Sign-in fails,Mobile Apps and Desktop clients,IN
2026-08-03T10:43,u2994@contoso.example,Azure Portal,50074,"MFA required, not completed",2 MFA problems,Exchange ActiveSync,US
2026-08-03T10:47,u1107@contoso.example,Azure Portal,500121,MFA challenge failed,2 MFA problems,Mobile Apps and Desktop clients,SG
2026-08-03T10:56,u2420@contoso.example,Payroll,50053,Account locked (smart lockout),5 Lockout loop,Browser,IN
2026-08-03T10:57,u1727@contoso.example,Payroll,50126,Invalid username or password,1 Sign-in fails,Browser,IN
2026-08-03T11:11,u2892@contoso.example,Azure Portal,70043,Sign-in frequency expired,6 Repeated prompts,Browser,GB
2026-08-03T11:16,u4344@contoso.example,HR Portal,50053,Account locked (smart lockout),5 Lockout loop,Mobile Apps and Desktop clients,IN
2026-08-03T11:17,u3244@contoso.example,HR Portal,53003,Blocked by Conditional Access,3 Conditional Access,Browser,DE
2026-08-03T11:24,u4487@contoso.example,Payroll,53000,Device not compliant,15 Compliance and PRT,Browser,IN
2026-08-03T11:32,u3988@contoso.example,VPN,50126,Invalid username or password,1 Sign-in fails,Browser,GB
2026-08-03T11:36,u1047@contoso.example,SharePoint Online,90072,Guest account not in tenant,22 Guest access,Mobile Apps and Desktop clients,IN
2026-08-03T11:40,u2099@contoso.example,CRM,50126,Invalid username or password,1 Sign-in fails,Mobile Apps and Desktop clients,IN
2026-08-03T11:49,u2670@contoso.example,Office 365 Exchange Online,50074,"MFA required, not completed",2 MFA problems,IMAP4,IN
2026-08-03T11:51,u2452@contoso.example,Microsoft Teams,50126,Invalid username or password,1 Sign-in fails,Browser,IN
2026-08-03T11:55,u2292@contoso.example,CRM,53003,Blocked by Conditional Access,3 Conditional Access,IMAP4,SG
2026-08-03T11:57,u2941@contoso.example,Azure Portal,50057,Account disabled,1 Sign-in fails,Mobile Apps and Desktop clients,IN
2026-08-03T12:02,u1990@contoso.example,HR Portal,500121,MFA challenge failed,2 MFA problems,Browser,IN
2026-08-03T12:31,u4405@contoso.example,Microsoft Teams,500121,MFA challenge failed,2 MFA problems,Mobile Apps and Desktop clients,IN
2026-08-03T12:33,u2356@contoso.example,HR Portal,50126,Invalid username or password,1 Sign-in fails,Mobile Apps and Desktop clients,US
2026-08-03T12:39,u4046@contoso.example,Microsoft Teams,50053,Account locked (smart lockout),5 Lockout loop,Mobile Apps and Desktop clients,US
2026-08-03T12:44,u3124@contoso.example,SharePoint Online,53003,Blocked by Conditional Access,3 Conditional Access,Browser,GB
2026-08-03T12:58,u1848@contoso.example,HR Portal,50126,Invalid username or password,1 Sign-in fails,Browser,US
2026-08-03T13:04,u4129@contoso.example,HR Portal,50105,User not assigned to app,9 Assignment and consent,Mobile Apps and Desktop clients,SG
2026-08-03T13:05,u1938@contoso.example,Office 365 Exchange Online,53000,Device not compliant,15 Compliance and PRT,Mobile Apps and Desktop clients,IN
2026-08-03T13:11,u4420@contoso.example,Payroll,50105,User not assigned to app,9 Assignment and consent,Browser,US
2026-08-03T13:12,u2091@contoso.example,Azure Portal,65001,Consent not granted,9 Assignment and consent,Browser,IN
2026-08-03T13:15,u4575@contoso.example,VPN,50057,Account disabled,1 Sign-in fails,Mobile Apps and Desktop clients,IN
2026-08-03T13:16,u4794@contoso.example,Service Desk,70043,Sign-in frequency expired,6 Repeated prompts,Browser,US
2026-08-03T13:17,u2201@contoso.example,VPN,50126,Invalid username or password,1 Sign-in fails,Browser,IN
2026-08-03T13:17,u3608@contoso.example,Office 365 Exchange Online,50074,"MFA required, not completed",2 MFA problems,Mobile Apps and Desktop clients,IN
2026-08-03T13:17,u3619@contoso.example,VPN,50126,Invalid username or password,1 Sign-in fails,Browser,IN
2026-08-03T13:21,u1952@contoso.example,HR Portal,50126,Invalid username or password,1 Sign-in fails,Browser,IN
2026-08-03T13:38,u1482@contoso.example,SharePoint Online,50074,"MFA required, not completed",2 MFA problems,Browser,IN
2026-08-03T13:39,u1573@contoso.example,Payroll,50126,Invalid username or password,1 Sign-in fails,IMAP4,IN
2026-08-03T13:59,u4731@contoso.example,Payroll,53003,Blocked by Conditional Access,3 Conditional Access,Browser,US
2026-08-03T14:07,u1313@contoso.example,Office 365 Exchange Online,53003,Blocked by Conditional Access,3 Conditional Access,Browser,IN
2026-08-03T14:37,u3083@contoso.example,Service Desk,50057,Account disabled,1 Sign-in fails,Mobile Apps and Desktop clients,IN
2026-08-03T14:48,u2457@contoso.example,Office 365 Exchange Online,50105,User not assigned to app,9 Assignment and consent,Mobile Apps and Desktop clients,IN
2026-08-03T14:50,u3842@contoso.example,VPN,50126,Invalid username or password,1 Sign-in fails,Mobile Apps and Desktop clients,GB
2026-08-03T14:53,u1567@contoso.example,VPN,50126,Invalid username or password,1 Sign-in fails,Exchange ActiveSync,IN
2026-08-03T14:56,u2021@contoso.example,Office 365 Exchange Online,50126,Invalid username or password,1 Sign-in fails,Browser,DE
2026-08-03T15:16,u1986@contoso.example,Microsoft Teams,50053,Account locked (smart lockout),5 Lockout loop,Browser,IN
2026-08-03T15:33,u1447@contoso.example,Payroll,50126,Invalid username or password,1 Sign-in fails,IMAP4,IN
2026-08-03T15:53,u2220@contoso.example,Azure Portal,50126,Invalid username or password,1 Sign-in fails,Browser,IN
2026-08-03T15:59,u3373@contoso.example,Microsoft Teams,50126,Invalid username or password,1 Sign-in fails,Browser,US
2026-08-03T15:59,u4460@contoso.example,CRM,53003,Blocked by Conditional Access,3 Conditional Access,IMAP4,IN
2026-08-03T16:03,u4860@contoso.example,SharePoint Online,50126,Invalid username or password,1 Sign-in fails,Browser,DE
2026-08-03T16:07,u4299@contoso.example,HR Portal,90072,Guest account not in tenant,22 Guest access,Mobile Apps and Desktop clients,IN
2026-08-03T16:25,u4071@contoso.example,SharePoint Online,50126,Invalid username or password,1 Sign-in fails,Mobile Apps and Desktop clients,IN
2026-08-03T16:47,u2272@contoso.example,VPN,500121,MFA challenge failed,2 MFA problems,Browser,IN
2026-08-03T16:49,u3350@contoso.example,SharePoint Online,50105,User not assigned to app,9 Assignment and consent,Browser,IN
2026-08-03T16:51,u1464@contoso.example,HR Portal,50053,Account locked (smart lockout),5 Lockout loop,IMAP4,IN
2026-08-03T17:00,u1043@contoso.example,SharePoint Online,50053,Account locked (smart lockout),5 Lockout loop,Mobile Apps and Desktop clients,GB
2026-08-03T17:05,u4065@contoso.example,CRM,70043,Sign-in frequency expired,6 Repeated prompts,Mobile Apps and Desktop clients,IN
2026-08-03T17:08,u2847@contoso.example,Azure Portal,50074,"MFA required, not completed",2 MFA problems,Mobile Apps and Desktop clients,IN
2026-08-03T17:10,u4683@contoso.example,Microsoft Teams,50126,Invalid username or password,1 Sign-in fails,Browser,IN
2026-08-03T17:18,u2199@contoso.example,Azure Portal,50105,User not assigned to app,9 Assignment and consent,Mobile Apps and Desktop clients,US
2026-08-03T17:25,u4983@contoso.example,SharePoint Online,500121,MFA challenge failed,2 MFA problems,Mobile Apps and Desktop clients,IN
2026-08-03T17:38,u3617@contoso.example,HR Portal,50126,Invalid username or password,1 Sign-in fails,Browser,IN
2026-08-03T17:58,u3538@contoso.example,Azure Portal,50053,Account locked (smart lockout),5 Lockout loop,Browser,GB
2026-08-03T18:13,u2303@contoso.example,CRM,50126,Invalid username or password,1 Sign-in fails,Mobile Apps and Desktop clients,IN
2026-08-03T18:22,u3161@contoso.example,Payroll,500121,MFA challenge failed,2 MFA problems,Mobile Apps and Desktop clients,IN
2026-08-03T18:28,u1640@contoso.example,VPN,50053,Account locked (smart lockout),5 Lockout loop,Mobile Apps and Desktop clients,US
2026-08-03T18:47,u3571@contoso.example,SharePoint Online,50126,Invalid username or password,1 Sign-in fails,Mobile Apps and Desktop clients,US
2026-08-03T18:48,u4009@contoso.example,Azure Portal,50126,Invalid username or password,1 Sign-in fails,Browser,IN
2026-08-03T18:49,u3442@contoso.example,HR Portal,53000,Device not compliant,15 Compliance and PRT,Mobile Apps and Desktop clients,US
2026-08-03T18:51,u3831@contoso.example,SharePoint Online,500121,MFA challenge failed,2 MFA problems,Browser,IN
2026-08-03T18:55,u2812@contoso.example,SharePoint Online,50074,"MFA required, not completed",2 MFA problems,Mobile Apps and Desktop clients,IN
2026-08-03T18:59,u2686@contoso.example,HR Portal,50126,Invalid username or password,1 Sign-in fails,Browser,IN
2026-08-03T19:06,u2113@contoso.example,HR Portal,50126,Invalid username or password,1 Sign-in fails,Browser,IN
2026-08-03T19:09,u1035@contoso.example,CRM,53000,Device not compliant,15 Compliance and PRT,Mobile Apps and Desktop clients,IN
2026-08-03T19:24,u4325@contoso.example,Office 365 Exchange Online,500121,MFA challenge failed,2 MFA problems,Browser,IN
2026-08-03T19:27,u4394@contoso.example,Payroll,50074,"MFA required, not completed",2 MFA problems,Mobile Apps and Desktop clients,IN
2026-08-03T19:34,u2845@contoso.example,Microsoft Teams,50126,Invalid username or password,1 Sign-in fails,Mobile Apps and Desktop clients,GB
2026-08-03T19:34,u1930@contoso.example,Payroll,53003,Blocked by Conditional Access,3 Conditional Access,Mobile Apps and Desktop clients,US
2026-08-03T19:39,u3644@contoso.example,Office 365 Exchange Online,50053,Account locked (smart lockout),5 Lockout loop,Exchange ActiveSync,US
2026-08-03T19:45,u3828@contoso.example,Service Desk,50126,Invalid username or password,1 Sign-in fails,Browser,IN
2026-08-03T20:01,u3890@contoso.example,SharePoint Online,70043,Sign-in frequency expired,6 Repeated prompts,Mobile Apps and Desktop clients,US
2026-08-03T20:04,u1965@contoso.example,CRM,53000,Device not compliant,15 Compliance and PRT,Browser,DE
2026-08-03T20:14,u3862@contoso.example,HR Portal,50126,Invalid username or password,1 Sign-in fails,Browser,IN
2026-08-03T20:19,u4894@contoso.example,Service Desk,500121,MFA challenge failed,2 MFA problems,Mobile Apps and Desktop clients,IN
2026-08-03T20:24,u4275@contoso.example,Microsoft Teams,50126,Invalid username or password,1 Sign-in fails,Browser,IN
2026-08-03T20:48,u4247@contoso.example,Payroll,500121,MFA challenge failed,2 MFA problems,Mobile Apps and Desktop clients,IN
2026-08-03T21:00,u1903@contoso.example,Microsoft Teams,50105,User not assigned to app,9 Assignment and consent,Mobile Apps and Desktop clients,GB
2026-08-03T21:00,u2678@contoso.example,Service Desk,50055,Password expired,1 Sign-in fails,Browser,GB
2026-08-03T21:08,u3164@contoso.example,CRM,53003,Blocked by Conditional Access,3 Conditional Access,Browser,DE
2026-08-03T21:12,u3589@contoso.example,Azure Portal,53003,Blocked by Conditional Access,3 Conditional Access,Browser,US
2026-08-03T21:23,u2184@contoso.example,Azure Portal,50126,Invalid username or password,1 Sign-in fails,Mobile Apps and Desktop clients,GB
2026-08-03T21:24,u3984@contoso.example,HR Portal,50053,Account locked (smart lockout),5 Lockout loop,Mobile Apps and Desktop clients,GB
2026-08-03T21:29,u3169@contoso.example,Azure Portal,50126,Invalid username or password,1 Sign-in fails,Mobile Apps and Desktop clients,US
2026-08-03T21:30,u2810@contoso.example,Office 365 Exchange Online,50126,Invalid username or password,1 Sign-in fails,Browser,DE
2026-08-03T21:32,u2383@contoso.example,Azure Portal,500121,MFA challenge failed,2 MFA problems,Browser,IN
2026-08-03T21:32,u4711@contoso.example,SharePoint Online,53003,Blocked by Conditional Access,3 Conditional Access,Mobile Apps and Desktop clients,IN
2026-08-03T21:36,u3504@contoso.example,Service Desk,50053,Account locked (smart lockout),5 Lockout loop,Mobile Apps and Desktop clients,US
2026-08-03T21:57,u2804@contoso.example,SharePoint Online,50053,Account locked (smart lockout),5 Lockout loop,Browser,GB
2026-08-03T21:57,u3527@contoso.example,CRM,50126,Invalid username or password,1 Sign-in fails,Mobile Apps and Desktop clients,US
2026-08-03T22:08,u4470@contoso.example,Payroll,53003,Blocked by Conditional Access,3 Conditional Access,Mobile Apps and Desktop clients,IN
2026-08-03T22:21,u1294@contoso.example,Payroll,53000,Device not compliant,15 Compliance and PRT,Browser,US
2026-08-03T22:34,u4562@contoso.example,CRM,50074,"MFA required, not completed",2 MFA problems,Browser,IN
2026-08-03T22:44,u2818@contoso.example,Office 365 Exchange Online,50053,Account locked (smart lockout),5 Lockout loop,Browser,IN
2026-08-03T22:49,u4290@contoso.example,Service Desk,50074,"MFA required, not completed",2 MFA problems,Browser,IN
2026-08-03T22:54,u2024@contoso.example,HR Portal,50126,Invalid username or password,1 Sign-in fails,Browser,IN
2026-08-03T23:00,u3077@contoso.example,CRM,53000,Device not compliant,15 Compliance and PRT,Browser,IN
2026-08-03T23:00,u4826@contoso.example,CRM,50053,Account locked (smart lockout),5 Lockout loop,Mobile Apps and Desktop clients,US
2026-08-03T23:01,u4205@contoso.example,SharePoint Online,70043,Sign-in frequency expired,6 Repeated prompts,Browser,GB
2026-08-03T23:08,u2679@contoso.example,Payroll,50126,Invalid username or password,1 Sign-in fails,Mobile Apps and Desktop clients,US
2026-08-03T23:18,u4374@contoso.example,Office 365 Exchange Online,50053,Account locked (smart lockout),5 Lockout loop,Browser,IN
2026-08-03T23:19,u2271@contoso.example,HR Portal,50055,Password expired,1 Sign-in fails,Browser,IN
2026-08-03T23:21,u4163@contoso.example,Payroll,70043,Sign-in frequency expired,6 Repeated prompts,Browser,IN
2026-08-03T23:22,u2641@contoso.example,CRM,50126,Invalid username or password,1 Sign-in fails,Browser,US
2026-08-03T23:23,u1351@contoso.example,Office 365 Exchange Online,53003,Blocked by Conditional Access,3 Conditional Access,Browser,GB
2026-08-03T23:23,u3878@contoso.example,Payroll,50053,Account locked (smart lockout),5 Lockout loop,Browser,IN
2026-08-03T23:30,u2385@contoso.example,HR Portal,53003,Blocked by Conditional Access,3 Conditional Access,Browser,IN
2026-08-03T23:38,u2860@contoso.example,SharePoint Online,65001,Consent not granted,9 Assignment and consent,Browser,IN
2026-08-03T23:40,u1771@contoso.example,CRM,53003,Blocked by Conditional Access,3 Conditional Access,Browser,IN
2026-08-03T23:44,u3607@contoso.example,Azure Portal,500121,MFA challenge failed,2 MFA problems,Browser,IN
2026-08-03T23:50,u2297@contoso.example,SharePoint Online,53003,Blocked by Conditional Access,3 Conditional Access,Browser,US
2026-08-03T23:55,u3179@contoso.example,Microsoft Teams,50126,Invalid username or password,1 Sign-in fails,Browser,DE
2026-08-04T00:00,u1681@contoso.example,HR Portal,50126,Invalid username or password,1 Sign-in fails,Mobile Apps and Desktop clients,IN
2026-08-04T00:06,u2486@contoso.example,VPN,50126,Invalid username or password,1 Sign-in fails,Mobile Apps and Desktop clients,GB
2026-08-04T00:20,u2579@contoso.example,Service Desk,50126,Invalid username or password,1 Sign-in fails,Mobile Apps and Desktop clients,IN
2026-08-04T00:20,u1669@contoso.example,Office 365 Exchange Online,50126,Invalid username or password,1 Sign-in fails,Browser,IN
2026-08-04T00:24,u1080@contoso.example,Office 365 Exchange Online,53000,Device not compliant,15 Compliance and PRT,Mobile Apps and Desktop clients,IN
2026-08-04T00:25,u2444@contoso.example,Microsoft Teams,500121,MFA challenge failed,2 MFA problems,Browser,US
2026-08-04T00:26,u4174@contoso.example,VPN,50011,Reply URL mismatch,7 App authentication,Exchange ActiveSync,IN
2026-08-04T00:38,u2186@contoso.example,Service Desk,50126,Invalid username or password,1 Sign-in fails,Browser,SG
2026-08-04T01:04,u4998@contoso.example,HR Portal,53000,Device not compliant,15 Compliance and PRT,Mobile Apps and Desktop clients,DE
2026-08-04T01:34,u2026@contoso.example,Microsoft Teams,50053,Account locked (smart lockout),5 Lockout loop,Browser,US
2026-08-04T01:37,u4708@contoso.example,Office 365 Exchange Online,50126,Invalid username or password,1 Sign-in fails,Mobile Apps and Desktop clients,IN
2026-08-04T01:46,u3428@contoso.example,HR Portal,50126,Invalid username or password,1 Sign-in fails,Mobile Apps and Desktop clients,IN
2026-08-04T02:02,u2435@contoso.example,Service Desk,50126,Invalid username or password,1 Sign-in fails,Mobile Apps and Desktop clients,US
2026-08-04T02:13,u4573@contoso.example,SharePoint Online,53003,Blocked by Conditional Access,3 Conditional Access,Exchange ActiveSync,IN
2026-08-04T02:16,u4566@contoso.example,VPN,50126,Invalid username or password,1 Sign-in fails,Exchange ActiveSync,IN
2026-08-04T02:16,u2956@contoso.example,Payroll,500121,MFA challenge failed,2 MFA problems,IMAP4,IN
2026-08-04T02:35,u3828@contoso.example,SharePoint Online,50055,Password expired,1 Sign-in fails,Mobile Apps and Desktop clients,GB
2026-08-04T02:36,u1579@contoso.example,Payroll,53003,Blocked by Conditional Access,3 Conditional Access,Mobile Apps and Desktop clients,IN
2026-08-04T02:42,u2398@contoso.example,HR Portal,50126,Invalid username or password,1 Sign-in fails,Mobile Apps and Desktop clients,US
2026-08-04T02:54,u1755@contoso.example,Service Desk,70043,Sign-in frequency expired,6 Repeated prompts,Mobile Apps and Desktop clients,GB
2026-08-04T03:17,u4592@contoso.example,CRM,65001,Consent not granted,9 Assignment and consent,Mobile Apps and Desktop clients,GB
2026-08-04T03:23,u4824@contoso.example,CRM,50126,Invalid username or password,1 Sign-in fails,Browser,IN
2026-08-04T03:31,u2473@contoso.example,Azure Portal,500121,MFA challenge failed,2 MFA problems,Mobile Apps and Desktop clients,GB
2026-08-04T03:32,u4354@contoso.example,Azure Portal,53000,Device not compliant,15 Compliance and PRT,Mobile Apps and Desktop clients,IN
2026-08-04T03:35,u1089@contoso.example,HR Portal,500121,MFA challenge failed,2 MFA problems,Browser,GB
2026-08-04T03:38,u2121@contoso.example,Azure Portal,50126,Invalid username or password,1 Sign-in fails,Browser,DE
2026-08-04T03:48,u3014@contoso.example,HR Portal,50126,Invalid username or password,1 Sign-in fails,Mobile Apps and Desktop clients,IN
2026-08-04T03:49,u4960@contoso.example,Service Desk,50053,Account locked (smart lockout),5 Lockout loop,Browser,IN
2026-08-04T03:51,u1682@contoso.example,SharePoint Online,50126,Invalid username or password,1 Sign-in fails,Browser,IN
2026-08-04T04:00,u3153@contoso.example,HR Portal,50011,Reply URL mismatch,7 App authentication,Mobile Apps and Desktop clients,IN
2026-08-04T04:06,u4710@contoso.example,VPN,50126,Invalid username or password,1 Sign-in fails,Exchange ActiveSync,GB
2026-08-04T04:32,u3339@contoso.example,VPN,53003,Blocked by Conditional Access,3 Conditional Access,Browser,SG
2026-08-04T04:34,u3212@contoso.example,HR Portal,53003,Blocked by Conditional Access,3 Conditional Access,Browser,SG
2026-08-04T04:36,u3615@contoso.example,Office 365 Exchange Online,53003,Blocked by Conditional Access,3 Conditional Access,Browser,GB
2026-08-04T04:51,u4207@contoso.example,Azure Portal,70043,Sign-in frequency expired,6 Repeated prompts,Exchange ActiveSync,DE
2026-08-04T04:52,u4417@contoso.example,Service Desk,50126,Invalid username or password,1 Sign-in fails,Browser,IN
2026-08-04T04:54,u4465@contoso.example,CRM,50126,Invalid username or password,1 Sign-in fails,Browser,IN
2026-08-04T04:56,u3355@contoso.example,HR Portal,50126,Invalid username or password,1 Sign-in fails,Mobile Apps and Desktop clients,IN
2026-08-04T05:06,u3476@contoso.example,Payroll,500121,MFA challenge failed,2 MFA problems,Browser,US
2026-08-04T05:06,u1111@contoso.example,HR Portal,70043,Sign-in frequency expired,6 Repeated prompts,Browser,IN
2026-08-04T05:14,u1145@contoso.example,Service Desk,53003,Blocked by Conditional Access,3 Conditional Access,Browser,IN
2026-08-04T05:27,u4311@contoso.example,Microsoft Teams,50053,Account locked (smart lockout),5 Lockout loop,Mobile Apps and Desktop clients,US
2026-08-04T05:40,u3550@contoso.example,CRM,53003,Blocked by Conditional Access,3 Conditional Access,Browser,US
2026-08-04T05:46,u3897@contoso.example,Azure Portal,50057,Account disabled,1 Sign-in fails,Browser,IN
2026-08-04T05:47,u2934@contoso.example,HR Portal,50011,Reply URL mismatch,7 App authentication,Mobile Apps and Desktop clients,GB
2026-08-04T05:52,u4221@contoso.example,CRM,53000,Device not compliant,15 Compliance and PRT,Mobile Apps and Desktop clients,SG
2026-08-04T05:55,u3577@contoso.example,Azure Portal,50158,External MFA challenge not met,2 MFA problems,Mobile Apps and Desktop clients,IN
2026-08-04T06:22,u4353@contoso.example,Service Desk,50126,Invalid username or password,1 Sign-in fails,Mobile Apps and Desktop clients,IN
2026-08-04T06:26,u4162@contoso.example,Payroll,50126,Invalid username or password,1 Sign-in fails,Mobile Apps and Desktop clients,DE
2026-08-04T06:36,u2395@contoso.example,SharePoint Online,500121,MFA challenge failed,2 MFA problems,Mobile Apps and Desktop clients,SG
2026-08-04T06:39,u1317@contoso.example,VPN,53003,Blocked by Conditional Access,3 Conditional Access,Browser,IN
2026-08-04T06:41,u2549@contoso.example,CRM,53000,Device not compliant,15 Compliance and PRT,Mobile Apps and Desktop clients,SG
2026-08-04T06:45,u2524@contoso.example,Service Desk,50126,Invalid username or password,1 Sign-in fails,Browser,US
2026-08-04T06:51,u3801@contoso.example,Azure Portal,50126,Invalid username or password,1 Sign-in fails,Browser,IN
2026-08-04T07:01,u4588@contoso.example,Office 365 Exchange Online,50126,Invalid username or password,1 Sign-in fails,Browser,IN
2026-08-04T07:08,u3192@contoso.example,Office 365 Exchange Online,500121,MFA challenge failed,2 MFA problems,Browser,IN
2026-08-04T07:17,u2465@contoso.example,Payroll,53003,Blocked by Conditional Access,3 Conditional Access,Browser,GB
2026-08-04T07:23,u2696@contoso.example,Payroll,70043,Sign-in frequency expired,6 Repeated prompts,Browser,IN
2026-08-04T07:29,u1770@contoso.example,Payroll,50126,Invalid username or password,1 Sign-in fails,Browser,IN
2026-08-04T07:31,u4782@contoso.example,HR Portal,50057,Account disabled,1 Sign-in fails,Browser,IN
2026-08-04T07:37,u4442@contoso.example,Service Desk,50053,Account locked (smart lockout),5 Lockout loop,Mobile Apps and Desktop clients,IN
2026-08-04T07:38,u4177@contoso.example,CRM,50126,Invalid username or password,1 Sign-in fails,Mobile Apps and Desktop clients,US
2026-08-04T07:42,u1913@contoso.example,Azure Portal,50055,Password expired,1 Sign-in fails,Mobile Apps and Desktop clients,US
2026-08-04T07:43,u1068@contoso.example,Microsoft Teams,500121,MFA challenge failed,2 MFA problems,Browser,IN
2026-08-04T07:46,u4832@contoso.example,CRM,500121,MFA challenge failed,2 MFA problems,Browser,IN
2026-08-04T07:54,u2280@contoso.example,Office 365 Exchange Online,500121,MFA challenge failed,2 MFA problems,Browser,IN
2026-08-04T08:13,u2157@contoso.example,VPN,50126,Invalid username or password,1 Sign-in fails,Mobile Apps and Desktop clients,US
2026-08-04T08:16,u1263@contoso.example,CRM,53003,Blocked by Conditional Access,3 Conditional Access,Mobile Apps and Desktop clients,SG
2026-08-04T08:17,u1336@contoso.example,Service Desk,53000,Device not compliant,15 Compliance and PRT,Browser,US
2026-08-04T08:21,u2992@contoso.example,Microsoft Teams,50126,Invalid username or password,1 Sign-in fails,Browser,IN
2026-08-04T08:21,u1251@contoso.example,Service Desk,50011,Reply URL mismatch,7 App authentication,Mobile Apps and Desktop clients,IN
2026-08-04T08:26,u1796@contoso.example,Azure Portal,500121,MFA challenge failed,2 MFA problems,IMAP4,IN
2026-08-04T08:29,u3239@contoso.example,Azure Portal,500121,MFA challenge failed,2 MFA problems,Mobile Apps and Desktop clients,IN
2026-08-04T08:42,u2811@contoso.example,Microsoft Teams,50011,Reply URL mismatch,7 App authentication,Mobile Apps and Desktop clients,GB
2026-08-04T08:51,u2923@contoso.example,Service Desk,53003,Blocked by Conditional Access,3 Conditional Access,Browser,US
2026-08-04T09:17,u1995@contoso.example,SharePoint Online,50053,Account locked (smart lockout),5 Lockout loop,Browser,IN
2026-08-04T09:18,u4756@contoso.example,HR Portal,53003,Blocked by Conditional Access,3 Conditional Access,Browser,IN
2026-08-04T09:18,u3749@contoso.example,Payroll,50105,User not assigned to app,9 Assignment and consent,Mobile Apps and Desktop clients,DE
2026-08-04T09:22,u2069@contoso.example,Payroll,50126,Invalid username or password,1 Sign-in fails,Browser,IN
2026-08-04T09:24,u2357@contoso.example,Office 365 Exchange Online,500121,MFA challenge failed,2 MFA problems,Mobile Apps and Desktop clients,IN
2026-08-04T09:44,u2196@contoso.example,Azure Portal,500121,MFA challenge failed,2 MFA problems,Mobile Apps and Desktop clients,IN
2026-08-04T09:46,u1204@contoso.example,Microsoft Teams,50126,Invalid username or password,1 Sign-in fails,Mobile Apps and Desktop clients,IN
2026-08-04T09:48,u4021@contoso.example,HR Portal,50057,Account disabled,1 Sign-in fails,Browser,IN
2026-08-04T09:54,u1335@contoso.example,HR Portal,50126,Invalid username or password,1 Sign-in fails,Mobile Apps and Desktop clients,IN
2026-08-04T09:59,u3544@contoso.example,SharePoint Online,50126,Invalid username or password,1 Sign-in fails,Browser,IN
2026-08-04T10:00,u4164@contoso.example,HR Portal,50011,Reply URL mismatch,7 App authentication,Exchange ActiveSync,IN
2026-08-04T10:11,u4870@contoso.example,SharePoint Online,50126,Invalid username or password,1 Sign-in fails,Mobile Apps and Desktop clients,GB
2026-08-04T10:14,u1576@contoso.example,HR Portal,50126,Invalid username or password,1 Sign-in fails,Mobile Apps and Desktop clients,US
2026-08-04T10:16,u4442@contoso.example,Payroll,53003,Blocked by Conditional Access,3 Conditional Access,Browser,IN
2026-08-04T10:31,u3315@contoso.example,Microsoft Teams,53003,Blocked by Conditional Access,3 Conditional Access,IMAP4,GB
2026-08-04T10:42,u3616@contoso.example,CRM,500121,MFA challenge failed,2 MFA problems,Exchange ActiveSync,IN
2026-08-04T10:46,u1770@contoso.example,SharePoint Online,50126,Invalid username or password,1 Sign-in fails,Mobile Apps and Desktop clients,GB
2026-08-04T10:56,u1813@contoso.example,Microsoft Teams,50055,Password expired,1 Sign-in fails,Browser,US
2026-08-04T10:59,u4754@contoso.example,SharePoint Online,53000,Device not compliant,15 Compliance and PRT,IMAP4,US
2026-08-04T11:02,u3271@contoso.example,SharePoint Online,50105,User not assigned to app,9 Assignment and consent,Browser,IN
2026-08-04T11:18,u1422@contoso.example,SharePoint Online,50126,Invalid username or password,1 Sign-in fails,Browser,GB
2026-08-04T11:23,u2275@contoso.example,Microsoft Teams,50126,Invalid username or password,1 Sign-in fails,Browser,IN
2026-08-04T11:27,u1448@contoso.example,Payroll,50053,Account locked (smart lockout),5 Lockout loop,Browser,GB
2026-08-04T11:36,u1143@contoso.example,Microsoft Teams,53003,Blocked by Conditional Access,3 Conditional Access,Mobile Apps and Desktop clients,US
2026-08-04T11:40,u2048@contoso.example,Payroll,65001,Consent not granted,9 Assignment and consent,Browser,IN
2026-08-04T11:52,u4610@contoso.example,Azure Portal,53000,Device not compliant,15 Compliance and PRT,Mobile Apps and Desktop clients,US
2026-08-04T11:54,u1815@contoso.example,CRM,65001,Consent not granted,9 Assignment and consent,Browser,IN
2026-08-04T11:55,u2008@contoso.example,CRM,50057,Account disabled,1 Sign-in fails,Mobile Apps and Desktop clients,DE
2026-08-04T11:58,u3350@contoso.example,SharePoint Online,50055,Password expired,1 Sign-in fails,Mobile Apps and Desktop clients,IN
2026-08-04T11:58,u2925@contoso.example,Payroll,50105,User not assigned to app,9 Assignment and consent,Browser,US
2026-08-04T12:01,u2479@contoso.example,Service Desk,500121,MFA challenge failed,2 MFA problems,Exchange ActiveSync,US
2026-08-04T12:01,u3103@contoso.example,Microsoft Teams,70043,Sign-in frequency expired,6 Repeated prompts,Browser,US
2026-08-04T12:02,u2225@contoso.example,SharePoint Online,50055,Password expired,1 Sign-in fails,Mobile Apps and Desktop clients,US
2026-08-04T12:02,u1447@contoso.example,SharePoint Online,50126,Invalid username or password,1 Sign-in fails,Browser,US
2026-08-04T12:23,u3644@contoso.example,HR Portal,53000,Device not compliant,15 Compliance and PRT,Browser,IN
2026-08-04T12:26,u4926@contoso.example,HR Portal,50126,Invalid username or password,1 Sign-in fails,Mobile Apps and Desktop clients,SG
2026-08-04T12:28,u2253@contoso.example,HR Portal,500121,MFA challenge failed,2 MFA problems,Mobile Apps and Desktop clients,US
2026-08-04T12:31,u2055@contoso.example,Payroll,50074,"MFA required, not completed",2 MFA problems,Browser,US
2026-08-04T12:34,u1248@contoso.example,Azure Portal,500121,MFA challenge failed,2 MFA problems,Mobile Apps and Desktop clients,GB
2026-08-04T12:50,u3524@contoso.example,Microsoft Teams,50011,Reply URL mismatch,7 App authentication,Mobile Apps and Desktop clients,GB
2026-08-04T12:56,u4148@contoso.example,CRM,53000,Device not compliant,15 Compliance and PRT,Browser,IN
2026-08-04T12:57,u4669@contoso.example,Office 365 Exchange Online,50126,Invalid username or password,1 Sign-in fails,Browser,GB
2026-08-04T13:02,u4531@contoso.example,VPN,50126,Invalid username or password,1 Sign-in fails,Mobile Apps and Desktop clients,US
2026-08-04T13:11,u4946@contoso.example,Microsoft Teams,50055,Password expired,1 Sign-in fails,Mobile Apps and Desktop clients,US
2026-08-04T13:22,u4218@contoso.example,Service Desk,500121,MFA challenge failed,2 MFA problems,Exchange ActiveSync,IN
2026-08-04T13:27,u4856@contoso.example,SharePoint Online,50126,Invalid username or password,1 Sign-in fails,Mobile Apps and Desktop clients,US
2026-08-04T13:39,u3051@contoso.example,VPN,90072,Guest account not in tenant,22 Guest access,Browser,IN
2026-08-04T13:44,u2150@contoso.example,Microsoft Teams,50126,Invalid username or password,1 Sign-in fails,Browser,IN
2026-08-04T13:55,u4266@contoso.example,Microsoft Teams,50053,Account locked (smart lockout),5 Lockout loop,Browser,IN
2026-08-04T13:56,u1287@contoso.example,Office 365 Exchange Online,50158,External MFA challenge not met,2 MFA problems,Mobile Apps and Desktop clients,GB
2026-08-04T14:18,u3094@contoso.example,HR Portal,50126,Invalid username or password,1 Sign-in fails,IMAP4,IN
2026-08-04T14:21,u4777@contoso.example,CRM,50053,Account locked (smart lockout),5 Lockout loop,Mobile Apps and Desktop clients,IN
2026-08-04T14:27,u2901@contoso.example,Office 365 Exchange Online,500121,MFA challenge failed,2 MFA problems,Browser,SG
2026-08-04T14:33,u3743@contoso.example,HR Portal,50126,Invalid username or password,1 Sign-in fails,Mobile Apps and Desktop clients,IN
2026-08-04T14:34,u3151@contoso.example,Service Desk,50126,Invalid username or password,1 Sign-in fails,Browser,IN
2026-08-04T14:34,u2378@contoso.example,VPN,53003,Blocked by Conditional Access,3 Conditional Access,Mobile Apps and Desktop clients,IN
2026-08-04T14:43,u3462@contoso.example,Office 365 Exchange Online,50057,Account disabled,1 Sign-in fails,Browser,IN
2026-08-04T14:48,u2192@contoso.example,HR Portal,50126,Invalid username or password,1 Sign-in fails,Browser,US
2026-08-04T15:19,u4106@contoso.example,Payroll,50074,"MFA required, not completed",2 MFA problems,Mobile Apps and Desktop clients,IN
2026-08-04T15:23,u2861@contoso.example,SharePoint Online,50126,Invalid username or password,1 Sign-in fails,Browser,US
2026-08-04T15:24,u3617@contoso.example,CRM,50126,Invalid username or password,1 Sign-in fails,Mobile Apps and Desktop clients,IN
2026-08-04T15:27,u1581@contoso.example,Payroll,500121,MFA challenge failed,2 MFA problems,IMAP4,SG
2026-08-04T15:41,u3655@contoso.example,Microsoft Teams,500121,MFA challenge failed,2 MFA problems,Mobile Apps and Desktop clients,IN
2026-08-04T15:56,u3455@contoso.example,Azure Portal,50074,"MFA required, not completed",2 MFA problems,Exchange ActiveSync,IN
2026-08-04T16:01,u4635@contoso.example,Payroll,50074,"MFA required, not completed",2 MFA problems,Browser,IN
2026-08-04T16:02,u2074@contoso.example,Azure Portal,70043,Sign-in frequency expired,6 Repeated prompts,Browser,IN
2026-08-04T16:16,u2997@contoso.example,VPN,50126,Invalid username or password,1 Sign-in fails,Mobile Apps and Desktop clients,IN
2026-08-04T16:26,u2528@contoso.example,HR Portal,50074,"MFA required, not completed",2 MFA problems,Browser,IN
2026-08-04T16:32,u1338@contoso.example,HR Portal,53003,Blocked by Conditional Access,3 Conditional Access,Browser,GB
2026-08-04T16:55,u4213@contoso.example,CRM,50126,Invalid username or password,1 Sign-in fails,Mobile Apps and Desktop clients,US
2026-08-04T16:56,u4773@contoso.example,Microsoft Teams,500121,MFA challenge failed,2 MFA problems,Browser,IN
2026-08-04T17:00,u3054@contoso.example,Azure Portal,500121,MFA challenge failed,2 MFA problems,Mobile Apps and Desktop clients,IN
2026-08-04T17:25,u4683@contoso.example,Microsoft Teams,50126,Invalid username or password,1 Sign-in fails,Mobile Apps and Desktop clients,IN
2026-08-04T17:34,u2368@contoso.example,SharePoint Online,53000,Device not compliant,15 Compliance and PRT,Browser,DE
2026-08-04T17:47,u2547@contoso.example,Service Desk,50126,Invalid username or password,1 Sign-in fails,Browser,GB
2026-08-04T17:57,u3220@contoso.example,CRM,53003,Blocked by Conditional Access,3 Conditional Access,Mobile Apps and Desktop clients,SG
2026-08-04T18:06,u1523@contoso.example,VPN,53000,Device not compliant,15 Compliance and PRT,Mobile Apps and Desktop clients,DE
2026-08-04T18:17,u3315@contoso.example,Office 365 Exchange Online,500121,MFA challenge failed,2 MFA problems,Mobile Apps and Desktop clients,IN
2026-08-04T18:20,u2753@contoso.example,CRM,53003,Blocked by Conditional Access,3 Conditional Access,Mobile Apps and Desktop clients,IN
2026-08-04T18:41,u4160@contoso.example,Office 365 Exchange Online,53003,Blocked by Conditional Access,3 Conditional Access,Browser,IN
2026-08-04T18:49,u3795@contoso.example,SharePoint Online,50126,Invalid username or password,1 Sign-in fails,IMAP4,DE
2026-08-04T18:57,u2459@contoso.example,Microsoft Teams,50053,Account locked (smart lockout),5 Lockout loop,Browser,IN
2026-08-04T19:07,u3599@contoso.example,Payroll,50126,Invalid username or password,1 Sign-in fails,IMAP4,US
2026-08-04T19:11,u3794@contoso.example,Azure Portal,50053,Account locked (smart lockout),5 Lockout loop,Mobile Apps and Desktop clients,IN
2026-08-04T19:24,u1963@contoso.example,VPN,50011,Reply URL mismatch,7 App authentication,Mobile Apps and Desktop clients,GB
2026-08-04T19:24,u2531@contoso.example,CRM,50053,Account locked (smart lockout),5 Lockout loop,Browser,GB
2026-08-04T19:25,u1724@contoso.example,SharePoint Online,50105,User not assigned to app,9 Assignment and consent,Browser,GB
2026-08-04T19:27,u1629@contoso.example,HR Portal,50074,"MFA required, not completed",2 MFA problems,Browser,IN
2026-08-04T19:33,u2160@contoso.example,Payroll,50126,Invalid username or password,1 Sign-in fails,Browser,IN
2026-08-04T19:35,u2361@contoso.example,VPN,50126,Invalid username or password,1 Sign-in fails,Browser,GB
2026-08-04T19:43,u2190@contoso.example,CRM,53003,Blocked by Conditional Access,3 Conditional Access,Browser,DE
2026-08-04T19:47,u4826@contoso.example,SharePoint Online,53003,Blocked by Conditional Access,3 Conditional Access,Mobile Apps and Desktop clients,IN
2026-08-04T20:06,u3066@contoso.example,SharePoint Online,90072,Guest account not in tenant,22 Guest access,Browser,US
2026-08-04T20:14,u3664@contoso.example,Azure Portal,50053,Account locked (smart lockout),5 Lockout loop,Mobile Apps and Desktop clients,IN
2026-08-04T20:20,u4038@contoso.example,CRM,50126,Invalid username or password,1 Sign-in fails,Mobile Apps and Desktop clients,US
2026-08-04T20:27,u3194@contoso.example,SharePoint Online,50055,Password expired,1 Sign-in fails,Browser,GB
2026-08-04T20:30,u3968@contoso.example,Payroll,50057,Account disabled,1 Sign-in fails,Mobile Apps and Desktop clients,SG
2026-08-04T20:51,u4631@contoso.example,VPN,70043,Sign-in frequency expired,6 Repeated prompts,Browser,IN
2026-08-04T20:53,u1653@contoso.example,SharePoint Online,50126,Invalid username or password,1 Sign-in fails,Mobile Apps and Desktop clients,IN
2026-08-04T20:55,u3135@contoso.example,HR Portal,50126,Invalid username or password,1 Sign-in fails,Mobile Apps and Desktop clients,IN
2026-08-04T21:01,u2303@contoso.example,Microsoft Teams,50126,Invalid username or password,1 Sign-in fails,Mobile Apps and Desktop clients,US
2026-08-04T21:10,u3145@contoso.example,Azure Portal,53003,Blocked by Conditional Access,3 Conditional Access,Mobile Apps and Desktop clients,SG
2026-08-04T21:25,u4991@contoso.example,Office 365 Exchange Online,50074,"MFA required, not completed",2 MFA problems,Mobile Apps and Desktop clients,IN
2026-08-04T21:30,u3144@contoso.example,VPN,53003,Blocked by Conditional Access,3 Conditional Access,Browser,IN
2026-08-04T21:39,u1887@contoso.example,CRM,50105,User not assigned to app,9 Assignment and consent,Mobile Apps and Desktop clients,IN
2026-08-04T21:47,u2282@contoso.example,HR Portal,500121,MFA challenge failed,2 MFA problems,Browser,DE
2026-08-04T21:51,u3856@contoso.example,HR Portal,50053,Account locked (smart lockout),5 Lockout loop,Browser,US
2026-08-04T21:52,u3665@contoso.example,VPN,53003,Blocked by Conditional Access,3 Conditional Access,Mobile Apps and Desktop clients,GB
2026-08-04T21:53,u3656@contoso.example,CRM,53003,Blocked by Conditional Access,3 Conditional Access,IMAP4,US
2026-08-04T22:02,u2232@contoso.example,CRM,500121,MFA challenge failed,2 MFA problems,Browser,IN
2026-08-04T22:02,u3319@contoso.example,CRM,500121,MFA challenge failed,2 MFA problems,Browser,DE
2026-08-04T22:04,u4869@contoso.example,VPN,50053,Account locked (smart lockout),5 Lockout loop,Browser,US
2026-08-04T22:07,u2290@contoso.example,SharePoint Online,50105,User not assigned to app,9 Assignment and consent,Browser,US
2026-08-04T22:19,u4054@contoso.example,Office 365 Exchange Online,50074,"MFA required, not completed",2 MFA problems,Browser,US
2026-08-04T22:21,u3265@contoso.example,CRM,50053,Account locked (smart lockout),5 Lockout loop,Browser,IN
2026-08-04T22:23,u1760@contoso.example,VPN,50126,Invalid username or password,1 Sign-in fails,Mobile Apps and Desktop clients,SG
2026-08-04T22:23,u1259@contoso.example,SharePoint Online,65001,Consent not granted,9 Assignment and consent,Browser,IN
2026-08-04T22:29,u2153@contoso.example,CRM,50053,Account locked (smart lockout),5 Lockout loop,Browser,GB
2026-08-04T22:36,u4593@contoso.example,Payroll,90072,Guest account not in tenant,22 Guest access,Mobile Apps and Desktop clients,IN
2026-08-04T22:51,u4889@contoso.example,HR Portal,500121,MFA challenge failed,2 MFA problems,Browser,IN
2026-08-04T23:06,u2365@contoso.example,CRM,50105,User not assigned to app,9 Assignment and consent,Mobile Apps and Desktop clients,IN
2026-08-04T23:10,u1144@contoso.example,VPN,50126,Invalid username or password,1 Sign-in fails,Browser,IN
2026-08-04T23:26,u4997@contoso.example,Payroll,53003,Blocked by Conditional Access,3 Conditional Access,Browser,IN
2026-08-04T23:47,u1200@contoso.example,Microsoft Teams,50053,Account locked (smart lockout),5 Lockout loop,Browser,IN
2026-08-04T23:49,u1700@contoso.example,Azure Portal,70043,Sign-in frequency expired,6 Repeated prompts,Browser,IN
2026-08-04T23:52,u3984@contoso.example,Azure Portal,50053,Account locked (smart lockout),5 Lockout loop,Mobile Apps and Desktop clients,GB
2026-08-05T00:03,u4139@contoso.example,Microsoft Teams,50053,Account locked (smart lockout),5 Lockout loop,Browser,US
2026-08-05T00:19,u1400@contoso.example,HR Portal,50074,"MFA required, not completed",2 MFA problems,Mobile Apps and Desktop clients,IN
2026-08-05T00:24,u1438@contoso.example,HR Portal,90072,Guest account not in tenant,22 Guest access,Mobile Apps and Desktop clients,SG
2026-08-05T00:25,u1148@contoso.example,VPN,50158,External MFA challenge not met,2 MFA problems,Mobile Apps and Desktop clients,DE
2026-08-05T00:33,u4310@contoso.example,CRM,500121,MFA challenge failed,2 MFA problems,Browser,US
2026-08-05T00:43,u4369@contoso.example,Payroll,53000,Device not compliant,15 Compliance and PRT,Mobile Apps and Desktop clients,IN
2026-08-05T01:10,u1761@contoso.example,Azure Portal,50074,"MFA required, not completed",2 MFA problems,Exchange ActiveSync,IN
2026-08-05T01:14,u2719@contoso.example,HR Portal,70043,Sign-in frequency expired,6 Repeated prompts,Browser,IN
2026-08-05T01:28,u1474@contoso.example,Microsoft Teams,50126,Invalid username or password,1 Sign-in fails,Browser,IN
2026-08-05T01:32,u2988@contoso.example,Service Desk,53000,Device not compliant,15 Compliance and PRT,IMAP4,IN
2026-08-05T01:39,u3063@contoso.example,Office 365 Exchange Online,50053,Account locked (smart lockout),5 Lockout loop,Mobile Apps and Desktop clients,US
2026-08-05T01:41,u1432@contoso.example,Azure Portal,53003,Blocked by Conditional Access,3 Conditional Access,IMAP4,IN
2026-08-05T01:41,u2318@contoso.example,Office 365 Exchange Online,50011,Reply URL mismatch,7 App authentication,Mobile Apps and Desktop clients,GB
2026-08-05T01:49,u2809@contoso.example,Service Desk,500121,MFA challenge failed,2 MFA problems,Browser,IN
2026-08-05T01:59,u2619@contoso.example,Microsoft Teams,50126,Invalid username or password,1 Sign-in fails,Mobile Apps and Desktop clients,US
2026-08-05T02:14,u2283@contoso.example,VPN,50126,Invalid username or password,1 Sign-in fails,Browser,IN
2026-08-05T02:16,u3002@contoso.example,SharePoint Online,53000,Device not compliant,15 Compliance and PRT,Browser,IN
2026-08-05T02:21,u4871@contoso.example,Azure Portal,500121,MFA challenge failed,2 MFA problems,Mobile Apps and Desktop clients,SG
2026-08-05T02:37,u3519@contoso.example,Payroll,50126,Invalid username or password,1 Sign-in fails,Browser,US
2026-08-05T02:37,u2340@contoso.example,VPN,50053,Account locked (smart lockout),5 Lockout loop,Mobile Apps and Desktop clients,SG
2026-08-05T02:43,u2167@contoso.example,Office 365 Exchange Online,70043,Sign-in frequency expired,6 Repeated prompts,Browser,IN
2026-08-05T02:45,u1645@contoso.example,Service Desk,70043,Sign-in frequency expired,6 Repeated prompts,Mobile Apps and Desktop clients,US
2026-08-05T03:00,u2812@contoso.example,SharePoint Online,50074,"MFA required, not completed",2 MFA problems,Browser,IN
2026-08-05T03:06,u1065@contoso.example,CRM,53003,Blocked by Conditional Access,3 Conditional Access,Mobile Apps and Desktop clients,IN
2026-08-05T03:25,u4582@contoso.example,Microsoft Teams,500121,MFA challenge failed,2 MFA problems,Mobile Apps and Desktop clients,IN
2026-08-05T03:29,u4372@contoso.example,SharePoint Online,50126,Invalid username or password,1 Sign-in fails,Browser,US
2026-08-05T03:30,u3813@contoso.example,Office 365 Exchange Online,500121,MFA challenge failed,2 MFA problems,Browser,IN
2026-08-05T03:36,u3882@contoso.example,Microsoft Teams,50057,Account disabled,1 Sign-in fails,Browser,IN
2026-08-05T03:45,u3360@contoso.example,Azure Portal,50074,"MFA required, not completed",2 MFA problems,Mobile Apps and Desktop clients,IN
2026-08-05T03:49,u1065@contoso.example,Azure Portal,50126,Invalid username or password,1 Sign-in fails,Browser,IN
2026-08-05T03:50,u4811@contoso.example,Microsoft Teams,53003,Blocked by Conditional Access,3 Conditional Access,Exchange ActiveSync,GB
2026-08-05T04:07,u3714@contoso.example,HR Portal,50105,User not assigned to app,9 Assignment and consent,Mobile Apps and Desktop clients,US
2026-08-05T04:30,u4304@contoso.example,Service Desk,50053,Account locked (smart lockout),5 Lockout loop,Browser,DE
2026-08-05T04:36,u2370@contoso.example,SharePoint Online,50105,User not assigned to app,9 Assignment and consent,IMAP4,SG
2026-08-05T04:50,u4431@contoso.example,CRM,500121,MFA challenge failed,2 MFA problems,Mobile Apps and Desktop clients,IN
2026-08-05T04:51,u2574@contoso.example,SharePoint Online,50074,"MFA required, not completed",2 MFA problems,Mobile Apps and Desktop clients,IN
2026-08-05T04:58,u4665@contoso.example,Azure Portal,50105,User not assigned to app,9 Assignment and consent,Browser,GB
2026-08-05T05:00,u2336@contoso.example,Office 365 Exchange Online,500121,MFA challenge failed,2 MFA problems,Mobile Apps and Desktop clients,IN
2026-08-05T05:03,u4577@contoso.example,Payroll,50126,Invalid username or password,1 Sign-in fails,Mobile Apps and Desktop clients,US
2026-08-05T05:18,u2556@contoso.example,Microsoft Teams,50053,Account locked (smart lockout),5 Lockout loop,Browser,IN
2026-08-05T05:21,u1468@contoso.example,Service Desk,50126,Invalid username or password,1 Sign-in fails,Mobile Apps and Desktop clients,US
2026-08-05T05:30,u2182@contoso.example,Office 365 Exchange Online,50055,Password expired,1 Sign-in fails,Mobile Apps and Desktop clients,IN
2026-08-05T05:33,u4921@contoso.example,Azure Portal,50074,"MFA required, not completed",2 MFA problems,Browser,US
2026-08-05T05:39,u3445@contoso.example,VPN,50053,Account locked (smart lockout),5 Lockout loop,Mobile Apps and Desktop clients,IN
2026-08-05T05:44,u3993@contoso.example,CRM,53000,Device not compliant,15 Compliance and PRT,Mobile Apps and Desktop clients,US
2026-08-05T05:47,u2975@contoso.example,SharePoint Online,53000,Device not compliant,15 Compliance and PRT,Mobile Apps and Desktop clients,IN
2026-08-05T05:51,u1382@contoso.example,Office 365 Exchange Online,50053,Account locked (smart lockout),5 Lockout loop,Browser,US
2026-08-05T05:52,u4794@contoso.example,HR Portal,50126,Invalid username or password,1 Sign-in fails,Browser,IN
2026-08-05T05:52,u3329@contoso.example,Service Desk,500121,MFA challenge failed,2 MFA problems,Browser,IN
2026-08-05T06:00,u4352@contoso.example,HR Portal,50074,"MFA required, not completed",2 MFA problems,Mobile Apps and Desktop clients,IN
2026-08-05T06:02,u3058@contoso.example,SharePoint Online,50074,"MFA required, not completed",2 MFA problems,Mobile Apps and Desktop clients,US
2026-08-05T06:07,u4209@contoso.example,Payroll,53003,Blocked by Conditional Access,3 Conditional Access,Browser,IN
2026-08-05T06:16,u1676@contoso.example,Office 365 Exchange Online,50126,Invalid username or password,1 Sign-in fails,Browser,IN
2026-08-05T06:34,u1409@contoso.example,Service Desk,50126,Invalid username or password,1 Sign-in fails,Mobile Apps and Desktop clients,IN
2026-08-05T06:37,u3134@contoso.example,HR Portal,50126,Invalid username or password,1 Sign-in fails,Browser,US
2026-08-05T06:59,u1154@contoso.example,CRM,50074,"MFA required, not completed",2 MFA problems,Browser,IN
2026-08-05T07:13,u3285@contoso.example,Azure Portal,50126,Invalid username or password,1 Sign-in fails,Browser,US
2026-08-05T07:14,u2766@contoso.example,Service Desk,500121,MFA challenge failed,2 MFA problems,Browser,IN
2026-08-05T07:19,u3432@contoso.example,Payroll,50126,Invalid username or password,1 Sign-in fails,Browser,US
2026-08-05T07:35,u1340@contoso.example,Azure Portal,50011,Reply URL mismatch,7 App authentication,Mobile Apps and Desktop clients,US
2026-08-05T07:38,u3751@contoso.example,HR Portal,50126,Invalid username or password,1 Sign-in fails,Mobile Apps and Desktop clients,US
2026-08-05T07:53,u4399@contoso.example,Azure Portal,50126,Invalid username or password,1 Sign-in fails,Mobile Apps and Desktop clients,IN
2026-08-05T08:03,u2466@contoso.example,Office 365 Exchange Online,50057,Account disabled,1 Sign-in fails,Browser,IN
2026-08-05T08:06,u2891@contoso.example,Payroll,50158,External MFA challenge not met,2 MFA problems,Mobile Apps and Desktop clients,GB
2026-08-05T08:11,u1756@contoso.example,SharePoint Online,50126,Invalid username or password,1 Sign-in fails,Browser,DE
2026-08-05T08:19,u1834@contoso.example,Microsoft Teams,500121,MFA challenge failed,2 MFA problems,Exchange ActiveSync,DE
2026-08-05T08:25,u4808@contoso.example,Service Desk,53000,Device not compliant,15 Compliance and PRT,Browser,US
2026-08-05T08:28,u2494@contoso.example,Office 365 Exchange Online,500121,MFA challenge failed,2 MFA problems,Mobile Apps and Desktop clients,US
2026-08-05T08:49,u3104@contoso.example,SharePoint Online,50126,Invalid username or password,1 Sign-in fails,Browser,GB
2026-08-05T09:03,u1179@contoso.example,Microsoft Teams,53000,Device not compliant,15 Compliance and PRT,Browser,GB
2026-08-05T09:12,u3147@contoso.example,SharePoint Online,50126,Invalid username or password,1 Sign-in fails,Browser,US
2026-08-05T09:24,u3736@contoso.example,VPN,500121,MFA challenge failed,2 MFA problems,Mobile Apps and Desktop clients,IN
2026-08-05T09:29,u4897@contoso.example,HR Portal,500121,MFA challenge failed,2 MFA problems,Browser,IN
2026-08-05T09:37,u1351@contoso.example,VPN,53003,Blocked by Conditional Access,3 Conditional Access,Mobile Apps and Desktop clients,IN
2026-08-05T09:42,u3961@contoso.example,HR Portal,50126,Invalid username or password,1 Sign-in fails,Exchange ActiveSync,IN
2026-08-05T09:48,u1286@contoso.example,Azure Portal,500121,MFA challenge failed,2 MFA problems,Mobile Apps and Desktop clients,US
2026-08-05T09:55,u2620@contoso.example,HR Portal,50105,User not assigned to app,9 Assignment and consent,Browser,IN
2026-08-05T10:16,u2868@contoso.example,SharePoint Online,50053,Account locked (smart lockout),5 Lockout loop,Mobile Apps and Desktop clients,IN
2026-08-05T10:17,u1185@contoso.example,Azure Portal,500121,MFA challenge failed,2 MFA problems,Mobile Apps and Desktop clients,IN
2026-08-05T10:20,u4758@contoso.example,Payroll,65001,Consent not granted,9 Assignment and consent,Mobile Apps and Desktop clients,SG
2026-08-05T10:22,u2604@contoso.example,HR Portal,50053,Account locked (smart lockout),5 Lockout loop,Browser,GB
2026-08-05T10:25,u4327@contoso.example,VPN,50126,Invalid username or password,1 Sign-in fails,Browser,IN
2026-08-05T10:37,u2794@contoso.example,CRM,50053,Account locked (smart lockout),5 Lockout loop,Browser,IN
2026-08-05T10:39,u4367@contoso.example,CRM,50053,Account locked (smart lockout),5 Lockout loop,Browser,SG
2026-08-05T10:42,u3151@contoso.example,Microsoft Teams,50126,Invalid username or password,1 Sign-in fails,Mobile Apps and Desktop clients,IN
2026-08-05T10:46,u3387@contoso.example,Service Desk,70043,Sign-in frequency expired,6 Repeated prompts,Exchange ActiveSync,GB
2026-08-05T10:59,u3431@contoso.example,Payroll,50126,Invalid username or password,1 Sign-in fails,Browser,US
2026-08-05T11:02,u2853@contoso.example,CRM,53000,Device not compliant,15 Compliance and PRT,Browser,US
2026-08-05T11:54,u4910@contoso.example,SharePoint Online,50074,"MFA required, not completed",2 MFA problems,Browser,IN
2026-08-05T12:00,u4235@contoso.example,Service Desk,50053,Account locked (smart lockout),5 Lockout loop,Mobile Apps and Desktop clients,IN
2026-08-05T12:05,u2714@contoso.example,VPN,50126,Invalid username or password,1 Sign-in fails,Browser,IN
2026-08-05T12:17,u2593@contoso.example,VPN,50011,Reply URL mismatch,7 App authentication,Browser,GB
2026-08-05T12:23,u4881@contoso.example,HR Portal,65001,Consent not granted,9 Assignment and consent,Mobile Apps and Desktop clients,IN
2026-08-05T12:55,u2547@contoso.example,Azure Portal,50126,Invalid username or password,1 Sign-in fails,Browser,GB
2026-08-05T12:55,u4197@contoso.example,Office 365 Exchange Online,50126,Invalid username or password,1 Sign-in fails,Exchange ActiveSync,DE
2026-08-05T13:05,u4956@contoso.example,SharePoint Online,500121,MFA challenge failed,2 MFA problems,Browser,IN
2026-08-05T13:08,u1378@contoso.example,VPN,50126,Invalid username or password,1 Sign-in fails,Mobile Apps and Desktop clients,GB
2026-08-05T13:14,u4928@contoso.example,CRM,50053,Account locked (smart lockout),5 Lockout loop,Browser,IN
2026-08-05T13:19,u3095@contoso.example,Payroll,70043,Sign-in frequency expired,6 Repeated prompts,Browser,SG
2026-08-05T13:21,u2484@contoso.example,Microsoft Teams,50074,"MFA required, not completed",2 MFA problems,Browser,IN
2026-08-05T13:21,u2895@contoso.example,Payroll,50126,Invalid username or password,1 Sign-in fails,Exchange ActiveSync,IN
2026-08-05T13:24,u2272@contoso.example,VPN,50057,Account disabled,1 Sign-in fails,Mobile Apps and Desktop clients,IN
2026-08-05T13:26,u4788@contoso.example,Microsoft Teams,50074,"MFA required, not completed",2 MFA problems,Mobile Apps and Desktop clients,IN
2026-08-05T13:28,u3966@contoso.example,Payroll,90072,Guest account not in tenant,22 Guest access,Browser,GB
2026-08-05T13:32,u2990@contoso.example,SharePoint Online,50105,User not assigned to app,9 Assignment and consent,Mobile Apps and Desktop clients,IN
2026-08-05T13:37,u4580@contoso.example,CRM,50053,Account locked (smart lockout),5 Lockout loop,Browser,DE
2026-08-05T13:39,u4376@contoso.example,SharePoint Online,50057,Account disabled,1 Sign-in fails,Mobile Apps and Desktop clients,IN
2026-08-05T13:46,u2817@contoso.example,SharePoint Online,53003,Blocked by Conditional Access,3 Conditional Access,Mobile Apps and Desktop clients,DE
2026-08-05T13:49,u3790@contoso.example,SharePoint Online,53003,Blocked by Conditional Access,3 Conditional Access,Browser,US
2026-08-05T13:56,u1336@contoso.example,Microsoft Teams,70043,Sign-in frequency expired,6 Repeated prompts,Mobile Apps and Desktop clients,IN
2026-08-05T14:04,u1079@contoso.example,Microsoft Teams,50105,User not assigned to app,9 Assignment and consent,Browser,US
2026-08-05T14:12,u1107@contoso.example,Payroll,50053,Account locked (smart lockout),5 Lockout loop,Mobile Apps and Desktop clients,GB
2026-08-05T14:13,u1483@contoso.example,CRM,500121,MFA challenge failed,2 MFA problems,Browser,US
2026-08-05T14:17,u1344@contoso.example,Azure Portal,53000,Device not compliant,15 Compliance and PRT,Browser,IN
2026-08-05T14:33,u3970@contoso.example,HR Portal,500121,MFA challenge failed,2 MFA problems,Mobile Apps and Desktop clients,IN
2026-08-05T14:38,u4705@contoso.example,Service Desk,50126,Invalid username or password,1 Sign-in fails,Mobile Apps and Desktop clients,IN
2026-08-05T14:38,u1597@contoso.example,Payroll,50126,Invalid username or password,1 Sign-in fails,Browser,IN
2026-08-05T14:45,u3686@contoso.example,Azure Portal,50126,Invalid username or password,1 Sign-in fails,Mobile Apps and Desktop clients,IN
2026-08-05T14:49,u4461@contoso.example,SharePoint Online,50057,Account disabled,1 Sign-in fails,Browser,GB
2026-08-05T14:57,u4406@contoso.example,CRM,53003,Blocked by Conditional Access,3 Conditional Access,Mobile Apps and Desktop clients,US
2026-08-05T14:58,u1710@contoso.example,Microsoft Teams,50105,User not assigned to app,9 Assignment and consent,Mobile Apps and Desktop clients,IN
2026-08-05T15:08,u4274@contoso.example,Payroll,50126,Invalid username or password,1 Sign-in fails,Browser,IN
2026-08-05T15:08,u1111@contoso.example,CRM,50126,Invalid username or password,1 Sign-in fails,Browser,GB
2026-08-05T15:10,u3885@contoso.example,Microsoft Teams,50055,Password expired,1 Sign-in fails,Exchange ActiveSync,IN
2026-08-05T15:11,u3796@contoso.example,VPN,50126,Invalid username or password,1 Sign-in fails,Mobile Apps and Desktop clients,US
2026-08-05T15:16,u4373@contoso.example,Payroll,70043,Sign-in frequency expired,6 Repeated prompts,Browser,IN
2026-08-05T15:18,u4292@contoso.example,SharePoint Online,50126,Invalid username or password,1 Sign-in fails,Browser,IN
2026-08-05T15:25,u4852@contoso.example,Office 365 Exchange Online,50074,"MFA required, not completed",2 MFA problems,Browser,IN
2026-08-05T15:30,u1755@contoso.example,VPN,70043,Sign-in frequency expired,6 Repeated prompts,Browser,IN
2026-08-05T15:39,u1915@contoso.example,Payroll,53003,Blocked by Conditional Access,3 Conditional Access,Browser,US
2026-08-05T15:41,u3141@contoso.example,SharePoint Online,50126,Invalid username or password,1 Sign-in fails,Exchange ActiveSync,IN
2026-08-05T15:46,u3547@contoso.example,Service Desk,70043,Sign-in frequency expired,6 Repeated prompts,Mobile Apps and Desktop clients,US
2026-08-05T15:49,u1846@contoso.example,Payroll,50074,"MFA required, not completed",2 MFA problems,Browser,IN
2026-08-05T15:51,u4082@contoso.example,SharePoint Online,50126,Invalid username or password,1 Sign-in fails,Exchange ActiveSync,SG
2026-08-05T15:52,u1422@contoso.example,VPN,50126,Invalid username or password,1 Sign-in fails,Browser,IN
2026-08-05T16:04,u4591@contoso.example,Office 365 Exchange Online,500121,MFA challenge failed,2 MFA problems,Browser,US
2026-08-05T16:24,u3804@contoso.example,Service Desk,500121,MFA challenge failed,2 MFA problems,Exchange ActiveSync,IN
2026-08-05T16:27,u2829@contoso.example,Service Desk,50126,Invalid username or password,1 Sign-in fails,Browser,US
2026-08-05T16:32,u2124@contoso.example,Payroll,53003,Blocked by Conditional Access,3 Conditional Access,Mobile Apps and Desktop clients,IN
2026-08-05T16:58,u1454@contoso.example,Service Desk,50126,Invalid username or password,1 Sign-in fails,Browser,IN
2026-08-05T16:59,u1513@contoso.example,Service Desk,500121,MFA challenge failed,2 MFA problems,Mobile Apps and Desktop clients,IN
2026-08-05T17:11,u1597@contoso.example,Service Desk,53000,Device not compliant,15 Compliance and PRT,Mobile Apps and Desktop clients,US
2026-08-05T17:27,u3583@contoso.example,Office 365 Exchange Online,53003,Blocked by Conditional Access,3 Conditional Access,Browser,US
2026-08-05T17:28,u4871@contoso.example,Office 365 Exchange Online,50126,Invalid username or password,1 Sign-in fails,Browser,IN
2026-08-05T17:39,u1145@contoso.example,CRM,53003,Blocked by Conditional Access,3 Conditional Access,Mobile Apps and Desktop clients,US
2026-08-05T17:42,u1683@contoso.example,SharePoint Online,50057,Account disabled,1 Sign-in fails,Mobile Apps and Desktop clients,IN
2026-08-05T17:45,u3893@contoso.example,Office 365 Exchange Online,50074,"MFA required, not completed",2 MFA problems,Exchange ActiveSync,IN
2026-08-05T18:02,u4768@contoso.example,Microsoft Teams,53003,Blocked by Conditional Access,3 Conditional Access,Mobile Apps and Desktop clients,SG
2026-08-05T18:11,u4390@contoso.example,HR Portal,500121,MFA challenge failed,2 MFA problems,Browser,US
2026-08-05T18:34,u3812@contoso.example,Service Desk,90072,Guest account not in tenant,22 Guest access,Browser,IN
2026-08-05T18:52,u2623@contoso.example,CRM,500121,MFA challenge failed,2 MFA problems,Mobile Apps and Desktop clients,US
2026-08-05T19:23,u2873@contoso.example,VPN,50057,Account disabled,1 Sign-in fails,Browser,IN
2026-08-05T19:24,u4102@contoso.example,Azure Portal,90072,Guest account not in tenant,22 Guest access,Mobile Apps and Desktop clients,GB
2026-08-05T19:36,u2793@contoso.example,Service Desk,70043,Sign-in frequency expired,6 Repeated prompts,Browser,US
2026-08-05T19:37,u4018@contoso.example,SharePoint Online,500121,MFA challenge failed,2 MFA problems,Browser,IN
2026-08-05T19:42,u2571@contoso.example,Office 365 Exchange Online,53003,Blocked by Conditional Access,3 Conditional Access,Browser,IN
2026-08-05T19:47,u3714@contoso.example,Microsoft Teams,50126,Invalid username or password,1 Sign-in fails,Browser,US
2026-08-05T19:47,u1274@contoso.example,VPN,50053,Account locked (smart lockout),5 Lockout loop,Mobile Apps and Desktop clients,US
2026-08-05T20:05,u3184@contoso.example,SharePoint Online,50126,Invalid username or password,1 Sign-in fails,Browser,GB
2026-08-05T20:14,u1924@contoso.example,CRM,50057,Account disabled,1 Sign-in fails,Browser,US
2026-08-05T20:19,u4966@contoso.example,HR Portal,50053,Account locked (smart lockout),5 Lockout loop,Browser,IN
2026-08-05T20:19,u2874@contoso.example,Office 365 Exchange Online,50126,Invalid username or password,1 Sign-in fails,Mobile Apps and Desktop clients,GB
2026-08-05T20:34,u4042@contoso.example,HR Portal,50055,Password expired,1 Sign-in fails,Browser,US
2026-08-05T20:45,u2082@contoso.example,SharePoint Online,50057,Account disabled,1 Sign-in fails,Mobile Apps and Desktop clients,US
2026-08-05T20:48,u4072@contoso.example,CRM,50126,Invalid username or password,1 Sign-in fails,Mobile Apps and Desktop clients,US
2026-08-05T20:49,u2398@contoso.example,HR Portal,50126,Invalid username or password,1 Sign-in fails,Browser,IN
2026-08-05T20:54,u2402@contoso.example,VPN,50011,Reply URL mismatch,7 App authentication,Browser,GB
2026-08-05T20:55,u1995@contoso.example,Microsoft Teams,50105,User not assigned to app,9 Assignment and consent,Browser,IN
2026-08-05T21:01,u4025@contoso.example,Azure Portal,50126,Invalid username or password,1 Sign-in fails,Mobile Apps and Desktop clients,GB
2026-08-05T21:14,u2900@contoso.example,Azure Portal,50055,Password expired,1 Sign-in fails,Mobile Apps and Desktop clients,IN
2026-08-05T21:18,u1515@contoso.example,CRM,500121,MFA challenge failed,2 MFA problems,Browser,SG
2026-08-05T21:45,u1134@contoso.example,Payroll,50126,Invalid username or password,1 Sign-in fails,Mobile Apps and Desktop clients,IN
2026-08-05T21:45,u1882@contoso.example,HR Portal,50074,"MFA required, not completed",2 MFA problems,Mobile Apps and Desktop clients,IN
2026-08-05T21:55,u1952@contoso.example,HR Portal,53003,Blocked by Conditional Access,3 Conditional Access,Browser,IN
2026-08-05T21:57,u2482@contoso.example,Office 365 Exchange Online,500121,MFA challenge failed,2 MFA problems,Browser,IN
2026-08-05T22:03,u2951@contoso.example,Azure Portal,500121,MFA challenge failed,2 MFA problems,Browser,IN
2026-08-05T22:04,u4040@contoso.example,VPN,50126,Invalid username or password,1 Sign-in fails,Mobile Apps and Desktop clients,IN
2026-08-05T22:09,u4990@contoso.example,VPN,50126,Invalid username or password,1 Sign-in fails,Mobile Apps and Desktop clients,IN
2026-08-05T22:15,u3424@contoso.example,SharePoint Online,50074,"MFA required, not completed",2 MFA problems,Mobile Apps and Desktop clients,IN
2026-08-05T22:20,u3764@contoso.example,HR Portal,50011,Reply URL mismatch,7 App authentication,Browser,US
2026-08-05T22:20,u4757@contoso.example,Azure Portal,50126,Invalid username or password,1 Sign-in fails,Mobile Apps and Desktop clients,IN
2026-08-05T22:25,u4147@contoso.example,Office 365 Exchange Online,500121,MFA challenge failed,2 MFA problems,Mobile Apps and Desktop clients,IN
2026-08-05T22:26,u2780@contoso.example,HR Portal,50126,Invalid username or password,1 Sign-in fails,Mobile Apps and Desktop clients,IN
2026-08-05T22:41,u1003@contoso.example,Microsoft Teams,50053,Account locked (smart lockout),5 Lockout loop,Browser,US
2026-08-05T22:43,u2796@contoso.example,CRM,50105,User not assigned to app,9 Assignment and consent,Browser,IN
2026-08-05T22:46,u3807@contoso.example,Azure Portal,50126,Invalid username or password,1 Sign-in fails,Browser,US
2026-08-05T22:53,u3208@contoso.example,Service Desk,50074,"MFA required, not completed",2 MFA problems,Browser,IN
2026-08-05T22:53,u4302@contoso.example,Payroll,90072,Guest account not in tenant,22 Guest access,Browser,US
2026-08-05T22:56,u2966@contoso.example,Office 365 Exchange Online,50074,"MFA required, not completed",2 MFA problems,Mobile Apps and Desktop clients,US
2026-08-05T23:01,u1636@contoso.example,Microsoft Teams,53000,Device not compliant,15 Compliance and PRT,Browser,IN
2026-08-05T23:01,u2508@contoso.example,HR Portal,53000,Device not compliant,15 Compliance and PRT,Mobile Apps and Desktop clients,IN
2026-08-05T23:17,u3266@contoso.example,Azure Portal,53000,Device not compliant,15 Compliance and PRT,Exchange ActiveSync,DE
2026-08-05T23:21,u2018@contoso.example,HR Portal,50105,User not assigned to app,9 Assignment and consent,Browser,IN
2026-08-05T23:21,u3605@contoso.example,VPN,70043,Sign-in frequency expired,6 Repeated prompts,Mobile Apps and Desktop clients,IN
2026-08-05T23:28,u3330@contoso.example,CRM,500121,MFA challenge failed,2 MFA problems,Mobile Apps and Desktop clients,US
2026-08-05T23:29,u3023@contoso.example,Microsoft Teams,50053,Account locked (smart lockout),5 Lockout loop,Browser,IN
2026-08-05T23:43,u2706@contoso.example,Service Desk,50053,Account locked (smart lockout),5 Lockout loop,Mobile Apps and Desktop clients,US
2026-08-05T23:43,u3933@contoso.example,Microsoft Teams,50053,Account locked (smart lockout),5 Lockout loop,Browser,IN
2026-08-05T23:49,u1270@contoso.example,Azure Portal,70043,Sign-in frequency expired,6 Repeated prompts,IMAP4,SG
2026-08-06T00:00,u4741@contoso.example,Payroll,50105,User not assigned to app,9 Assignment and consent,Browser,IN
2026-08-06T00:02,u1781@contoso.example,Office 365 Exchange Online,50126,Invalid username or password,1 Sign-in fails,Browser,IN
2026-08-06T00:19,u1482@contoso.example,Payroll,50126,Invalid username or password,1 Sign-in fails,Browser,GB
2026-08-06T00:20,u1702@contoso.example,CRM,50055,Password expired,1 Sign-in fails,Browser,IN
2026-08-06T00:38,u1293@contoso.example,CRM,50126,Invalid username or password,1 Sign-in fails,Browser,IN
2026-08-06T00:39,u1617@contoso.example,Microsoft Teams,500121,MFA challenge failed,2 MFA problems,Browser,US
2026-08-06T00:50,u1161@contoso.example,CRM,50126,Invalid username or password,1 Sign-in fails,Mobile Apps and Desktop clients,IN
2026-08-06T01:06,u3387@contoso.example,CRM,500121,MFA challenge failed,2 MFA problems,Exchange ActiveSync,SG
2026-08-06T01:07,u2160@contoso.example,CRM,50053,Account locked (smart lockout),5 Lockout loop,Mobile Apps and Desktop clients,IN
2026-08-06T01:09,u4467@contoso.example,Payroll,50126,Invalid username or password,1 Sign-in fails,Mobile Apps and Desktop clients,SG
2026-08-06T01:09,u4992@contoso.example,Microsoft Teams,500121,MFA challenge failed,2 MFA problems,Mobile Apps and Desktop clients,US
2026-08-06T01:11,u3332@contoso.example,SharePoint Online,50158,External MFA challenge not met,2 MFA problems,Mobile Apps and Desktop clients,SG
2026-08-06T01:18,u4191@contoso.example,CRM,53003,Blocked by Conditional Access,3 Conditional Access,IMAP4,IN
2026-08-06T01:19,u1899@contoso.example,Microsoft Teams,50126,Invalid username or password,1 Sign-in fails,Browser,IN
2026-08-06T01:20,u3732@contoso.example,Office 365 Exchange Online,53000,Device not compliant,15 Compliance and PRT,Browser,IN
2026-08-06T01:25,u1560@contoso.example,Payroll,50053,Account locked (smart lockout),5 Lockout loop,Mobile Apps and Desktop clients,DE
2026-08-06T01:26,u4179@contoso.example,Service Desk,500121,MFA challenge failed,2 MFA problems,Browser,IN
2026-08-06T01:27,u3693@contoso.example,Azure Portal,50053,Account locked (smart lockout),5 Lockout loop,Browser,US
2026-08-06T01:50,u3473@contoso.example,SharePoint Online,50126,Invalid username or password,1 Sign-in fails,Mobile Apps and Desktop clients,US
2026-08-06T01:58,u4920@contoso.example,CRM,50055,Password expired,1 Sign-in fails,Mobile Apps and Desktop clients,IN
2026-08-06T02:01,u1318@contoso.example,Office 365 Exchange Online,53000,Device not compliant,15 Compliance and PRT,Mobile Apps and Desktop clients,GB
2026-08-06T02:10,u4568@contoso.example,Azure Portal,70043,Sign-in frequency expired,6 Repeated prompts,Mobile Apps and Desktop clients,IN
2026-08-06T02:11,u4805@contoso.example,VPN,500121,MFA challenge failed,2 MFA problems,Mobile Apps and Desktop clients,GB
2026-08-06T02:12,u3053@contoso.example,Payroll,50105,User not assigned to app,9 Assignment and consent,Browser,IN
2026-08-06T02:16,u2565@contoso.example,Office 365 Exchange Online,500121,MFA challenge failed,2 MFA problems,Browser,IN
2026-08-06T02:16,u4872@contoso.example,Azure Portal,50126,Invalid username or password,1 Sign-in fails,Browser,IN
2026-08-06T02:20,u1979@contoso.example,HR Portal,70043,Sign-in frequency expired,6 Repeated prompts,Mobile Apps and Desktop clients,IN
2026-08-06T02:36,u2699@contoso.example,Microsoft Teams,65001,Consent not granted,9 Assignment and consent,Mobile Apps and Desktop clients,IN
2026-08-06T02:44,u4029@contoso.example,Office 365 Exchange Online,70043,Sign-in frequency expired,6 Repeated prompts,Browser,US
2026-08-06T02:46,u3014@contoso.example,SharePoint Online,53003,Blocked by Conditional Access,3 Conditional Access,IMAP4,IN
2026-08-06T02:52,u4464@contoso.example,SharePoint Online,500121,MFA challenge failed,2 MFA problems,Browser,IN
2026-08-06T02:56,u2416@contoso.example,HR Portal,50053,Account locked (smart lockout),5 Lockout loop,Browser,IN
2026-08-06T02:58,u1352@contoso.example,HR Portal,50126,Invalid username or password,1 Sign-in fails,Browser,DE
2026-08-06T03:09,u3148@contoso.example,Service Desk,53000,Device not compliant,15 Compliance and PRT,Mobile Apps and Desktop clients,IN
2026-08-06T03:15,u1131@contoso.example,Azure Portal,53003,Blocked by Conditional Access,3 Conditional Access,Mobile Apps and Desktop clients,DE
2026-08-06T03:23,u4572@contoso.example,Microsoft Teams,500121,MFA challenge failed,2 MFA problems,Browser,GB
2026-08-06T03:40,u2384@contoso.example,HR Portal,50055,Password expired,1 Sign-in fails,Mobile Apps and Desktop clients,GB
2026-08-06T03:55,u2890@contoso.example,Microsoft Teams,50126,Invalid username or password,1 Sign-in fails,Mobile Apps and Desktop clients,IN
2026-08-06T04:09,u1159@contoso.example,Azure Portal,500121,MFA challenge failed,2 MFA problems,Browser,US
2026-08-06T04:28,u2709@contoso.example,CRM,53003,Blocked by Conditional Access,3 Conditional Access,Mobile Apps and Desktop clients,IN
2026-08-06T04:42,u3036@contoso.example,HR Portal,50105,User not assigned to app,9 Assignment and consent,Browser,IN
2026-08-06T04:45,u2828@contoso.example,Azure Portal,50126,Invalid username or password,1 Sign-in fails,Mobile Apps and Desktop clients,GB
2026-08-06T04:46,u1087@contoso.example,CRM,500121,MFA challenge failed,2 MFA problems,Mobile Apps and Desktop clients,IN
2026-08-06T04:56,u3310@contoso.example,HR Portal,500121,MFA challenge failed,2 MFA problems,Browser,IN
2026-08-06T04:56,u1472@contoso.example,SharePoint Online,50126,Invalid username or password,1 Sign-in fails,Mobile Apps and Desktop clients,IN
2026-08-06T05:03,u3888@contoso.example,CRM,53003,Blocked by Conditional Access,3 Conditional Access,Mobile Apps and Desktop clients,IN
2026-08-06T05:07,u3792@contoso.example,Payroll,50126,Invalid username or password,1 Sign-in fails,Mobile Apps and Desktop clients,GB
2026-08-06T05:18,u2780@contoso.example,SharePoint Online,50126,Invalid username or password,1 Sign-in fails,Mobile Apps and Desktop clients,US
2026-08-06T05:19,u3177@contoso.example,Office 365 Exchange Online,70043,Sign-in frequency expired,6 Repeated prompts,Browser,US
2026-08-06T05:37,u4539@contoso.example,Service Desk,50053,Account locked (smart lockout),5 Lockout loop,IMAP4,IN
2026-08-06T05:42,u1092@contoso.example,VPN,50105,User not assigned to app,9 Assignment and consent,Mobile Apps and Desktop clients,US
2026-08-06T05:58,u1935@contoso.example,Payroll,53003,Blocked by Conditional Access,3 Conditional Access,Browser,GB
2026-08-06T06:03,u4116@contoso.example,VPN,50053,Account locked (smart lockout),5 Lockout loop,Mobile Apps and Desktop clients,US
2026-08-06T06:03,u3734@contoso.example,SharePoint Online,50074,"MFA required, not completed",2 MFA problems,Browser,GB
2026-08-06T06:30,u1991@contoso.example,Service Desk,65001,Consent not granted,9 Assignment and consent,Mobile Apps and Desktop clients,IN
2026-08-06T06:39,u1495@contoso.example,Payroll,65001,Consent not granted,9 Assignment and consent,Browser,IN
2026-08-06T06:46,u3166@contoso.example,HR Portal,50053,Account locked (smart lockout),5 Lockout loop,Mobile Apps and Desktop clients,GB
2026-08-06T06:48,u1415@contoso.example,SharePoint Online,53003,Blocked by Conditional Access,3 Conditional Access,Browser,US
2026-08-06T07:13,u1207@contoso.example,CRM,50126,Invalid username or password,1 Sign-in fails,Mobile Apps and Desktop clients,US
2026-08-06T07:14,u3428@contoso.example,SharePoint Online,50074,"MFA required, not completed",2 MFA problems,Browser,US
2026-08-06T07:14,u1617@contoso.example,Office 365 Exchange Online,50126,Invalid username or password,1 Sign-in fails,Mobile Apps and Desktop clients,US
2026-08-06T07:33,u4414@contoso.example,Azure Portal,50158,External MFA challenge not met,2 MFA problems,Mobile Apps and Desktop clients,IN
2026-08-06T07:39,u2261@contoso.example,Office 365 Exchange Online,53003,Blocked by Conditional Access,3 Conditional Access,Browser,GB
2026-08-06T07:44,u1749@contoso.example,VPN,50126,Invalid username or password,1 Sign-in fails,Mobile Apps and Desktop clients,IN
2026-08-06T07:48,u4288@contoso.example,Payroll,50053,Account locked (smart lockout),5 Lockout loop,Exchange ActiveSync,DE
2026-08-06T08:15,u4730@contoso.example,Azure Portal,500121,MFA challenge failed,2 MFA problems,Browser,IN
2026-08-06T08:34,u2872@contoso.example,Azure Portal,50055,Password expired,1 Sign-in fails,IMAP4,IN
2026-08-06T08:38,u2927@contoso.example,Office 365 Exchange Online,500121,MFA challenge failed,2 MFA problems,Mobile Apps and Desktop clients,US
2026-08-06T08:47,u2059@contoso.example,Microsoft Teams,50126,Invalid username or password,1 Sign-in fails,Mobile Apps and Desktop clients,IN
2026-08-06T08:54,u3737@contoso.example,Payroll,50011,Reply URL mismatch,7 App authentication,Browser,IN
2026-08-06T09:04,u1184@contoso.example,SharePoint Online,53003,Blocked by Conditional Access,3 Conditional Access,Mobile Apps and Desktop clients,IN
2026-08-06T09:07,u2906@contoso.example,Service Desk,50126,Invalid username or password,1 Sign-in fails,Browser,US
2026-08-06T09:08,u2261@contoso.example,HR Portal,50011,Reply URL mismatch,7 App authentication,Browser,SG
2026-08-06T09:10,u3518@contoso.example,Service Desk,53000,Device not compliant,15 Compliance and PRT,Exchange ActiveSync,IN
2026-08-06T09:14,u3707@contoso.example,HR Portal,50055,Password expired,1 Sign-in fails,Browser,IN
2026-08-06T09:18,u1754@contoso.example,VPN,50011,Reply URL mismatch,7 App authentication,Mobile Apps and Desktop clients,IN
2026-08-06T09:19,u2007@contoso.example,VPN,500121,MFA challenge failed,2 MFA problems,Mobile Apps and Desktop clients,DE
2026-08-06T09:32,u1910@contoso.example,SharePoint Online,53000,Device not compliant,15 Compliance and PRT,Mobile Apps and Desktop clients,IN
2026-08-06T09:36,u4963@contoso.example,Microsoft Teams,50074,"MFA required, not completed",2 MFA problems,Mobile Apps and Desktop clients,IN
2026-08-06T09:46,u1527@contoso.example,Microsoft Teams,53003,Blocked by Conditional Access,3 Conditional Access,Browser,GB
2026-08-06T09:54,u3002@contoso.example,Payroll,50126,Invalid username or password,1 Sign-in fails,Mobile Apps and Desktop clients,IN
2026-08-06T09:58,u2857@contoso.example,CRM,53003,Blocked by Conditional Access,3 Conditional Access,Mobile Apps and Desktop clients,IN
2026-08-06T10:00,u2454@contoso.example,CRM,50126,Invalid username or password,1 Sign-in fails,Browser,US
2026-08-06T10:09,u3664@contoso.example,Service Desk,50126,Invalid username or password,1 Sign-in fails,Browser,IN
2026-08-06T10:25,u2617@contoso.example,HR Portal,50126,Invalid username or password,1 Sign-in fails,Exchange ActiveSync,US
2026-08-06T10:26,u1229@contoso.example,CRM,50057,Account disabled,1 Sign-in fails,Mobile Apps and Desktop clients,IN
2026-08-06T10:35,u4042@contoso.example,Payroll,50126,Invalid username or password,1 Sign-in fails,Exchange ActiveSync,US
2026-08-06T10:37,u3662@contoso.example,HR Portal,53003,Blocked by Conditional Access,3 Conditional Access,Browser,IN
2026-08-06T11:02,u1353@contoso.example,SharePoint Online,53003,Blocked by Conditional Access,3 Conditional Access,Browser,GB
2026-08-06T11:02,u4595@contoso.example,Payroll,50074,"MFA required, not completed",2 MFA problems,Mobile Apps and Desktop clients,IN
2026-08-06T11:12,u3311@contoso.example,Azure Portal,50053,Account locked (smart lockout),5 Lockout loop,Browser,IN
2026-08-06T11:16,u2031@contoso.example,HR Portal,50053,Account locked (smart lockout),5 Lockout loop,Mobile Apps and Desktop clients,IN
2026-08-06T11:20,u2848@contoso.example,VPN,50126,Invalid username or password,1 Sign-in fails,Mobile Apps and Desktop clients,US
2026-08-06T11:22,u4332@contoso.example,Azure Portal,50074,"MFA required, not completed",2 MFA problems,Browser,US
2026-08-06T11:27,u1168@contoso.example,HR Portal,53000,Device not compliant,15 Compliance and PRT,Browser,IN
2026-08-06T11:49,u1044@contoso.example,HR Portal,500121,MFA challenge failed,2 MFA problems,Mobile Apps and Desktop clients,US
2026-08-06T11:56,u4131@contoso.example,Payroll,53000,Device not compliant,15 Compliance and PRT,Mobile Apps and Desktop clients,GB
2026-08-06T12:07,u4107@contoso.example,Azure Portal,50055,Password expired,1 Sign-in fails,Browser,GB
2026-08-06T12:09,u3590@contoso.example,SharePoint Online,50074,"MFA required, not completed",2 MFA problems,Browser,IN
2026-08-06T12:27,u1996@contoso.example,Azure Portal,50053,Account locked (smart lockout),5 Lockout loop,Browser,IN
2026-08-06T12:30,u2620@contoso.example,HR Portal,50053,Account locked (smart lockout),5 Lockout loop,Mobile Apps and Desktop clients,IN
2026-08-06T12:30,u2032@contoso.example,Microsoft Teams,50158,External MFA challenge not met,2 MFA problems,Browser,IN
2026-08-06T12:45,u2600@contoso.example,Office 365 Exchange Online,50126,Invalid username or password,1 Sign-in fails,Mobile Apps and Desktop clients,IN
2026-08-06T12:46,u2968@contoso.example,Azure Portal,50105,User not assigned to app,9 Assignment and consent,Browser,US
2026-08-06T12:48,u1789@contoso.example,Office 365 Exchange Online,50126,Invalid username or password,1 Sign-in fails,Mobile Apps and Desktop clients,IN
2026-08-06T12:50,u1811@contoso.example,Azure Portal,50126,Invalid username or password,1 Sign-in fails,Mobile Apps and Desktop clients,IN
2026-08-06T13:06,u3357@contoso.example,HR Portal,53000,Device not compliant,15 Compliance and PRT,Mobile Apps and Desktop clients,IN
2026-08-06T13:14,u2614@contoso.example,VPN,50126,Invalid username or password,1 Sign-in fails,Mobile Apps and Desktop clients,SG
2026-08-06T13:16,u3851@contoso.example,Payroll,500121,MFA challenge failed,2 MFA problems,Browser,IN
2026-08-06T13:44,u2658@contoso.example,Service Desk,50126,Invalid username or password,1 Sign-in fails,Mobile Apps and Desktop clients,DE
2026-08-06T14:05,u1953@contoso.example,Azure Portal,50158,External MFA challenge not met,2 MFA problems,Mobile Apps and Desktop clients,IN
2026-08-06T14:19,u4475@contoso.example,HR Portal,50105,User not assigned to app,9 Assignment and consent,Browser,IN
2026-08-06T14:24,u3268@contoso.example,HR Portal,50055,Password expired,1 Sign-in fails,Browser,IN
2026-08-06T14:27,u3725@contoso.example,SharePoint Online,53003,Blocked by Conditional Access,3 Conditional Access,Exchange ActiveSync,US
2026-08-06T14:28,u4416@contoso.example,Azure Portal,50011,Reply URL mismatch,7 App authentication,Browser,GB
2026-08-06T14:28,u3456@contoso.example,Azure Portal,500121,MFA challenge failed,2 MFA problems,IMAP4,IN
2026-08-06T14:31,u3414@contoso.example,Azure Portal,50126,Invalid username or password,1 Sign-in fails,Browser,IN
2026-08-06T14:34,u4604@contoso.example,SharePoint Online,50126,Invalid username or password,1 Sign-in fails,Mobile Apps and Desktop clients,SG
2026-08-06T14:36,u4558@contoso.example,VPN,53003,Blocked by Conditional Access,3 Conditional Access,Browser,IN
2026-08-06T14:40,u4618@contoso.example,CRM,500121,MFA challenge failed,2 MFA problems,Mobile Apps and Desktop clients,IN
2026-08-06T14:53,u2656@contoso.example,Payroll,50105,User not assigned to app,9 Assignment and consent,Browser,GB
2026-08-06T14:58,u1027@contoso.example,Microsoft Teams,53003,Blocked by Conditional Access,3 Conditional Access,Mobile Apps and Desktop clients,DE
2026-08-06T15:04,u1627@contoso.example,CRM,500121,MFA challenge failed,2 MFA problems,Mobile Apps and Desktop clients,SG
2026-08-06T15:08,u1748@contoso.example,HR Portal,50053,Account locked (smart lockout),5 Lockout loop,Mobile Apps and Desktop clients,IN
2026-08-06T15:22,u3355@contoso.example,Azure Portal,50011,Reply URL mismatch,7 App authentication,Mobile Apps and Desktop clients,GB
2026-08-06T15:38,u3678@contoso.example,Service Desk,53003,Blocked by Conditional Access,3 Conditional Access,Browser,IN
2026-08-06T15:55,u4202@contoso.example,Office 365 Exchange Online,50053,Account locked (smart lockout),5 Lockout loop,Mobile Apps and Desktop clients,DE
2026-08-06T16:16,u2895@contoso.example,VPN,90072,Guest account not in tenant,22 Guest access,Exchange ActiveSync,IN
2026-08-06T16:19,u3170@contoso.example,HR Portal,50126,Invalid username or password,1 Sign-in fails,Browser,DE
2026-08-06T16:34,u3929@contoso.example,CRM,50053,Account locked (smart lockout),5 Lockout loop,Mobile Apps and Desktop clients,IN
2026-08-06T16:40,u4043@contoso.example,HR Portal,50055,Password expired,1 Sign-in fails,Browser,IN
2026-08-06T16:49,u3695@contoso.example,Payroll,70043,Sign-in frequency expired,6 Repeated prompts,Mobile Apps and Desktop clients,SG
2026-08-06T16:50,u4791@contoso.example,Payroll,50126,Invalid username or password,1 Sign-in fails,Browser,DE
2026-08-06T16:53,u3697@contoso.example,SharePoint Online,50055,Password expired,1 Sign-in fails,Browser,DE
2026-08-06T16:54,u1859@contoso.example,SharePoint Online,50126,Invalid username or password,1 Sign-in fails,IMAP4,IN
2026-08-06T16:56,u3195@contoso.example,Azure Portal,50126,Invalid username or password,1 Sign-in fails,Browser,US
2026-08-06T17:07,u1550@contoso.example,Office 365 Exchange Online,50158,External MFA challenge not met,2 MFA problems,Browser,IN
2026-08-06T17:15,u1152@contoso.example,HR Portal,70043,Sign-in frequency expired,6 Repeated prompts,Browser,IN
2026-08-06T17:19,u3598@contoso.example,CRM,90072,Guest account not in tenant,22 Guest access,Mobile Apps and Desktop clients,US
2026-08-06T17:29,u4761@contoso.example,HR Portal,500121,MFA challenge failed,2 MFA problems,Browser,IN
2026-08-06T17:57,u3128@contoso.example,HR Portal,50011,Reply URL mismatch,7 App authentication,Browser,IN
2026-08-06T18:04,u4872@contoso.example,Payroll,53000,Device not compliant,15 Compliance and PRT,Mobile Apps and Desktop clients,GB
2026-08-06T18:07,u4487@contoso.example,Payroll,53000,Device not compliant,15 Compliance and PRT,Exchange ActiveSync,DE
2026-08-06T18:27,u4038@contoso.example,Azure Portal,50126,Invalid username or password,1 Sign-in fails,Mobile Apps and Desktop clients,US
2026-08-06T18:50,u3122@contoso.example,Office 365 Exchange Online,500121,MFA challenge failed,2 MFA problems,Browser,IN
2026-08-06T18:55,u3848@contoso.example,Microsoft Teams,50053,Account locked (smart lockout),5 Lockout loop,Browser,US
2026-08-06T18:56,u1131@contoso.example,Office 365 Exchange Online,50126,Invalid username or password,1 Sign-in fails,Browser,IN
2026-08-06T19:05,u3981@contoso.example,HR Portal,50055,Password expired,1 Sign-in fails,Mobile Apps and Desktop clients,GB
2026-08-06T19:07,u1768@contoso.example,CRM,50074,"MFA required, not completed",2 MFA problems,Browser,IN
2026-08-06T19:11,u2330@contoso.example,Azure Portal,500121,MFA challenge failed,2 MFA problems,Mobile Apps and Desktop clients,DE
2026-08-06T19:21,u1147@contoso.example,HR Portal,53003,Blocked by Conditional Access,3 Conditional Access,IMAP4,IN
2026-08-06T19:24,u4795@contoso.example,Payroll,50126,Invalid username or password,1 Sign-in fails,Browser,IN
2026-08-06T19:33,u2358@contoso.example,Office 365 Exchange Online,53003,Blocked by Conditional Access,3 Conditional Access,Browser,IN
2026-08-06T19:43,u1505@contoso.example,Payroll,50126,Invalid username or password,1 Sign-in fails,Mobile Apps and Desktop clients,IN
2026-08-06T19:50,u1821@contoso.example,Microsoft Teams,50126,Invalid username or password,1 Sign-in fails,Mobile Apps and Desktop clients,IN
2026-08-06T19:57,u2513@contoso.example,CRM,50055,Password expired,1 Sign-in fails,Browser,IN
2026-08-06T20:04,u2554@contoso.example,HR Portal,500121,MFA challenge failed,2 MFA problems,Browser,US
2026-08-06T20:07,u3018@contoso.example,CRM,50126,Invalid username or password,1 Sign-in fails,Browser,IN
2026-08-06T20:08,u3479@contoso.example,CRM,500121,MFA challenge failed,2 MFA problems,Mobile Apps and Desktop clients,IN
2026-08-06T20:24,u1600@contoso.example,Service Desk,50105,User not assigned to app,9 Assignment and consent,Mobile Apps and Desktop clients,IN
2026-08-06T20:32,u4172@contoso.example,HR Portal,50057,Account disabled,1 Sign-in fails,Browser,IN
2026-08-06T21:06,u2557@contoso.example,Payroll,500121,MFA challenge failed,2 MFA problems,Mobile Apps and Desktop clients,IN
2026-08-06T21:40,u3516@contoso.example,CRM,50074,"MFA required, not completed",2 MFA problems,Mobile Apps and Desktop clients,US
2026-08-06T21:44,u1731@contoso.example,Office 365 Exchange Online,50126,Invalid username or password,1 Sign-in fails,Browser,IN
2026-08-06T21:52,u3717@contoso.example,VPN,53000,Device not compliant,15 Compliance and PRT,Mobile Apps and Desktop clients,IN
2026-08-06T21:52,u4618@contoso.example,Microsoft Teams,500121,MFA challenge failed,2 MFA problems,Mobile Apps and Desktop clients,GB
2026-08-06T22:15,u2865@contoso.example,HR Portal,70043,Sign-in frequency expired,6 Repeated prompts,Browser,US
2026-08-06T22:33,u2508@contoso.example,Payroll,50057,Account disabled,1 Sign-in fails,Browser,IN
2026-08-06T22:34,u2841@contoso.example,Service Desk,50126,Invalid username or password,1 Sign-in fails,Browser,IN
2026-08-06T22:35,u2858@contoso.example,VPN,50055,Password expired,1 Sign-in fails,Browser,US
2026-08-06T22:41,u3061@contoso.example,Microsoft Teams,50126,Invalid username or password,1 Sign-in fails,Browser,DE
2026-08-06T22:45,u1189@contoso.example,Microsoft Teams,50126,Invalid username or password,1 Sign-in fails,Mobile Apps and Desktop clients,IN
2026-08-06T22:49,u1413@contoso.example,SharePoint Online,50055,Password expired,1 Sign-in fails,Mobile Apps and Desktop clients,US
2026-08-06T22:51,u4255@contoso.example,HR Portal,50126,Invalid username or password,1 Sign-in fails,Browser,IN
2026-08-06T22:52,u2554@contoso.example,Office 365 Exchange Online,50126,Invalid username or password,1 Sign-in fails,Browser,IN
2026-08-06T22:54,u1473@contoso.example,VPN,53003,Blocked by Conditional Access,3 Conditional Access,Mobile Apps and Desktop clients,IN
2026-08-06T23:10,u1805@contoso.example,VPN,50057,Account disabled,1 Sign-in fails,Mobile Apps and Desktop clients,IN
2026-08-06T23:46,u4103@contoso.example,CRM,53003,Blocked by Conditional Access,3 Conditional Access,Browser,IN
2026-08-06T23:51,u4601@contoso.example,Office 365 Exchange Online,50057,Account disabled,1 Sign-in fails,Browser,US
2026-08-06T23:54,u1752@contoso.example,VPN,53000,Device not compliant,15 Compliance and PRT,Browser,US
2026-08-06T23:56,u4052@contoso.example,HR Portal,50126,Invalid username or password,1 Sign-in fails,IMAP4,IN
2026-08-06T23:58,u1191@contoso.example,SharePoint Online,50053,Account locked (smart lockout),5 Lockout loop,Mobile Apps and Desktop clients,IN
2026-08-07T00:05,u1367@contoso.example,VPN,70043,Sign-in frequency expired,6 Repeated prompts,Mobile Apps and Desktop clients,IN
2026-08-07T00:07,u4679@contoso.example,Service Desk,50053,Account locked (smart lockout),5 Lockout loop,Browser,IN
2026-08-07T00:12,u2941@contoso.example,VPN,500121,MFA challenge failed,2 MFA problems,Browser,US
2026-08-07T00:29,u1990@contoso.example,VPN,500121,MFA challenge failed,2 MFA problems,Mobile Apps and Desktop clients,IN
2026-08-07T00:37,u2198@contoso.example,Office 365 Exchange Online,65001,Consent not granted,9 Assignment and consent,Mobile Apps and Desktop clients,IN
2026-08-07T00:39,u1740@contoso.example,Azure Portal,50126,Invalid username or password,1 Sign-in fails,Browser,US
2026-08-07T00:53,u3822@contoso.example,Office 365 Exchange Online,50126,Invalid username or password,1 Sign-in fails,Browser,IN
2026-08-07T00:56,u2022@contoso.example,SharePoint Online,50126,Invalid username or password,1 Sign-in fails,Mobile Apps and Desktop clients,GB
2026-08-07T01:02,u3155@contoso.example,Payroll,53003,Blocked by Conditional Access,3 Conditional Access,Browser,GB
2026-08-07T01:06,u4430@contoso.example,CRM,50074,"MFA required, not completed",2 MFA problems,Browser,GB
2026-08-07T01:14,u2107@contoso.example,Office 365 Exchange Online,50053,Account locked (smart lockout),5 Lockout loop,Mobile Apps and Desktop clients,IN
2026-08-07T01:18,u4773@contoso.example,Azure Portal,50053,Account locked (smart lockout),5 Lockout loop,Browser,SG
2026-08-07T01:23,u3962@contoso.example,Payroll,53003,Blocked by Conditional Access,3 Conditional Access,Browser,IN
2026-08-07T01:25,u3627@contoso.example,SharePoint Online,50055,Password expired,1 Sign-in fails,Browser,US
2026-08-07T01:32,u2428@contoso.example,Service Desk,50126,Invalid username or password,1 Sign-in fails,Mobile Apps and Desktop clients,SG
2026-08-07T01:40,u1565@contoso.example,Azure Portal,500121,MFA challenge failed,2 MFA problems,Mobile Apps and Desktop clients,DE
2026-08-07T01:53,u4429@contoso.example,Office 365 Exchange Online,50053,Account locked (smart lockout),5 Lockout loop,Browser,IN
2026-08-07T02:03,u3647@contoso.example,Office 365 Exchange Online,50126,Invalid username or password,1 Sign-in fails,Mobile Apps and Desktop clients,IN
2026-08-07T02:10,u1113@contoso.example,VPN,50105,User not assigned to app,9 Assignment and consent,Mobile Apps and Desktop clients,DE
2026-08-07T02:17,u2107@contoso.example,VPN,50074,"MFA required, not completed",2 MFA problems,Mobile Apps and Desktop clients,IN
2026-08-07T02:23,u4433@contoso.example,Payroll,50126,Invalid username or password,1 Sign-in fails,Mobile Apps and Desktop clients,IN
2026-08-07T02:34,u4485@contoso.example,Payroll,500121,MFA challenge failed,2 MFA problems,Browser,IN
2026-08-07T02:35,u3466@contoso.example,Payroll,50105,User not assigned to app,9 Assignment and consent,Browser,IN
2026-08-07T02:38,u1035@contoso.example,VPN,53003,Blocked by Conditional Access,3 Conditional Access,Mobile Apps and Desktop clients,IN
2026-08-07T02:40,u2083@contoso.example,Microsoft Teams,50011,Reply URL mismatch,7 App authentication,Mobile Apps and Desktop clients,US
2026-08-07T03:01,u1121@contoso.example,Microsoft Teams,50074,"MFA required, not completed",2 MFA problems,Mobile Apps and Desktop clients,GB
2026-08-07T03:03,u1528@contoso.example,HR Portal,50158,External MFA challenge not met,2 MFA problems,Browser,IN
2026-08-07T03:09,u2026@contoso.example,Office 365 Exchange Online,50055,Password expired,1 Sign-in fails,Browser,IN
2026-08-07T03:15,u1436@contoso.example,CRM,50126,Invalid username or password,1 Sign-in fails,Browser,IN
2026-08-07T03:18,u2969@contoso.example,Payroll,53003,Blocked by Conditional Access,3 Conditional Access,Browser,IN
2026-08-07T03:41,u1216@contoso.example,Payroll,53003,Blocked by Conditional Access,3 Conditional Access,Browser,DE
2026-08-07T03:47,u2610@contoso.example,Azure Portal,53003,Blocked by Conditional Access,3 Conditional Access,Browser,IN
2026-08-07T03:49,u1672@contoso.example,Payroll,50053,Account locked (smart lockout),5 Lockout loop,Mobile Apps and Desktop clients,IN
2026-08-07T03:55,u2215@contoso.example,Office 365 Exchange Online,50126,Invalid username or password,1 Sign-in fails,Browser,SG
2026-08-07T03:56,u2579@contoso.example,VPN,53000,Device not compliant,15 Compliance and PRT,Browser,IN
2026-08-07T03:59,u2463@contoso.example,SharePoint Online,50053,Account locked (smart lockout),5 Lockout loop,Browser,IN
2026-08-07T04:07,u3578@contoso.example,Service Desk,500121,MFA challenge failed,2 MFA problems,Mobile Apps and Desktop clients,IN
2026-08-07T04:14,u1904@contoso.example,HR Portal,500121,MFA challenge failed,2 MFA problems,Browser,IN
2026-08-07T04:25,u2223@contoso.example,Payroll,50053,Account locked (smart lockout),5 Lockout loop,IMAP4,IN
2026-08-07T04:26,u2589@contoso.example,HR Portal,50057,Account disabled,1 Sign-in fails,Exchange ActiveSync,IN
2026-08-07T04:29,u2915@contoso.example,HR Portal,53003,Blocked by Conditional Access,3 Conditional Access,Mobile Apps and Desktop clients,IN
2026-08-07T04:38,u1495@contoso.example,CRM,50126,Invalid username or password,1 Sign-in fails,Mobile Apps and Desktop clients,US
2026-08-07T04:39,u1042@contoso.example,CRM,50057,Account disabled,1 Sign-in fails,Mobile Apps and Desktop clients,IN
2026-08-07T04:41,u4819@contoso.example,Office 365 Exchange Online,50053,Account locked (smart lockout),5 Lockout loop,Mobile Apps and Desktop clients,IN
2026-08-07T04:49,u2719@contoso.example,Microsoft Teams,50126,Invalid username or password,1 Sign-in fails,Browser,DE
2026-08-07T04:50,u2622@contoso.example,SharePoint Online,50126,Invalid username or password,1 Sign-in fails,Browser,US
2026-08-07T04:59,u2874@contoso.example,HR Portal,50055,Password expired,1 Sign-in fails,Mobile Apps and Desktop clients,SG
2026-08-07T04:59,u1915@contoso.example,SharePoint Online,65001,Consent not granted,9 Assignment and consent,Browser,IN
2026-08-07T05:05,u4700@contoso.example,CRM,70043,Sign-in frequency expired,6 Repeated prompts,Browser,GB
2026-08-07T05:06,u4539@contoso.example,Microsoft Teams,500121,MFA challenge failed,2 MFA problems,Browser,GB
2026-08-07T05:26,u2140@contoso.example,Microsoft Teams,50126,Invalid username or password,1 Sign-in fails,Exchange ActiveSync,GB
2026-08-07T05:28,u4830@contoso.example,VPN,50126,Invalid username or password,1 Sign-in fails,Mobile Apps and Desktop clients,DE
2026-08-07T05:33,u4136@contoso.example,HR Portal,70043,Sign-in frequency expired,6 Repeated prompts,Browser,IN
2026-08-07T05:34,u2530@contoso.example,Microsoft Teams,500121,MFA challenge failed,2 MFA problems,Mobile Apps and Desktop clients,IN
2026-08-07T05:42,u2308@contoso.example,HR Portal,70043,Sign-in frequency expired,6 Repeated prompts,Mobile Apps and Desktop clients,GB
2026-08-07T05:44,u1074@contoso.example,Service Desk,50105,User not assigned to app,9 Assignment and consent,Browser,SG
2026-08-07T05:45,u3762@contoso.example,Azure Portal,50126,Invalid username or password,1 Sign-in fails,Mobile Apps and Desktop clients,IN
2026-08-07T05:50,u2177@contoso.example,VPN,50126,Invalid username or password,1 Sign-in fails,Mobile Apps and Desktop clients,IN
2026-08-07T05:51,u2411@contoso.example,Office 365 Exchange Online,50126,Invalid username or password,1 Sign-in fails,Mobile Apps and Desktop clients,IN
2026-08-07T05:54,u2552@contoso.example,Microsoft Teams,50126,Invalid username or password,1 Sign-in fails,Browser,IN
2026-08-07T06:20,u2363@contoso.example,VPN,50126,Invalid username or password,1 Sign-in fails,Mobile Apps and Desktop clients,IN
2026-08-07T06:22,u1623@contoso.example,CRM,53003,Blocked by Conditional Access,3 Conditional Access,Mobile Apps and Desktop clients,SG
2026-08-07T06:24,u2372@contoso.example,Payroll,50126,Invalid username or password,1 Sign-in fails,IMAP4,IN
2026-08-07T06:28,u1473@contoso.example,CRM,50057,Account disabled,1 Sign-in fails,Browser,US
2026-08-07T06:29,u3030@contoso.example,SharePoint Online,50057,Account disabled,1 Sign-in fails,Browser,IN
2026-08-07T06:35,u3354@contoso.example,Azure Portal,50057,Account disabled,1 Sign-in fails,Browser,IN
2026-08-07T06:41,u2999@contoso.example,Service Desk,53003,Blocked by Conditional Access,3 Conditional Access,Browser,IN
2026-08-07T06:50,u1688@contoso.example,Service Desk,50053,Account locked (smart lockout),5 Lockout loop,Mobile Apps and Desktop clients,IN
2026-08-07T06:53,u3480@contoso.example,Service Desk,53003,Blocked by Conditional Access,3 Conditional Access,Mobile Apps and Desktop clients,IN
2026-08-07T07:02,u3373@contoso.example,Payroll,50105,User not assigned to app,9 Assignment and consent,Exchange ActiveSync,IN
2026-08-07T07:04,u4617@contoso.example,SharePoint Online,50126,Invalid username or password,1 Sign-in fails,Browser,DE
2026-08-07T07:05,u3087@contoso.example,CRM,50126,Invalid username or password,1 Sign-in fails,Browser,IN
2026-08-07T07:06,u3406@contoso.example,VPN,53003,Blocked by Conditional Access,3 Conditional Access,Mobile Apps and Desktop clients,IN
2026-08-07T07:07,u2466@contoso.example,SharePoint Online,50057,Account disabled,1 Sign-in fails,Browser,IN
2026-08-07T07:11,u1515@contoso.example,VPN,53003,Blocked by Conditional Access,3 Conditional Access,Browser,IN
2026-08-07T07:23,u3156@contoso.example,CRM,500121,MFA challenge failed,2 MFA problems,Mobile Apps and Desktop clients,IN
2026-08-07T07:30,u1817@contoso.example,Microsoft Teams,50126,Invalid username or password,1 Sign-in fails,Browser,US
2026-08-07T07:35,u4108@contoso.example,CRM,50105,User not assigned to app,9 Assignment and consent,Browser,IN
2026-08-07T07:38,u4396@contoso.example,SharePoint Online,50126,Invalid username or password,1 Sign-in fails,Browser,IN
2026-08-07T07:49,u4393@contoso.example,Microsoft Teams,50074,"MFA required, not completed",2 MFA problems,Mobile Apps and Desktop clients,IN
2026-08-07T07:58,u1629@contoso.example,VPN,50126,Invalid username or password,1 Sign-in fails,Mobile Apps and Desktop clients,GB
2026-08-07T08:05,u1663@contoso.example,Payroll,50055,Password expired,1 Sign-in fails,Mobile Apps and Desktop clients,IN
2026-08-07T08:08,u1836@contoso.example,Payroll,53000,Device not compliant,15 Compliance and PRT,Mobile Apps and Desktop clients,IN
2026-08-07T08:09,u3151@contoso.example,Azure Portal,500121,MFA challenge failed,2 MFA problems,Browser,IN
2026-08-07T08:37,u3973@contoso.example,Azure Portal,500121,MFA challenge failed,2 MFA problems,Mobile Apps and Desktop clients,IN
2026-08-07T08:46,u4067@contoso.example,Payroll,500121,MFA challenge failed,2 MFA problems,Browser,IN
2026-08-07T08:55,u1939@contoso.example,SharePoint Online,53003,Blocked by Conditional Access,3 Conditional Access,Mobile Apps and Desktop clients,IN
2026-08-07T08:55,u2465@contoso.example,HR Portal,50074,"MFA required, not completed",2 MFA problems,Mobile Apps and Desktop clients,IN
2026-08-07T08:56,u1606@contoso.example,Payroll,50074,"MFA required, not completed",2 MFA problems,Browser,IN
2026-08-07T08:57,u2140@contoso.example,Service Desk,50053,Account locked (smart lockout),5 Lockout loop,Exchange ActiveSync,IN
2026-08-07T09:17,u1983@contoso.example,Payroll,50126,Invalid username or password,1 Sign-in fails,Mobile Apps and Desktop clients,SG
2026-08-07T09:18,u3694@contoso.example,Azure Portal,500121,MFA challenge failed,2 MFA problems,Browser,US
2026-08-07T09:21,u4464@contoso.example,Microsoft Teams,50126,Invalid username or password,1 Sign-in fails,Mobile Apps and Desktop clients,GB
2026-08-07T09:24,u4366@contoso.example,Azure Portal,50126,Invalid username or password,1 Sign-in fails,Browser,US
2026-08-07T09:31,u4658@contoso.example,Office 365 Exchange Online,50126,Invalid username or password,1 Sign-in fails,Browser,IN
2026-08-07T09:33,u3519@contoso.example,Service Desk,50126,Invalid username or password,1 Sign-in fails,Mobile Apps and Desktop clients,US
2026-08-07T09:35,u4476@contoso.example,Payroll,53003,Blocked by Conditional Access,3 Conditional Access,Browser,IN
2026-08-07T09:51,u3973@contoso.example,Office 365 Exchange Online,50074,"MFA required, not completed",2 MFA problems,Mobile Apps and Desktop clients,IN
2026-08-07T09:54,u3928@contoso.example,Azure Portal,50126,Invalid username or password,1 Sign-in fails,Mobile Apps and Desktop clients,IN
2026-08-07T09:59,u4090@contoso.example,Office 365 Exchange Online,50126,Invalid username or password,1 Sign-in fails,Mobile Apps and Desktop clients,GB
2026-08-07T10:10,u2218@contoso.example,CRM,50126,Invalid username or password,1 Sign-in fails,Mobile Apps and Desktop clients,US
2026-08-07T10:10,u2669@contoso.example,VPN,53003,Blocked by Conditional Access,3 Conditional Access,Mobile Apps and Desktop clients,GB
2026-08-07T10:16,u4102@contoso.example,Azure Portal,50126,Invalid username or password,1 Sign-in fails,Browser,IN
2026-08-07T10:19,u3415@contoso.example,HR Portal,53003,Blocked by Conditional Access,3 Conditional Access,Browser,IN
2026-08-07T10:25,u3809@contoso.example,VPN,500121,MFA challenge failed,2 MFA problems,Mobile Apps and Desktop clients,IN
2026-08-07T10:27,u4301@contoso.example,Microsoft Teams,53003,Blocked by Conditional Access,3 Conditional Access,Browser,US
2026-08-07T10:30,u4282@contoso.example,VPN,50126,Invalid username or password,1 Sign-in fails,Browser,IN
2026-08-07T10:35,u4843@contoso.example,HR Portal,53003,Blocked by Conditional Access,3 Conditional Access,Browser,IN
2026-08-07T10:37,u3934@contoso.example,Service Desk,50126,Invalid username or password,1 Sign-in fails,Browser,IN
2026-08-07T10:44,u3452@contoso.example,HR Portal,50126,Invalid username or password,1 Sign-in fails,Mobile Apps and Desktop clients,IN
2026-08-07T10:47,u4440@contoso.example,HR Portal,500121,MFA challenge failed,2 MFA problems,Mobile Apps and Desktop clients,IN
2026-08-07T10:55,u1004@contoso.example,HR Portal,50105,User not assigned to app,9 Assignment and consent,Browser,IN
2026-08-07T10:55,u2156@contoso.example,Service Desk,50126,Invalid username or password,1 Sign-in fails,Mobile Apps and Desktop clients,IN
2026-08-07T10:58,u2128@contoso.example,HR Portal,500121,MFA challenge failed,2 MFA problems,Browser,IN
2026-08-07T11:03,u1146@contoso.example,HR Portal,50105,User not assigned to app,9 Assignment and consent,Mobile Apps and Desktop clients,US
2026-08-07T11:07,u1386@contoso.example,CRM,50057,Account disabled,1 Sign-in fails,Mobile Apps and Desktop clients,US
2026-08-07T11:11,u4022@contoso.example,Azure Portal,500121,MFA challenge failed,2 MFA problems,Browser,IN
2026-08-07T11:13,u4883@contoso.example,Azure Portal,53003,Blocked by Conditional Access,3 Conditional Access,Mobile Apps and Desktop clients,US
2026-08-07T11:14,u1950@contoso.example,Service Desk,70043,Sign-in frequency expired,6 Repeated prompts,Mobile Apps and Desktop clients,US
2026-08-07T11:36,u4695@contoso.example,Azure Portal,50126,Invalid username or password,1 Sign-in fails,Browser,IN
2026-08-07T11:45,u1923@contoso.example,Microsoft Teams,50105,User not assigned to app,9 Assignment and consent,Mobile Apps and Desktop clients,US
2026-08-07T11:45,u2323@contoso.example,VPN,50055,Password expired,1 Sign-in fails,Mobile Apps and Desktop clients,IN
2026-08-07T11:47,u1929@contoso.example,Office 365 Exchange Online,50158,External MFA challenge not met,2 MFA problems,Browser,GB
2026-08-07T12:11,u4352@contoso.example,Office 365 Exchange Online,70043,Sign-in frequency expired,6 Repeated prompts,Mobile Apps and Desktop clients,GB
2026-08-07T12:16,u2546@contoso.example,Office 365 Exchange Online,50126,Invalid username or password,1 Sign-in fails,Mobile Apps and Desktop clients,IN
2026-08-07T12:17,u2490@contoso.example,Office 365 Exchange Online,53000,Device not compliant,15 Compliance and PRT,Browser,IN
2026-08-07T12:18,u1883@contoso.example,HR Portal,50126,Invalid username or password,1 Sign-in fails,Browser,IN
2026-08-07T12:22,u3168@contoso.example,Office 365 Exchange Online,65001,Consent not granted,9 Assignment and consent,Browser,SG
2026-08-07T12:25,u4599@contoso.example,Office 365 Exchange Online,50126,Invalid username or password,1 Sign-in fails,Mobile Apps and Desktop clients,US
2026-08-07T12:27,u3195@contoso.example,HR Portal,50057,Account disabled,1 Sign-in fails,Browser,US
2026-08-07T12:28,u3478@contoso.example,Office 365 Exchange Online,53003,Blocked by Conditional Access,3 Conditional Access,Mobile Apps and Desktop clients,US
2026-08-07T12:41,u1292@contoso.example,CRM,50126,Invalid username or password,1 Sign-in fails,Mobile Apps and Desktop clients,IN
2026-08-07T12:45,u1295@contoso.example,Azure Portal,50126,Invalid username or password,1 Sign-in fails,Browser,DE
2026-08-07T13:02,u4316@contoso.example,Microsoft Teams,50053,Account locked (smart lockout),5 Lockout loop,Browser,IN
2026-08-07T13:08,u3214@contoso.example,Azure Portal,500121,MFA challenge failed,2 MFA problems,Browser,US
2026-08-07T13:18,u4171@contoso.example,HR Portal,90072,Guest account not in tenant,22 Guest access,Browser,US
2026-08-07T13:21,u3046@contoso.example,HR Portal,53003,Blocked by Conditional Access,3 Conditional Access,Browser,DE
2026-08-07T13:22,u1392@contoso.example,VPN,50053,Account locked (smart lockout),5 Lockout loop,Browser,US
2026-08-07T13:27,u2679@contoso.example,SharePoint Online,50126,Invalid username or password,1 Sign-in fails,Browser,GB
2026-08-07T13:40,u4300@contoso.example,CRM,50053,Account locked (smart lockout),5 Lockout loop,Mobile Apps and Desktop clients,US
2026-08-07T13:42,u4032@contoso.example,VPN,500121,MFA challenge failed,2 MFA problems,Browser,IN
2026-08-07T13:44,u1901@contoso.example,CRM,500121,MFA challenge failed,2 MFA problems,Browser,US
2026-08-07T13:54,u3197@contoso.example,VPN,50126,Invalid username or password,1 Sign-in fails,Exchange ActiveSync,IN
2026-08-07T13:56,u1234@contoso.example,HR Portal,53003,Blocked by Conditional Access,3 Conditional Access,Mobile Apps and Desktop clients,GB
2026-08-07T14:00,u1370@contoso.example,VPN,53003,Blocked by Conditional Access,3 Conditional Access,IMAP4,IN
2026-08-07T14:03,u4379@contoso.example,HR Portal,90072,Guest account not in tenant,22 Guest access,Mobile Apps and Desktop clients,IN
2026-08-07T14:08,u2942@contoso.example,HR Portal,50074,"MFA required, not completed",2 MFA problems,Mobile Apps and Desktop clients,US
2026-08-07T14:16,u2486@contoso.example,CRM,50053,Account locked (smart lockout),5 Lockout loop,Mobile Apps and Desktop clients,GB
2026-08-07T14:26,u3452@contoso.example,VPN,90072,Guest account not in tenant,22 Guest access,Mobile Apps and Desktop clients,GB
2026-08-07T14:32,u3371@contoso.example,Microsoft Teams,50055,Password expired,1 Sign-in fails,Browser,IN
2026-08-07T14:35,u2590@contoso.example,Microsoft Teams,70043,Sign-in frequency expired,6 Repeated prompts,Browser,DE
2026-08-07T14:39,u4320@contoso.example,Azure Portal,50126,Invalid username or password,1 Sign-in fails,Browser,IN
2026-08-07T14:46,u4902@contoso.example,HR Portal,53003,Blocked by Conditional Access,3 Conditional Access,Mobile Apps and Desktop clients,IN
2026-08-07T14:53,u3577@contoso.example,CRM,50126,Invalid username or password,1 Sign-in fails,Browser,SG
2026-08-07T14:57,u4674@contoso.example,Microsoft Teams,50126,Invalid username or password,1 Sign-in fails,Browser,IN
2026-08-07T15:00,u1514@contoso.example,HR Portal,50158,External MFA challenge not met,2 MFA problems,Browser,IN
2026-08-07T15:08,u2313@contoso.example,VPN,50074,"MFA required, not completed",2 MFA problems,Browser,US
2026-08-07T15:09,u4139@contoso.example,HR Portal,50057,Account disabled,1 Sign-in fails,Mobile Apps and Desktop clients,IN
2026-08-07T15:23,u1259@contoso.example,SharePoint Online,50126,Invalid username or password,1 Sign-in fails,Browser,IN
2026-08-07T15:24,u1117@contoso.example,Service Desk,50126,Invalid username or password,1 Sign-in fails,IMAP4,IN
2026-08-07T15:28,u1124@contoso.example,Payroll,50055,Password expired,1 Sign-in fails,Browser,IN
2026-08-07T15:38,u3367@contoso.example,SharePoint Online,50011,Reply URL mismatch,7 App authentication,Mobile Apps and Desktop clients,SG
2026-08-07T15:59,u4015@contoso.example,CRM,50126,Invalid username or password,1 Sign-in fails,Exchange ActiveSync,IN
2026-08-07T16:04,u1066@contoso.example,Office 365 Exchange Online,50126,Invalid username or password,1 Sign-in fails,Browser,IN
2026-08-07T16:08,u4511@contoso.example,HR Portal,50057,Account disabled,1 Sign-in fails,Mobile Apps and Desktop clients,IN
2026-08-07T16:14,u4206@contoso.example,Microsoft Teams,50126,Invalid username or password,1 Sign-in fails,Browser,IN
2026-08-07T16:16,u3414@contoso.example,Payroll,50126,Invalid username or password,1 Sign-in fails,Browser,US
2026-08-07T16:17,u4452@contoso.example,VPN,500121,MFA challenge failed,2 MFA problems,Mobile Apps and Desktop clients,GB
2026-08-07T16:24,u2047@contoso.example,HR Portal,50053,Account locked (smart lockout),5 Lockout loop,Mobile Apps and Desktop clients,US
2026-08-07T16:26,u2496@contoso.example,SharePoint Online,50126,Invalid username or password,1 Sign-in fails,Browser,IN
2026-08-07T16:41,u2212@contoso.example,CRM,53003,Blocked by Conditional Access,3 Conditional Access,Mobile Apps and Desktop clients,IN
2026-08-07T16:42,u2910@contoso.example,SharePoint Online,500121,MFA challenge failed,2 MFA problems,Mobile Apps and Desktop clients,IN
2026-08-07T16:42,u3665@contoso.example,Office 365 Exchange Online,50126,Invalid username or password,1 Sign-in fails,Mobile Apps and Desktop clients,SG
2026-08-07T16:49,u2663@contoso.example,VPN,50105,User not assigned to app,9 Assignment and consent,Mobile Apps and Desktop clients,IN
2026-08-07T16:51,u3991@contoso.example,Microsoft Teams,50057,Account disabled,1 Sign-in fails,Mobile Apps and Desktop clients,IN
2026-08-07T16:51,u1934@contoso.example,Microsoft Teams,50011,Reply URL mismatch,7 App authentication,Browser,US
2026-08-07T16:53,u3713@contoso.example,CRM,50126,Invalid username or password,1 Sign-in fails,Browser,IN
2026-08-07T17:01,u4741@contoso.example,Payroll,50126,Invalid username or password,1 Sign-in fails,Browser,GB
2026-08-07T17:05,u1820@contoso.example,SharePoint Online,50126,Invalid username or password,1 Sign-in fails,Browser,IN
2026-08-07T17:07,u2320@contoso.example,SharePoint Online,53003,Blocked by Conditional Access,3 Conditional Access,Browser,SG
2026-08-07T17:11,u3687@contoso.example,Office 365 Exchange Online,50055,Password expired,1 Sign-in fails,Mobile Apps and Desktop clients,GB
2026-08-07T17:12,u1911@contoso.example,CRM,50053,Account locked (smart lockout),5 Lockout loop,Browser,IN
2026-08-07T17:19,u1967@contoso.example,Microsoft Teams,53003,Blocked by Conditional Access,3 Conditional Access,Browser,IN
2026-08-07T17:32,u2680@contoso.example,HR Portal,53003,Blocked by Conditional Access,3 Conditional Access,Mobile Apps and Desktop clients,IN
2026-08-07T17:35,u3459@contoso.example,Payroll,50126,Invalid username or password,1 Sign-in fails,Browser,IN
2026-08-07T17:40,u1541@contoso.example,VPN,53000,Device not compliant,15 Compliance and PRT,Browser,US
2026-08-07T17:45,u2760@contoso.example,SharePoint Online,50074,"MFA required, not completed",2 MFA problems,Browser,IN
2026-08-07T18:04,u4548@contoso.example,Office 365 Exchange Online,50011,Reply URL mismatch,7 App authentication,Browser,IN
2026-08-07T18:11,u2113@contoso.example,CRM,50126,Invalid username or password,1 Sign-in fails,Browser,IN
2026-08-07T18:18,u2425@contoso.example,Service Desk,50055,Password expired,1 Sign-in fails,Mobile Apps and Desktop clients,IN
2026-08-07T18:19,u1523@contoso.example,Service Desk,500121,MFA challenge failed,2 MFA problems,Mobile Apps and Desktop clients,IN
2026-08-07T18:40,u3483@contoso.example,Payroll,500121,MFA challenge failed,2 MFA problems,Browser,DE
2026-08-07T18:56,u4627@contoso.example,Azure Portal,70043,Sign-in frequency expired,6 Repeated prompts,Mobile Apps and Desktop clients,DE
2026-08-07T18:57,u4322@contoso.example,Service Desk,50126,Invalid username or password,1 Sign-in fails,Browser,IN
2026-08-07T19:02,u1897@contoso.example,SharePoint Online,53003,Blocked by Conditional Access,3 Conditional Access,Browser,IN
2026-08-07T19:03,u4544@contoso.example,Azure Portal,53000,Device not compliant,15 Compliance and PRT,Browser,US
2026-08-07T19:05,u1645@contoso.example,Service Desk,50126,Invalid username or password,1 Sign-in fails,Browser,SG
2026-08-07T19:47,u2659@contoso.example,Azure Portal,50053,Account locked (smart lockout),5 Lockout loop,Mobile Apps and Desktop clients,IN
2026-08-07T19:55,u4984@contoso.example,Office 365 Exchange Online,50105,User not assigned to app,9 Assignment and consent,Browser,IN
2026-08-07T20:15,u3007@contoso.example,Azure Portal,50055,Password expired,1 Sign-in fails,Mobile Apps and Desktop clients,US
2026-08-07T20:32,u1905@contoso.example,Microsoft Teams,50126,Invalid username or password,1 Sign-in fails,Mobile Apps and Desktop clients,GB
2026-08-07T20:57,u1037@contoso.example,HR Portal,50126,Invalid username or password,1 Sign-in fails,Mobile Apps and Desktop clients,IN
2026-08-07T21:20,u4039@contoso.example,SharePoint Online,500121,MFA challenge failed,2 MFA problems,Browser,DE
2026-08-07T21:35,u1956@contoso.example,Azure Portal,50126,Invalid username or password,1 Sign-in fails,Mobile Apps and Desktop clients,US
2026-08-07T21:36,u4230@contoso.example,Payroll,50126,Invalid username or password,1 Sign-in fails,Browser,IN
2026-08-07T21:38,u2748@contoso.example,Payroll,50057,Account disabled,1 Sign-in fails,Mobile Apps and Desktop clients,SG
2026-08-07T21:41,u1681@contoso.example,Azure Portal,53000,Device not compliant,15 Compliance and PRT,Mobile Apps and Desktop clients,IN
2026-08-07T21:47,u1473@contoso.example,HR Portal,50126,Invalid username or password,1 Sign-in fails,Browser,GB
2026-08-07T21:51,u1843@contoso.example,CRM,50011,Reply URL mismatch,7 App authentication,Browser,IN
2026-08-07T21:54,u1210@contoso.example,Office 365 Exchange Online,53003,Blocked by Conditional Access,3 Conditional Access,Browser,IN
2026-08-07T22:00,u2981@contoso.example,SharePoint Online,50126,Invalid username or password,1 Sign-in fails,Mobile Apps and Desktop clients,IN
2026-08-07T22:08,u3028@contoso.example,Office 365 Exchange Online,50105,User not assigned to app,9 Assignment and consent,Browser,SG
2026-08-07T22:11,u1203@contoso.example,Payroll,50053,Account locked (smart lockout),5 Lockout loop,Browser,SG
2026-08-07T22:21,u4667@contoso.example,Service Desk,50053,Account locked (smart lockout),5 Lockout loop,Exchange ActiveSync,IN
2026-08-07T22:27,u3316@contoso.example,VPN,53003,Blocked by Conditional Access,3 Conditional Access,Mobile Apps and Desktop clients,SG
2026-08-07T22:27,u3322@contoso.example,CRM,50074,"MFA required, not completed",2 MFA problems,Browser,IN
2026-08-07T22:27,u2356@contoso.example,VPN,50126,Invalid username or password,1 Sign-in fails,Browser,DE
2026-08-07T22:29,u4026@contoso.example,CRM,50126,Invalid username or password,1 Sign-in fails,Exchange ActiveSync,IN
2026-08-07T22:34,u4332@contoso.example,CRM,50053,Account locked (smart lockout),5 Lockout loop,Exchange ActiveSync,IN
2026-08-07T22:41,u3097@contoso.example,CRM,53000,Device not compliant,15 Compliance and PRT,Mobile Apps and Desktop clients,IN
2026-08-07T22:42,u4909@contoso.example,SharePoint Online,53000,Device not compliant,15 Compliance and PRT,Mobile Apps and Desktop clients,IN
2026-08-07T22:43,u4505@contoso.example,SharePoint Online,53000,Device not compliant,15 Compliance and PRT,Browser,IN
2026-08-07T22:53,u3264@contoso.example,SharePoint Online,50074,"MFA required, not completed",2 MFA problems,Browser,IN
2026-08-07T23:08,u3473@contoso.example,Microsoft Teams,50126,Invalid username or password,1 Sign-in fails,Mobile Apps and Desktop clients,IN
2026-08-07T23:19,u3890@contoso.example,SharePoint Online,70043,Sign-in frequency expired,6 Repeated prompts,Mobile Apps and Desktop clients,IN
2026-08-07T23:26,u1882@contoso.example,Microsoft Teams,53003,Blocked by Conditional Access,3 Conditional Access,Browser,IN
2026-08-07T23:28,u4976@contoso.example,Microsoft Teams,70043,Sign-in frequency expired,6 Repeated prompts,Mobile Apps and Desktop clients,IN
2026-08-07T23:38,u1660@contoso.example,HR Portal,90072,Guest account not in tenant,22 Guest access,Browser,SG
2026-08-07T23:57,u1118@contoso.example,Microsoft Teams,50105,User not assigned to app,9 Assignment and consent,Browser,US
2026-08-08T00:13,u4960@contoso.example,Service Desk,50053,Account locked (smart lockout),5 Lockout loop,Browser,IN
2026-08-08T00:22,u4430@contoso.example,CRM,50126,Invalid username or password,1 Sign-in fails,Mobile Apps and Desktop clients,IN
2026-08-08T00:23,u3645@contoso.example,Azure Portal,53003,Blocked by Conditional Access,3 Conditional Access,Browser,US
2026-08-08T00:29,u1664@contoso.example,SharePoint Online,50074,"MFA required, not completed",2 MFA problems,Mobile Apps and Desktop clients,GB
2026-08-08T00:29,u2693@contoso.example,Service Desk,70043,Sign-in frequency expired,6 Repeated prompts,Browser,GB
2026-08-08T00:45,u3934@contoso.example,CRM,50053,Account locked (smart lockout),5 Lockout loop,Browser,IN
2026-08-08T00:56,u3456@contoso.example,VPN,50126,Invalid username or password,1 Sign-in fails,Mobile Apps and Desktop clients,DE
2026-08-08T01:00,u4752@contoso.example,HR Portal,500121,MFA challenge failed,2 MFA problems,Browser,GB
2026-08-08T01:00,u1754@contoso.example,Azure Portal,50126,Invalid username or password,1 Sign-in fails,IMAP4,US
2026-08-08T01:02,u4639@contoso.example,CRM,50074,"MFA required, not completed",2 MFA problems,Mobile Apps and Desktop clients,US
2026-08-08T01:05,u1163@contoso.example,SharePoint Online,50053,Account locked (smart lockout),5 Lockout loop,Exchange ActiveSync,US
2026-08-08T02:14,u3626@contoso.example,Azure Portal,50074,"MFA required, not completed",2 MFA problems,Mobile Apps and Desktop clients,GB
2026-08-08T02:23,u4190@contoso.example,Microsoft Teams,50074,"MFA required, not completed",2 MFA problems,Browser,IN
2026-08-08T02:29,u1449@contoso.example,VPN,50055,Password expired,1 Sign-in fails,Mobile Apps and Desktop clients,GB
2026-08-08T02:29,u3926@contoso.example,CRM,500121,MFA challenge failed,2 MFA problems,Browser,IN
2026-08-08T02:44,u3185@contoso.example,HR Portal,50126,Invalid username or password,1 Sign-in fails,Browser,IN
2026-08-08T03:08,u3512@contoso.example,Office 365 Exchange Online,50126,Invalid username or password,1 Sign-in fails,Mobile Apps and Desktop clients,IN
2026-08-08T03:17,u1354@contoso.example,Payroll,50011,Reply URL mismatch,7 App authentication,Mobile Apps and Desktop clients,US
2026-08-08T03:21,u2150@contoso.example,CRM,50126,Invalid username or password,1 Sign-in fails,Browser,IN
2026-08-08T03:26,u4146@contoso.example,CRM,50074,"MFA required, not completed",2 MFA problems,Browser,IN
2026-08-08T03:28,u4433@contoso.example,Payroll,500121,MFA challenge failed,2 MFA problems,Browser,US
2026-08-08T03:31,u1453@contoso.example,SharePoint Online,50057,Account disabled,1 Sign-in fails,Mobile Apps and Desktop clients,IN
2026-08-08T03:40,u2368@contoso.example,VPN,500121,MFA challenge failed,2 MFA problems,Browser,IN
2026-08-08T03:56,u4854@contoso.example,Azure Portal,50126,Invalid username or password,1 Sign-in fails,Mobile Apps and Desktop clients,IN
2026-08-08T03:58,u1355@contoso.example,Service Desk,53003,Blocked by Conditional Access,3 Conditional Access,Mobile Apps and Desktop clients,IN
2026-08-08T04:13,u4856@contoso.example,HR Portal,50126,Invalid username or password,1 Sign-in fails,Mobile Apps and Desktop clients,IN
2026-08-08T04:14,u1424@contoso.example,Office 365 Exchange Online,50126,Invalid username or password,1 Sign-in fails,IMAP4,GB
2026-08-08T04:15,u2514@contoso.example,HR Portal,50055,Password expired,1 Sign-in fails,Mobile Apps and Desktop clients,IN
2026-08-08T04:30,u2121@contoso.example,Payroll,50126,Invalid username or password,1 Sign-in fails,Browser,DE
2026-08-08T04:34,u4105@contoso.example,CRM,500121,MFA challenge failed,2 MFA problems,Browser,GB
2026-08-08T04:59,u2272@contoso.example,Payroll,53000,Device not compliant,15 Compliance and PRT,Browser,IN
2026-08-08T05:03,u3005@contoso.example,Microsoft Teams,50074,"MFA required, not completed",2 MFA problems,Browser,IN
2026-08-08T05:25,u3472@contoso.example,Service Desk,53003,Blocked by Conditional Access,3 Conditional Access,Mobile Apps and Desktop clients,IN
2026-08-08T05:38,u1825@contoso.example,Office 365 Exchange Online,53003,Blocked by Conditional Access,3 Conditional Access,Mobile Apps and Desktop clients,GB
2026-08-08T05:44,u2940@contoso.example,Azure Portal,53003,Blocked by Conditional Access,3 Conditional Access,Browser,IN
2026-08-08T05:47,u4141@contoso.example,Azure Portal,50053,Account locked (smart lockout),5 Lockout loop,Mobile Apps and Desktop clients,IN
2026-08-08T05:48,u3384@contoso.example,Payroll,70043,Sign-in frequency expired,6 Repeated prompts,Browser,DE
2026-08-08T05:52,u1088@contoso.example,Payroll,50053,Account locked (smart lockout),5 Lockout loop,Browser,IN
2026-08-08T06:02,u3040@contoso.example,Payroll,50126,Invalid username or password,1 Sign-in fails,Browser,DE
2026-08-08T06:04,u2703@contoso.example,Payroll,53000,Device not compliant,15 Compliance and PRT,Mobile Apps and Desktop clients,IN
2026-08-08T06:11,u1814@contoso.example,HR Portal,50053,Account locked (smart lockout),5 Lockout loop,Browser,SG
2026-08-08T06:21,u1410@contoso.example,HR Portal,50158,External MFA challenge not met,2 MFA problems,Mobile Apps and Desktop clients,IN
2026-08-08T06:26,u4332@contoso.example,VPN,65001,Consent not granted,9 Assignment and consent,Exchange ActiveSync,US
2026-08-08T06:28,u3009@contoso.example,Microsoft Teams,500121,MFA challenge failed,2 MFA problems,Mobile Apps and Desktop clients,IN
2026-08-08T06:33,u4823@contoso.example,VPN,50055,Password expired,1 Sign-in fails,Mobile Apps and Desktop clients,IN
2026-08-08T06:37,u3142@contoso.example,Azure Portal,500121,MFA challenge failed,2 MFA problems,IMAP4,IN
2026-08-08T06:39,u2551@contoso.example,Payroll,50074,"MFA required, not completed",2 MFA problems,Browser,GB
2026-08-08T06:44,u4902@contoso.example,Office 365 Exchange Online,50055,Password expired,1 Sign-in fails,Browser,US
2026-08-08T06:53,u1441@contoso.example,Payroll,50126,Invalid username or password,1 Sign-in fails,Mobile Apps and Desktop clients,DE
2026-08-08T07:02,u4131@contoso.example,HR Portal,50126,Invalid username or password,1 Sign-in fails,Browser,IN
2026-08-08T07:06,u2507@contoso.example,Office 365 Exchange Online,50126,Invalid username or password,1 Sign-in fails,Browser,IN
2026-08-08T07:06,u4142@contoso.example,Office 365 Exchange Online,50055,Password expired,1 Sign-in fails,Browser,IN
2026-08-08T07:06,u2557@contoso.example,CRM,50074,"MFA required, not completed",2 MFA problems,Browser,IN
2026-08-08T07:51,u4338@contoso.example,VPN,50126,Invalid username or password,1 Sign-in fails,Browser,US
2026-08-08T07:54,u4947@contoso.example,Payroll,53000,Device not compliant,15 Compliance and PRT,Mobile Apps and Desktop clients,US
2026-08-08T08:05,u1620@contoso.example,CRM,50126,Invalid username or password,1 Sign-in fails,Browser,US
2026-08-08T08:16,u2875@contoso.example,VPN,70043,Sign-in frequency expired,6 Repeated prompts,Mobile Apps and Desktop clients,IN
2026-08-08T08:17,u4730@contoso.example,VPN,50053,Account locked (smart lockout),5 Lockout loop,Browser,IN
2026-08-08T08:22,u3617@contoso.example,Microsoft Teams,50126,Invalid username or password,1 Sign-in fails,Mobile Apps and Desktop clients,DE
2026-08-08T08:27,u4660@contoso.example,Office 365 Exchange Online,70043,Sign-in frequency expired,6 Repeated prompts,Browser,US
2026-08-08T08:38,u3085@contoso.example,Microsoft Teams,50126,Invalid username or password,1 Sign-in fails,Mobile Apps and Desktop clients,IN
2026-08-08T08:45,u1058@contoso.example,Service Desk,500121,MFA challenge failed,2 MFA problems,Browser,GB
2026-08-08T08:46,u2585@contoso.example,Service Desk,50126,Invalid username or password,1 Sign-in fails,Mobile Apps and Desktop clients,GB
2026-08-08T08:50,u3450@contoso.example,Microsoft Teams,50126,Invalid username or password,1 Sign-in fails,Browser,DE
2026-08-08T09:10,u1617@contoso.example,Microsoft Teams,50055,Password expired,1 Sign-in fails,Mobile Apps and Desktop clients,IN
2026-08-08T09:10,u2206@contoso.example,HR Portal,50126,Invalid username or password,1 Sign-in fails,Browser,IN
2026-08-08T09:16,u2730@contoso.example,Service Desk,50074,"MFA required, not completed",2 MFA problems,Mobile Apps and Desktop clients,IN
2026-08-08T09:29,u3994@contoso.example,CRM,50126,Invalid username or password,1 Sign-in fails,Mobile Apps and Desktop clients,US
2026-08-08T09:31,u2006@contoso.example,Service Desk,50011,Reply URL mismatch,7 App authentication,Browser,US
2026-08-08T09:32,u4933@contoso.example,Azure Portal,500121,MFA challenge failed,2 MFA problems,Browser,SG
2026-08-08T09:36,u2243@contoso.example,CRM,50074,"MFA required, not completed",2 MFA problems,Browser,GB
2026-08-08T09:58,u4076@contoso.example,Payroll,70043,Sign-in frequency expired,6 Repeated prompts,Mobile Apps and Desktop clients,SG
2026-08-08T10:10,u1732@contoso.example,Microsoft Teams,500121,MFA challenge failed,2 MFA problems,Mobile Apps and Desktop clients,US
2026-08-08T10:14,u4851@contoso.example,VPN,500121,MFA challenge failed,2 MFA problems,Mobile Apps and Desktop clients,US
2026-08-08T10:23,u2638@contoso.example,CRM,53003,Blocked by Conditional Access,3 Conditional Access,Browser,IN
2026-08-08T10:25,u1105@contoso.example,Microsoft Teams,50126,Invalid username or password,1 Sign-in fails,Browser,SG
2026-08-08T10:37,u2631@contoso.example,Payroll,50057,Account disabled,1 Sign-in fails,Mobile Apps and Desktop clients,IN
2026-08-08T10:41,u4562@contoso.example,Office 365 Exchange Online,53003,Blocked by Conditional Access,3 Conditional Access,Mobile Apps and Desktop clients,IN
2026-08-08T10:47,u3364@contoso.example,SharePoint Online,500121,MFA challenge failed,2 MFA problems,Browser,IN
2026-08-08T10:59,u4340@contoso.example,Azure Portal,50053,Account locked (smart lockout),5 Lockout loop,Exchange ActiveSync,DE
2026-08-08T11:01,u2480@contoso.example,Microsoft Teams,50126,Invalid username or password,1 Sign-in fails,Mobile Apps and Desktop clients,IN
2026-08-08T11:07,u3942@contoso.example,Microsoft Teams,53003,Blocked by Conditional Access,3 Conditional Access,Browser,US
2026-08-08T11:10,u2719@contoso.example,SharePoint Online,500121,MFA challenge failed,2 MFA problems,Browser,GB
2026-08-08T11:15,u2802@contoso.example,VPN,50074,"MFA required, not completed",2 MFA problems,Mobile Apps and Desktop clients,US
2026-08-08T11:17,u3013@contoso.example,Azure Portal,53000,Device not compliant,15 Compliance and PRT,Browser,US
2026-08-08T11:26,u4644@contoso.example,Office 365 Exchange Online,500121,MFA challenge failed,2 MFA problems,Browser,DE
2026-08-08T11:27,u1110@contoso.example,Microsoft Teams,50074,"MFA required, not completed",2 MFA problems,IMAP4,US
2026-08-08T11:29,u2777@contoso.example,Office 365 Exchange Online,50053,Account locked (smart lockout),5 Lockout loop,Browser,IN
2026-08-08T11:43,u2343@contoso.example,Payroll,500121,MFA challenge failed,2 MFA problems,Browser,US
2026-08-08T11:47,u2310@contoso.example,SharePoint Online,53003,Blocked by Conditional Access,3 Conditional Access,Mobile Apps and Desktop clients,IN
2026-08-08T11:49,u3548@contoso.example,Azure Portal,50011,Reply URL mismatch,7 App authentication,Mobile Apps and Desktop clients,IN
2026-08-08T11:52,u2141@contoso.example,Service Desk,50057,Account disabled,1 Sign-in fails,Mobile Apps and Desktop clients,GB
2026-08-08T11:57,u3936@contoso.example,Payroll,50126,Invalid username or password,1 Sign-in fails,Mobile Apps and Desktop clients,GB
2026-08-08T11:58,u2448@contoso.example,CRM,50105,User not assigned to app,9 Assignment and consent,Mobile Apps and Desktop clients,US
2026-08-08T12:02,u2035@contoso.example,HR Portal,50057,Account disabled,1 Sign-in fails,Mobile Apps and Desktop clients,IN
2026-08-08T12:06,u2376@contoso.example,SharePoint Online,50126,Invalid username or password,1 Sign-in fails,Mobile Apps and Desktop clients,US
2026-08-08T12:19,u4187@contoso.example,HR Portal,500121,MFA challenge failed,2 MFA problems,Browser,IN
2026-08-08T12:22,u4728@contoso.example,HR Portal,65001,Consent not granted,9 Assignment and consent,Browser,SG
2026-08-08T12:39,u1306@contoso.example,CRM,500121,MFA challenge failed,2 MFA problems,Browser,IN
2026-08-08T12:39,u2086@contoso.example,HR Portal,65001,Consent not granted,9 Assignment and consent,Browser,DE
2026-08-08T12:48,u3953@contoso.example,CRM,50105,User not assigned to app,9 Assignment and consent,Browser,IN
2026-08-08T12:56,u4252@contoso.example,HR Portal,50074,"MFA required, not completed",2 MFA problems,Exchange ActiveSync,IN
2026-08-08T12:59,u3095@contoso.example,CRM,500121,MFA challenge failed,2 MFA problems,Browser,IN
2026-08-08T13:18,u2663@contoso.example,CRM,50126,Invalid username or password,1 Sign-in fails,Mobile Apps and Desktop clients,US
2026-08-08T13:35,u1309@contoso.example,Service Desk,65001,Consent not granted,9 Assignment and consent,Mobile Apps and Desktop clients,IN
2026-08-08T13:41,u3650@contoso.example,Office 365 Exchange Online,53003,Blocked by Conditional Access,3 Conditional Access,Mobile Apps and Desktop clients,US
2026-08-08T13:44,u2637@contoso.example,Office 365 Exchange Online,500121,MFA challenge failed,2 MFA problems,Mobile Apps and Desktop clients,IN
2026-08-08T13:50,u4753@contoso.example,HR Portal,70043,Sign-in frequency expired,6 Repeated prompts,Mobile Apps and Desktop clients,IN
2026-08-08T14:11,u2505@contoso.example,Payroll,50074,"MFA required, not completed",2 MFA problems,Mobile Apps and Desktop clients,DE
2026-08-08T14:17,u4194@contoso.example,CRM,53003,Blocked by Conditional Access,3 Conditional Access,Mobile Apps and Desktop clients,DE
2026-08-08T14:18,u2626@contoso.example,Microsoft Teams,50126,Invalid username or password,1 Sign-in fails,Browser,DE
2026-08-08T14:20,u3362@contoso.example,Microsoft Teams,500121,MFA challenge failed,2 MFA problems,Browser,IN
2026-08-08T14:25,u1581@contoso.example,Microsoft Teams,50053,Account locked (smart lockout),5 Lockout loop,Browser,US
2026-08-08T14:27,u1180@contoso.example,Azure Portal,50126,Invalid username or password,1 Sign-in fails,Mobile Apps and Desktop clients,GB
2026-08-08T14:35,u4981@contoso.example,HR Portal,50011,Reply URL mismatch,7 App authentication,Mobile Apps and Desktop clients,IN
2026-08-08T14:40,u4643@contoso.example,Office 365 Exchange Online,50126,Invalid username or password,1 Sign-in fails,Exchange ActiveSync,IN
2026-08-08T14:49,u1762@contoso.example,HR Portal,50126,Invalid username or password,1 Sign-in fails,Mobile Apps and Desktop clients,IN
2026-08-08T15:06,u2658@contoso.example,Payroll,50074,"MFA required, not completed",2 MFA problems,Browser,IN
2026-08-08T15:06,u1976@contoso.example,HR Portal,50126,Invalid username or password,1 Sign-in fails,Mobile Apps and Desktop clients,US
2026-08-08T15:07,u2069@contoso.example,CRM,500121,MFA challenge failed,2 MFA problems,Browser,IN
2026-08-08T15:13,u2437@contoso.example,Azure Portal,50055,Password expired,1 Sign-in fails,Mobile Apps and Desktop clients,IN
2026-08-08T15:39,u4630@contoso.example,Office 365 Exchange Online,50126,Invalid username or password,1 Sign-in fails,Browser,SG
2026-08-08T15:40,u2168@contoso.example,SharePoint Online,50126,Invalid username or password,1 Sign-in fails,Browser,GB
2026-08-08T15:40,u3442@contoso.example,CRM,50105,User not assigned to app,9 Assignment and consent,IMAP4,IN
2026-08-08T15:42,u4203@contoso.example,HR Portal,50055,Password expired,1 Sign-in fails,Mobile Apps and Desktop clients,IN
2026-08-08T15:42,u2214@contoso.example,Payroll,50053,Account locked (smart lockout),5 Lockout loop,Mobile Apps and Desktop clients,IN
2026-08-08T15:44,u4792@contoso.example,Office 365 Exchange Online,53003,Blocked by Conditional Access,3 Conditional Access,Browser,SG
2026-08-08T15:45,u4001@contoso.example,VPN,500121,MFA challenge failed,2 MFA problems,Browser,US
2026-08-08T15:59,u1317@contoso.example,Office 365 Exchange Online,53000,Device not compliant,15 Compliance and PRT,Mobile Apps and Desktop clients,IN
2026-08-08T16:03,u1007@contoso.example,Payroll,50055,Password expired,1 Sign-in fails,Browser,IN
2026-08-08T16:05,u2322@contoso.example,Office 365 Exchange Online,53000,Device not compliant,15 Compliance and PRT,Browser,US
2026-08-08T16:15,u2175@contoso.example,Payroll,50126,Invalid username or password,1 Sign-in fails,Browser,IN
2026-08-08T16:20,u3275@contoso.example,SharePoint Online,50074,"MFA required, not completed",2 MFA problems,Browser,GB
2026-08-08T16:32,u2501@contoso.example,Azure Portal,53000,Device not compliant,15 Compliance and PRT,Mobile Apps and Desktop clients,IN
2026-08-08T16:39,u2495@contoso.example,Service Desk,50057,Account disabled,1 Sign-in fails,Browser,IN
2026-08-08T16:39,u2481@contoso.example,HR Portal,53003,Blocked by Conditional Access,3 Conditional Access,Browser,GB
2026-08-08T16:46,u3852@contoso.example,Payroll,53003,Blocked by Conditional Access,3 Conditional Access,Mobile Apps and Desktop clients,GB
2026-08-08T16:56,u2181@contoso.example,Service Desk,500121,MFA challenge failed,2 MFA problems,IMAP4,GB
2026-08-08T17:13,u3807@contoso.example,Azure Portal,50074,"MFA required, not completed",2 MFA problems,Browser,IN
2026-08-08T17:18,u3459@contoso.example,Office 365 Exchange Online,500121,MFA challenge failed,2 MFA problems,Mobile Apps and Desktop clients,IN
2026-08-08T17:20,u3698@contoso.example,Microsoft Teams,500121,MFA challenge failed,2 MFA problems,Browser,US
2026-08-08T17:22,u1125@contoso.example,HR Portal,50126,Invalid username or password,1 Sign-in fails,Mobile Apps and Desktop clients,US
2026-08-08T17:22,u4357@contoso.example,Microsoft Teams,50055,Password expired,1 Sign-in fails,Mobile Apps and Desktop clients,IN
2026-08-08T17:40,u4443@contoso.example,Payroll,500121,MFA challenge failed,2 MFA problems,Browser,IN
2026-08-08T18:06,u3186@contoso.example,Office 365 Exchange Online,50057,Account disabled,1 Sign-in fails,Mobile Apps and Desktop clients,GB
2026-08-08T18:12,u3260@contoso.example,HR Portal,500121,MFA challenge failed,2 MFA problems,Mobile Apps and Desktop clients,US
2026-08-08T18:13,u3663@contoso.example,Azure Portal,53003,Blocked by Conditional Access,3 Conditional Access,Mobile Apps and Desktop clients,US
2026-08-08T18:20,u1117@contoso.example,Office 365 Exchange Online,500121,MFA challenge failed,2 MFA problems,Mobile Apps and Desktop clients,GB
2026-08-08T18:22,u1722@contoso.example,VPN,53003,Blocked by Conditional Access,3 Conditional Access,Browser,IN
2026-08-08T18:28,u3782@contoso.example,Office 365 Exchange Online,70043,Sign-in frequency expired,6 Repeated prompts,Mobile Apps and Desktop clients,SG
2026-08-08T18:34,u3505@contoso.example,VPN,500121,MFA challenge failed,2 MFA problems,Mobile Apps and Desktop clients,IN
2026-08-08T18:41,u1276@contoso.example,VPN,53003,Blocked by Conditional Access,3 Conditional Access,Mobile Apps and Desktop clients,IN
2026-08-08T18:42,u1739@contoso.example,HR Portal,53003,Blocked by Conditional Access,3 Conditional Access,Mobile Apps and Desktop clients,IN
2026-08-08T19:02,u1829@contoso.example,VPN,50053,Account locked (smart lockout),5 Lockout loop,Mobile Apps and Desktop clients,IN
2026-08-08T19:09,u1090@contoso.example,Payroll,65001,Consent not granted,9 Assignment and consent,Browser,US
2026-08-08T19:36,u3607@contoso.example,CRM,50126,Invalid username or password,1 Sign-in fails,Browser,IN
2026-08-08T20:08,u2142@contoso.example,Service Desk,50057,Account disabled,1 Sign-in fails,Browser,US
2026-08-08T20:20,u4094@contoso.example,Azure Portal,50057,Account disabled,1 Sign-in fails,Mobile Apps and Desktop clients,IN
2026-08-08T20:27,u1635@contoso.example,HR Portal,50053,Account locked (smart lockout),5 Lockout loop,Mobile Apps and Desktop clients,DE
2026-08-08T20:35,u4680@contoso.example,CRM,50126,Invalid username or password,1 Sign-in fails,IMAP4,GB
2026-08-08T20:35,u1200@contoso.example,Payroll,50126,Invalid username or password,1 Sign-in fails,Exchange ActiveSync,GB
2026-08-08T20:39,u4319@contoso.example,CRM,53003,Blocked by Conditional Access,3 Conditional Access,Exchange ActiveSync,IN
2026-08-08T20:43,u1618@contoso.example,SharePoint Online,53000,Device not compliant,15 Compliance and PRT,Browser,IN
2026-08-08T20:51,u2999@contoso.example,Microsoft Teams,53000,Device not compliant,15 Compliance and PRT,Mobile Apps and Desktop clients,IN
2026-08-08T21:00,u2276@contoso.example,SharePoint Online,50074,"MFA required, not completed",2 MFA problems,Browser,US
2026-08-08T21:16,u1817@contoso.example,SharePoint Online,500121,MFA challenge failed,2 MFA problems,Mobile Apps and Desktop clients,IN
2026-08-08T21:28,u1818@contoso.example,Service Desk,50126,Invalid username or password,1 Sign-in fails,Browser,IN
2026-08-08T21:32,u2692@contoso.example,Payroll,50126,Invalid username or password,1 Sign-in fails,Mobile Apps and Desktop clients,US
2026-08-08T21:35,u3061@contoso.example,SharePoint Online,50126,Invalid username or password,1 Sign-in fails,Browser,GB
2026-08-08T21:42,u3360@contoso.example,Microsoft Teams,53000,Device not compliant,15 Compliance and PRT,Browser,US
2026-08-08T21:42,u4927@contoso.example,Payroll,53000,Device not compliant,15 Compliance and PRT,Mobile Apps and Desktop clients,IN
2026-08-08T21:44,u1721@contoso.example,HR Portal,50055,Password expired,1 Sign-in fails,Mobile Apps and Desktop clients,GB
2026-08-08T21:45,u3562@contoso.example,HR Portal,70043,Sign-in frequency expired,6 Repeated prompts,Browser,IN
2026-08-08T21:49,u4010@contoso.example,Payroll,50126,Invalid username or password,1 Sign-in fails,Browser,IN
2026-08-08T22:12,u1896@contoso.example,Service Desk,50126,Invalid username or password,1 Sign-in fails,Mobile Apps and Desktop clients,IN
2026-08-08T22:15,u1552@contoso.example,Office 365 Exchange Online,53003,Blocked by Conditional Access,3 Conditional Access,Exchange ActiveSync,IN
2026-08-08T22:23,u2489@contoso.example,SharePoint Online,50126,Invalid username or password,1 Sign-in fails,Mobile Apps and Desktop clients,SG
2026-08-08T22:35,u3686@contoso.example,SharePoint Online,500121,MFA challenge failed,2 MFA problems,Browser,US
2026-08-08T22:36,u3391@contoso.example,HR Portal,50126,Invalid username or password,1 Sign-in fails,Exchange ActiveSync,SG
2026-08-08T23:11,u2667@contoso.example,Payroll,50126,Invalid username or password,1 Sign-in fails,Browser,IN
2026-08-08T23:12,u2229@contoso.example,Microsoft Teams,50126,Invalid username or password,1 Sign-in fails,Browser,SG
2026-08-08T23:18,u3909@contoso.example,Microsoft Teams,50126,Invalid username or password,1 Sign-in fails,Mobile Apps and Desktop clients,IN
2026-08-08T23:23,u2186@contoso.example,Service Desk,500121,MFA challenge failed,2 MFA problems,Browser,US
2026-08-08T23:23,u4779@contoso.example,Azure Portal,50126,Invalid username or password,1 Sign-in fails,Browser,DE
2026-08-08T23:26,u3622@contoso.example,CRM,50126,Invalid username or password,1 Sign-in fails,Browser,IN
2026-08-09T00:00,u4825@contoso.example,Office 365 Exchange Online,70043,Sign-in frequency expired,6 Repeated prompts,IMAP4,IN
2026-08-09T00:08,u4188@contoso.example,VPN,70043,Sign-in frequency expired,6 Repeated prompts,Mobile Apps and Desktop clients,IN
2026-08-09T00:10,u2180@contoso.example,Payroll,53000,Device not compliant,15 Compliance and PRT,Browser,IN
2026-08-09T00:14,u3521@contoso.example,Azure Portal,50011,Reply URL mismatch,7 App authentication,Browser,GB
2026-08-09T00:20,u1193@contoso.example,VPN,50126,Invalid username or password,1 Sign-in fails,Browser,US
2026-08-09T00:21,u1773@contoso.example,CRM,50126,Invalid username or password,1 Sign-in fails,Exchange ActiveSync,IN
2026-08-09T00:31,u4311@contoso.example,CRM,50105,User not assigned to app,9 Assignment and consent,Browser,IN
2026-08-09T01:08,u4707@contoso.example,Microsoft Teams,500121,MFA challenge failed,2 MFA problems,Browser,IN
2026-08-09T01:11,u4984@contoso.example,CRM,50126,Invalid username or password,1 Sign-in fails,Mobile Apps and Desktop clients,IN
2026-08-09T01:13,u3264@contoso.example,SharePoint Online,50057,Account disabled,1 Sign-in fails,Mobile Apps and Desktop clients,IN
2026-08-09T01:22,u2628@contoso.example,CRM,53000,Device not compliant,15 Compliance and PRT,Browser,IN
2026-08-09T01:47,u2949@contoso.example,Office 365 Exchange Online,50074,"MFA required, not completed",2 MFA problems,Mobile Apps and Desktop clients,IN
2026-08-09T01:52,u3078@contoso.example,SharePoint Online,53003,Blocked by Conditional Access,3 Conditional Access,Mobile Apps and Desktop clients,IN
2026-08-09T01:57,u1024@contoso.example,SharePoint Online,50126,Invalid username or password,1 Sign-in fails,Mobile Apps and Desktop clients,IN
2026-08-09T02:00,u2638@contoso.example,Service Desk,50126,Invalid username or password,1 Sign-in fails,Browser,GB
2026-08-09T02:06,u4661@contoso.example,SharePoint Online,50053,Account locked (smart lockout),5 Lockout loop,IMAP4,IN
2026-08-09T02:18,u4743@contoso.example,VPN,50011,Reply URL mismatch,7 App authentication,Browser,SG
2026-08-09T02:25,u4050@contoso.example,Azure Portal,50053,Account locked (smart lockout),5 Lockout loop,Browser,US
2026-08-09T02:39,u1333@contoso.example,Payroll,500121,MFA challenge failed,2 MFA problems,Browser,IN
2026-08-09T02:42,u1754@contoso.example,SharePoint Online,50011,Reply URL mismatch,7 App authentication,Browser,IN
2026-08-09T02:46,u3554@contoso.example,Microsoft Teams,50126,Invalid username or password,1 Sign-in fails,Exchange ActiveSync,IN
2026-08-09T03:00,u1802@contoso.example,Office 365 Exchange Online,50074,"MFA required, not completed",2 MFA problems,Browser,IN
2026-08-09T03:09,u3701@contoso.example,Office 365 Exchange Online,50126,Invalid username or password,1 Sign-in fails,Browser,IN
2026-08-09T03:15,u2961@contoso.example,Azure Portal,50105,User not assigned to app,9 Assignment and consent,Browser,US
2026-08-09T03:43,u3910@contoso.example,CRM,50126,Invalid username or password,1 Sign-in fails,Browser,IN
2026-08-09T03:45,u1615@contoso.example,CRM,50053,Account locked (smart lockout),5 Lockout loop,Browser,SG
2026-08-09T03:53,u4956@contoso.example,Office 365 Exchange Online,53000,Device not compliant,15 Compliance and PRT,Browser,IN
2026-08-09T03:54,u4016@contoso.example,VPN,50057,Account disabled,1 Sign-in fails,Mobile Apps and Desktop clients,IN
2026-08-09T03:55,u2066@contoso.example,SharePoint Online,50126,Invalid username or password,1 Sign-in fails,Mobile Apps and Desktop clients,DE
2026-08-09T03:58,u4793@contoso.example,Microsoft Teams,50126,Invalid username or password,1 Sign-in fails,Mobile Apps and Desktop clients,US
2026-08-09T04:17,u3559@contoso.example,Office 365 Exchange Online,50011,Reply URL mismatch,7 App authentication,Mobile Apps and Desktop clients,IN
2026-08-09T04:28,u1175@contoso.example,Azure Portal,50053,Account locked (smart lockout),5 Lockout loop,Browser,IN
2026-08-09T04:30,u4619@contoso.example,HR Portal,500121,MFA challenge failed,2 MFA problems,Mobile Apps and Desktop clients,SG
2026-08-09T04:40,u4595@contoso.example,Service Desk,53003,Blocked by Conditional Access,3 Conditional Access,Mobile Apps and Desktop clients,DE
2026-08-09T04:43,u2575@contoso.example,Azure Portal,50074,"MFA required, not completed",2 MFA problems,IMAP4,IN
2026-08-09T04:48,u4059@contoso.example,Azure Portal,50126,Invalid username or password,1 Sign-in fails,IMAP4,SG
2026-08-09T04:53,u2251@contoso.example,SharePoint Online,90072,Guest account not in tenant,22 Guest access,Mobile Apps and Desktop clients,US
2026-08-09T04:58,u4014@contoso.example,Office 365 Exchange Online,50126,Invalid username or password,1 Sign-in fails,Browser,IN
2026-08-09T05:03,u1469@contoso.example,Office 365 Exchange Online,53003,Blocked by Conditional Access,3 Conditional Access,Mobile Apps and Desktop clients,IN
2026-08-09T05:04,u1172@contoso.example,HR Portal,50055,Password expired,1 Sign-in fails,Mobile Apps and Desktop clients,SG
2026-08-09T05:19,u4419@contoso.example,SharePoint Online,70043,Sign-in frequency expired,6 Repeated prompts,Mobile Apps and Desktop clients,GB
2026-08-09T05:20,u4685@contoso.example,VPN,50126,Invalid username or password,1 Sign-in fails,Browser,IN
2026-08-09T05:22,u1481@contoso.example,SharePoint Online,50053,Account locked (smart lockout),5 Lockout loop,Exchange ActiveSync,IN
2026-08-09T05:22,u1837@contoso.example,Service Desk,50126,Invalid username or password,1 Sign-in fails,Mobile Apps and Desktop clients,SG
2026-08-09T05:36,u4524@contoso.example,VPN,50126,Invalid username or password,1 Sign-in fails,Browser,DE
2026-08-09T05:37,u2735@contoso.example,CRM,50105,User not assigned to app,9 Assignment and consent,Mobile Apps and Desktop clients,GB
2026-08-09T05:46,u2570@contoso.example,Office 365 Exchange Online,500121,MFA challenge failed,2 MFA problems,Browser,IN
2026-08-09T05:59,u3777@contoso.example,Service Desk,50074,"MFA required, not completed",2 MFA problems,Browser,IN
2026-08-09T06:05,u3782@contoso.example,Azure Portal,50053,Account locked (smart lockout),5 Lockout loop,Browser,US
2026-08-09T06:17,u1500@contoso.example,CRM,50126,Invalid username or password,1 Sign-in fails,Mobile Apps and Desktop clients,IN
2026-08-09T06:19,u2896@contoso.example,CRM,53003,Blocked by Conditional Access,3 Conditional Access,Mobile Apps and Desktop clients,US
2026-08-09T06:24,u3942@contoso.example,CRM,50126,Invalid username or password,1 Sign-in fails,Exchange ActiveSync,US
2026-08-09T06:29,u1462@contoso.example,HR Portal,50105,User not assigned to app,9 Assignment and consent,Browser,DE
2026-08-09T06:39,u3552@contoso.example,Payroll,50105,User not assigned to app,9 Assignment and consent,Browser,US
2026-08-09T06:40,u2611@contoso.example,Azure Portal,50057,Account disabled,1 Sign-in fails,Exchange ActiveSync,DE
2026-08-09T06:59,u2997@contoso.example,Office 365 Exchange Online,53000,Device not compliant,15 Compliance and PRT,Browser,SG
2026-08-09T07:00,u3894@contoso.example,HR Portal,50011,Reply URL mismatch,7 App authentication,Browser,IN
2026-08-09T07:03,u2792@contoso.example,VPN,53003,Blocked by Conditional Access,3 Conditional Access,Mobile Apps and Desktop clients,DE
2026-08-09T07:07,u1520@contoso.example,Microsoft Teams,50126,Invalid username or password,1 Sign-in fails,Mobile Apps and Desktop clients,GB
2026-08-09T07:09,u1979@contoso.example,Azure Portal,50126,Invalid username or password,1 Sign-in fails,Exchange ActiveSync,GB
2026-08-09T07:13,u1419@contoso.example,HR Portal,50074,"MFA required, not completed",2 MFA problems,Browser,DE
2026-08-09T07:13,u2707@contoso.example,Service Desk,50126,Invalid username or password,1 Sign-in fails,Browser,US
2026-08-09T07:17,u3805@contoso.example,CRM,53003,Blocked by Conditional Access,3 Conditional Access,Browser,US
2026-08-09T07:44,u1466@contoso.example,Azure Portal,50105,User not assigned to app,9 Assignment and consent,Browser,IN
2026-08-09T07:45,u4791@contoso.example,Service Desk,50011,Reply URL mismatch,7 App authentication,Browser,IN
2026-08-09T07:52,u1392@contoso.example,Service Desk,50105,User not assigned to app,9 Assignment and consent,Browser,US
2026-08-09T07:58,u4355@contoso.example,CRM,50053,Account locked (smart lockout),5 Lockout loop,Browser,IN
2026-08-09T07:59,u4713@contoso.example,VPN,53003,Blocked by Conditional Access,3 Conditional Access,Exchange ActiveSync,US
2026-08-09T08:42,u1613@contoso.example,Office 365 Exchange Online,50126,Invalid username or password,1 Sign-in fails,Mobile Apps and Desktop clients,IN
2026-08-09T08:58,u1904@contoso.example,Service Desk,50126,Invalid username or password,1 Sign-in fails,Browser,IN
2026-08-09T09:02,u1014@contoso.example,SharePoint Online,50053,Account locked (smart lockout),5 Lockout loop,Mobile Apps and Desktop clients,US
2026-08-09T09:07,u1731@contoso.example,VPN,53003,Blocked by Conditional Access,3 Conditional Access,Browser,IN
2026-08-09T09:22,u4954@contoso.example,Office 365 Exchange Online,500121,MFA challenge failed,2 MFA problems,Browser,GB
2026-08-09T09:26,u3703@contoso.example,Azure Portal,50126,Invalid username or password,1 Sign-in fails,Mobile Apps and Desktop clients,US
2026-08-09T09:32,u1679@contoso.example,Azure Portal,500121,MFA challenge failed,2 MFA problems,Mobile Apps and Desktop clients,IN
2026-08-09T09:46,u1987@contoso.example,CRM,90072,Guest account not in tenant,22 Guest access,IMAP4,US
2026-08-09T09:48,u4670@contoso.example,Microsoft Teams,53003,Blocked by Conditional Access,3 Conditional Access,Mobile Apps and Desktop clients,IN
2026-08-09T09:49,u3915@contoso.example,Microsoft Teams,50053,Account locked (smart lockout),5 Lockout loop,Mobile Apps and Desktop clients,DE
2026-08-09T09:53,u2033@contoso.example,CRM,50126,Invalid username or password,1 Sign-in fails,Browser,IN
2026-08-09T10:39,u4616@contoso.example,Office 365 Exchange Online,500121,MFA challenge failed,2 MFA problems,Mobile Apps and Desktop clients,IN
2026-08-09T10:50,u4390@contoso.example,Microsoft Teams,50126,Invalid username or password,1 Sign-in fails,Browser,IN
2026-08-09T11:02,u1696@contoso.example,HR Portal,53003,Blocked by Conditional Access,3 Conditional Access,Browser,IN
2026-08-09T11:03,u2791@contoso.example,SharePoint Online,50126,Invalid username or password,1 Sign-in fails,Browser,SG
2026-08-09T11:22,u4980@contoso.example,Office 365 Exchange Online,50126,Invalid username or password,1 Sign-in fails,Browser,DE
2026-08-09T11:29,u1408@contoso.example,SharePoint Online,50126,Invalid username or password,1 Sign-in fails,Browser,SG
2026-08-09T11:30,u2045@contoso.example,VPN,50053,Account locked (smart lockout),5 Lockout loop,Mobile Apps and Desktop clients,IN
2026-08-09T11:40,u3695@contoso.example,Microsoft Teams,50055,Password expired,1 Sign-in fails,Browser,US
2026-08-09T11:41,u2012@contoso.example,Office 365 Exchange Online,50053,Account locked (smart lockout),5 Lockout loop,Browser,IN
2026-08-09T11:42,u1582@contoso.example,Payroll,50074,"MFA required, not completed",2 MFA problems,Mobile Apps and Desktop clients,IN
2026-08-09T11:45,u3362@contoso.example,CRM,53003,Blocked by Conditional Access,3 Conditional Access,Browser,SG
2026-08-09T11:47,u2018@contoso.example,Office 365 Exchange Online,50126,Invalid username or password,1 Sign-in fails,Mobile Apps and Desktop clients,IN
2026-08-09T11:47,u3358@contoso.example,Office 365 Exchange Online,53000,Device not compliant,15 Compliance and PRT,Mobile Apps and Desktop clients,US
2026-08-09T12:22,u4004@contoso.example,CRM,50126,Invalid username or password,1 Sign-in fails,Browser,IN
2026-08-09T12:26,u1477@contoso.example,Payroll,50055,Password expired,1 Sign-in fails,Mobile Apps and Desktop clients,IN
2026-08-09T12:51,u3017@contoso.example,Payroll,50053,Account locked (smart lockout),5 Lockout loop,Browser,IN
2026-08-09T12:58,u2721@contoso.example,Payroll,50126,Invalid username or password,1 Sign-in fails,Mobile Apps and Desktop clients,US
2026-08-09T12:59,u1816@contoso.example,Microsoft Teams,50053,Account locked (smart lockout),5 Lockout loop,Mobile Apps and Desktop clients,IN
2026-08-09T13:07,u1596@contoso.example,Service Desk,50126,Invalid username or password,1 Sign-in fails,Mobile Apps and Desktop clients,GB
2026-08-09T13:14,u1035@contoso.example,SharePoint Online,50126,Invalid username or password,1 Sign-in fails,Browser,IN
2026-08-09T13:17,u1281@contoso.example,Service Desk,53000,Device not compliant,15 Compliance and PRT,Browser,US
2026-08-09T13:19,u2340@contoso.example,Service Desk,50126,Invalid username or password,1 Sign-in fails,Browser,IN
2026-08-09T13:20,u4563@contoso.example,HR Portal,50055,Password expired,1 Sign-in fails,Browser,DE
2026-08-09T13:31,u4049@contoso.example,Microsoft Teams,53000,Device not compliant,15 Compliance and PRT,Mobile Apps and Desktop clients,IN
2026-08-09T13:32,u2346@contoso.example,Microsoft Teams,53003,Blocked by Conditional Access,3 Conditional Access,Browser,IN
2026-08-09T13:36,u4427@contoso.example,CRM,50074,"MFA required, not completed",2 MFA problems,Mobile Apps and Desktop clients,IN
2026-08-09T13:42,u2944@contoso.example,Microsoft Teams,500121,MFA challenge failed,2 MFA problems,Browser,SG
2026-08-09T13:43,u4252@contoso.example,Azure Portal,50105,User not assigned to app,9 Assignment and consent,Browser,IN
2026-08-09T13:43,u4147@contoso.example,SharePoint Online,53003,Blocked by Conditional Access,3 Conditional Access,Mobile Apps and Desktop clients,US
2026-08-09T14:14,u4570@contoso.example,CRM,50074,"MFA required, not completed",2 MFA problems,Mobile Apps and Desktop clients,IN
2026-08-09T14:20,u3741@contoso.example,Payroll,50126,Invalid username or password,1 Sign-in fails,Mobile Apps and Desktop clients,IN
2026-08-09T14:28,u2671@contoso.example,HR Portal,50126,Invalid username or password,1 Sign-in fails,Mobile Apps and Desktop clients,US
2026-08-09T14:29,u2767@contoso.example,SharePoint Online,50126,Invalid username or password,1 Sign-in fails,Browser,GB
2026-08-09T14:30,u1257@contoso.example,Office 365 Exchange Online,50126,Invalid username or password,1 Sign-in fails,Mobile Apps and Desktop clients,IN
2026-08-09T14:35,u4655@contoso.example,VPN,50057,Account disabled,1 Sign-in fails,Browser,SG
2026-08-09T14:52,u4074@contoso.example,CRM,50074,"MFA required, not completed",2 MFA problems,Mobile Apps and Desktop clients,IN
2026-08-09T14:58,u4345@contoso.example,CRM,50105,User not assigned to app,9 Assignment and consent,Browser,IN
2026-08-09T15:03,u1193@contoso.example,CRM,50126,Invalid username or password,1 Sign-in fails,Mobile Apps and Desktop clients,IN
2026-08-09T15:23,u3477@contoso.example,CRM,50126,Invalid username or password,1 Sign-in fails,Browser,GB
2026-08-09T15:30,u2676@contoso.example,Payroll,50126,Invalid username or password,1 Sign-in fails,Mobile Apps and Desktop clients,US
2026-08-09T15:50,u1934@contoso.example,SharePoint Online,500121,MFA challenge failed,2 MFA problems,Browser,IN
2026-08-09T15:52,u2354@contoso.example,VPN,50074,"MFA required, not completed",2 MFA problems,Mobile Apps and Desktop clients,GB
2026-08-09T16:03,u1211@contoso.example,Service Desk,53003,Blocked by Conditional Access,3 Conditional Access,Browser,US
2026-08-09T16:03,u2313@contoso.example,VPN,50055,Password expired,1 Sign-in fails,Mobile Apps and Desktop clients,IN
2026-08-09T16:04,u4394@contoso.example,Azure Portal,70043,Sign-in frequency expired,6 Repeated prompts,Browser,US
2026-08-09T16:30,u4079@contoso.example,Microsoft Teams,53003,Blocked by Conditional Access,3 Conditional Access,Mobile Apps and Desktop clients,IN
2026-08-09T16:36,u2566@contoso.example,VPN,50158,External MFA challenge not met,2 MFA problems,Browser,US
2026-08-09T16:43,u1955@contoso.example,HR Portal,50126,Invalid username or password,1 Sign-in fails,Mobile Apps and Desktop clients,US
2026-08-09T17:03,u3966@contoso.example,Microsoft Teams,50105,User not assigned to app,9 Assignment and consent,Browser,IN
2026-08-09T17:19,u3338@contoso.example,Service Desk,50126,Invalid username or password,1 Sign-in fails,IMAP4,US
2026-08-09T17:21,u4428@contoso.example,Office 365 Exchange Online,50126,Invalid username or password,1 Sign-in fails,Browser,US
2026-08-09T17:22,u3361@contoso.example,Office 365 Exchange Online,50057,Account disabled,1 Sign-in fails,Browser,GB
2026-08-09T17:33,u3792@contoso.example,VPN,50126,Invalid username or password,1 Sign-in fails,Browser,IN
2026-08-09T17:34,u3493@contoso.example,Office 365 Exchange Online,50105,User not assigned to app,9 Assignment and consent,Mobile Apps and Desktop clients,GB
2026-08-09T17:51,u3795@contoso.example,Microsoft Teams,50105,User not assigned to app,9 Assignment and consent,Browser,IN
2026-08-09T17:54,u4805@contoso.example,SharePoint Online,50126,Invalid username or password,1 Sign-in fails,Browser,US
2026-08-09T17:54,u3054@contoso.example,Microsoft Teams,50057,Account disabled,1 Sign-in fails,Browser,DE
2026-08-09T18:02,u1352@contoso.example,Office 365 Exchange Online,500121,MFA challenge failed,2 MFA problems,Mobile Apps and Desktop clients,US
2026-08-09T18:06,u4722@contoso.example,HR Portal,50105,User not assigned to app,9 Assignment and consent,Mobile Apps and Desktop clients,IN
2026-08-09T18:10,u4912@contoso.example,Payroll,50074,"MFA required, not completed",2 MFA problems,Mobile Apps and Desktop clients,IN
2026-08-09T18:11,u3269@contoso.example,VPN,50126,Invalid username or password,1 Sign-in fails,Browser,IN
2026-08-09T18:18,u1704@contoso.example,SharePoint Online,53003,Blocked by Conditional Access,3 Conditional Access,Browser,IN
2026-08-09T18:22,u2466@contoso.example,Service Desk,50126,Invalid username or password,1 Sign-in fails,Browser,IN
2026-08-09T18:35,u4619@contoso.example,Payroll,53000,Device not compliant,15 Compliance and PRT,Browser,IN
2026-08-09T18:40,u4907@contoso.example,SharePoint Online,50057,Account disabled,1 Sign-in fails,Mobile Apps and Desktop clients,GB
2026-08-09T18:42,u3002@contoso.example,Service Desk,50126,Invalid username or password,1 Sign-in fails,Browser,DE
2026-08-09T18:44,u4379@contoso.example,Payroll,50126,Invalid username or password,1 Sign-in fails,Browser,IN
2026-08-09T18:58,u3471@contoso.example,SharePoint Online,50126,Invalid username or password,1 Sign-in fails,IMAP4,DE
2026-08-09T19:16,u4725@contoso.example,Azure Portal,70043,Sign-in frequency expired,6 Repeated prompts,Browser,IN
2026-08-09T19:21,u2204@contoso.example,CRM,53003,Blocked by Conditional Access,3 Conditional Access,Browser,US
2026-08-09T19:41,u4139@contoso.example,SharePoint Online,50126,Invalid username or password,1 Sign-in fails,Mobile Apps and Desktop clients,US
2026-08-09T19:42,u3193@contoso.example,HR Portal,50126,Invalid username or password,1 Sign-in fails,Mobile Apps and Desktop clients,GB
2026-08-09T19:47,u4710@contoso.example,VPN,500121,MFA challenge failed,2 MFA problems,Browser,SG
2026-08-09T20:04,u4270@contoso.example,SharePoint Online,70043,Sign-in frequency expired,6 Repeated prompts,Browser,IN
2026-08-09T20:18,u4694@contoso.example,SharePoint Online,53000,Device not compliant,15 Compliance and PRT,Exchange ActiveSync,GB
2026-08-09T20:31,u3237@contoso.example,Microsoft Teams,50126,Invalid username or password,1 Sign-in fails,Browser,IN
2026-08-09T20:33,u4883@contoso.example,VPN,50126,Invalid username or password,1 Sign-in fails,Mobile Apps and Desktop clients,IN
2026-08-09T20:41,u2105@contoso.example,Microsoft Teams,53003,Blocked by Conditional Access,3 Conditional Access,Browser,IN
2026-08-09T21:05,u3871@contoso.example,Payroll,50053,Account locked (smart lockout),5 Lockout loop,Browser,IN
2026-08-09T21:08,u1500@contoso.example,VPN,50057,Account disabled,1 Sign-in fails,Mobile Apps and Desktop clients,US
2026-08-09T21:27,u4000@contoso.example,Payroll,500121,MFA challenge failed,2 MFA problems,Mobile Apps and Desktop clients,IN
2026-08-09T21:32,u1828@contoso.example,Service Desk,500121,MFA challenge failed,2 MFA problems,Browser,IN
2026-08-09T21:36,u3239@contoso.example,Payroll,500121,MFA challenge failed,2 MFA problems,Browser,IN
2026-08-09T21:56,u2323@contoso.example,Payroll,53003,Blocked by Conditional Access,3 Conditional Access,Browser,IN
2026-08-09T21:56,u4545@contoso.example,CRM,50126,Invalid username or password,1 Sign-in fails,Browser,IN
2026-08-09T21:58,u4571@contoso.example,CRM,50074,"MFA required, not completed",2 MFA problems,Mobile Apps and Desktop clients,US
2026-08-09T22:14,u3323@contoso.example,Office 365 Exchange Online,50074,"MFA required, not completed",2 MFA problems,Mobile Apps and Desktop clients,IN
2026-08-09T22:16,u3188@contoso.example,Azure Portal,53000,Device not compliant,15 Compliance and PRT,Mobile Apps and Desktop clients,US
2026-08-09T22:23,u3871@contoso.example,Office 365 Exchange Online,50074,"MFA required, not completed",2 MFA problems,Mobile Apps and Desktop clients,US
2026-08-09T22:23,u4299@contoso.example,Office 365 Exchange Online,500121,MFA challenge failed,2 MFA problems,Browser,IN
2026-08-09T22:26,u1381@contoso.example,Azure Portal,50126,Invalid username or password,1 Sign-in fails,Browser,IN
2026-08-09T22:35,u3425@contoso.example,Service Desk,50053,Account locked (smart lockout),5 Lockout loop,Mobile Apps and Desktop clients,IN
2026-08-09T22:40,u4727@contoso.example,Service Desk,53000,Device not compliant,15 Compliance and PRT,Mobile Apps and Desktop clients,IN
2026-08-09T22:41,u1101@contoso.example,Office 365 Exchange Online,50126,Invalid username or password,1 Sign-in fails,Mobile Apps and Desktop clients,IN
2026-08-09T22:46,u2883@contoso.example,SharePoint Online,50126,Invalid username or password,1 Sign-in fails,Browser,US
2026-08-09T22:58,u4463@contoso.example,Microsoft Teams,53003,Blocked by Conditional Access,3 Conditional Access,Browser,DE
2026-08-09T23:12,u2491@contoso.example,Azure Portal,500121,MFA challenge failed,2 MFA problems,Browser,US
2026-08-09T23:19,u4938@contoso.example,VPN,65001,Consent not granted,9 Assignment and consent,Browser,GB
2026-08-09T23:34,u3930@contoso.example,Payroll,50126,Invalid username or password,1 Sign-in fails,Browser,IN
2026-08-09T23:36,u1409@contoso.example,Payroll,50126,Invalid username or password,1 Sign-in fails,Mobile Apps and Desktop clients,US
2026-08-09T23:45,u2003@contoso.example,Azure Portal,50053,Account locked (smart lockout),5 Lockout loop,Browser,IN
2026-08-09T23:46,u1347@contoso.example,Payroll,500121,MFA challenge failed,2 MFA problems,Mobile Apps and Desktop clients,IN
2026-08-09T23:47,u4483@contoso.example,Office 365 Exchange Online,50074,"MFA required, not completed",2 MFA problems,Mobile Apps and Desktop clients,US
2026-08-09T23:59,u4696@contoso.example,CRM,50158,External MFA challenge not met,2 MFA problems,Mobile Apps and Desktop clients,IN
2026-08-10T00:04,u2741@contoso.example,Microsoft Teams,50074,"MFA required, not completed",2 MFA problems,Mobile Apps and Desktop clients,US
2026-08-10T00:13,u2987@contoso.example,VPN,50126,Invalid username or password,1 Sign-in fails,Mobile Apps and Desktop clients,IN
2026-08-10T00:22,u4685@contoso.example,SharePoint Online,53003,Blocked by Conditional Access,3 Conditional Access,Mobile Apps and Desktop clients,IN
2026-08-10T00:31,u4221@contoso.example,Azure Portal,70043,Sign-in frequency expired,6 Repeated prompts,Browser,US
2026-08-10T00:37,u1311@contoso.example,HR Portal,50055,Password expired,1 Sign-in fails,Browser,GB
2026-08-10T00:43,u2941@contoso.example,Microsoft Teams,50105,User not assigned to app,9 Assignment and consent,Mobile Apps and Desktop clients,IN
2026-08-10T00:47,u3440@contoso.example,VPN,70043,Sign-in frequency expired,6 Repeated prompts,Browser,IN
2026-08-10T00:52,u1318@contoso.example,SharePoint Online,70043,Sign-in frequency expired,6 Repeated prompts,Browser,SG
2026-08-10T01:20,u4164@contoso.example,VPN,50074,"MFA required, not completed",2 MFA problems,Mobile Apps and Desktop clients,GB
2026-08-10T01:34,u2088@contoso.example,Office 365 Exchange Online,50074,"MFA required, not completed",2 MFA problems,IMAP4,US
2026-08-10T01:35,u1654@contoso.example,Azure Portal,50126,Invalid username or password,1 Sign-in fails,Browser,GB
2026-08-10T01:51,u4266@contoso.example,HR Portal,50074,"MFA required, not completed",2 MFA problems,Mobile Apps and Desktop clients,IN
2026-08-10T02:10,u4186@contoso.example,Service Desk,50126,Invalid username or password,1 Sign-in fails,Mobile Apps and Desktop clients,SG
2026-08-10T02:13,u2321@contoso.example,SharePoint Online,500121,MFA challenge failed,2 MFA problems,Browser,DE
2026-08-10T02:18,u3005@contoso.example,CRM,50055,Password expired,1 Sign-in fails,Mobile Apps and Desktop clients,IN
2026-08-10T02:24,u2538@contoso.example,HR Portal,53003,Blocked by Conditional Access,3 Conditional Access,Browser,US
2026-08-10T02:44,u1058@contoso.example,Azure Portal,500121,MFA challenge failed,2 MFA problems,Browser,US
2026-08-10T02:45,u4542@contoso.example,SharePoint Online,50126,Invalid username or password,1 Sign-in fails,Exchange ActiveSync,IN
2026-08-10T02:47,u2328@contoso.example,CRM,50057,Account disabled,1 Sign-in fails,Mobile Apps and Desktop clients,IN
2026-08-10T02:51,u3486@contoso.example,Azure Portal,50126,Invalid username or password,1 Sign-in fails,Browser,GB
2026-08-10T03:04,u2056@contoso.example,Payroll,65001,Consent not granted,9 Assignment and consent,Mobile Apps and Desktop clients,DE
2026-08-10T03:17,u4325@contoso.example,Office 365 Exchange Online,50055,Password expired,1 Sign-in fails,Browser,IN
2026-08-10T03:25,u1858@contoso.example,Service Desk,53003,Blocked by Conditional Access,3 Conditional Access,Mobile Apps and Desktop clients,DE
2026-08-10T03:35,u1981@contoso.example,Payroll,50126,Invalid username or password,1 Sign-in fails,Mobile Apps and Desktop clients,SG
2026-08-10T03:36,u3278@contoso.example,VPN,50053,Account locked (smart lockout),5 Lockout loop,Browser,US
2026-08-10T03:40,u4686@contoso.example,HR Portal,53000,Device not compliant,15 Compliance and PRT,Mobile Apps and Desktop clients,IN
2026-08-10T03:42,u3920@contoso.example,Service Desk,53000,Device not compliant,15 Compliance and PRT,Browser,US
2026-08-10T03:51,u4156@contoso.example,Office 365 Exchange Online,50126,Invalid username or password,1 Sign-in fails,Mobile Apps and Desktop clients,IN
2026-08-10T04:10,u4301@contoso.example,Service Desk,50057,Account disabled,1 Sign-in fails,Mobile Apps and Desktop clients,IN
2026-08-10T04:11,u4089@contoso.example,Service Desk,50055,Password expired,1 Sign-in fails,Browser,IN
2026-08-10T04:12,u2609@contoso.example,SharePoint Online,53000,Device not compliant,15 Compliance and PRT,Mobile Apps and Desktop clients,GB
2026-08-10T04:18,u4282@contoso.example,CRM,53003,Blocked by Conditional Access,3 Conditional Access,Browser,US
2026-08-10T04:19,u1671@contoso.example,HR Portal,50126,Invalid username or password,1 Sign-in fails,Browser,DE
2026-08-10T04:33,u4614@contoso.example,CRM,500121,MFA challenge failed,2 MFA problems,Browser,IN
2026-08-10T04:37,u4341@contoso.example,Office 365 Exchange Online,50074,"MFA required, not completed",2 MFA problems,Browser,IN
2026-08-10T04:44,u4741@contoso.example,Microsoft Teams,53000,Device not compliant,15 Compliance and PRT,Browser,IN
2026-08-10T04:51,u2140@contoso.example,Office 365 Exchange Online,50057,Account disabled,1 Sign-in fails,Exchange ActiveSync,DE
2026-08-10T05:01,u3141@contoso.example,Payroll,50126,Invalid username or password,1 Sign-in fails,Mobile Apps and Desktop clients,GB
2026-08-10T05:14,u4593@contoso.example,Azure Portal,50126,Invalid username or password,1 Sign-in fails,Browser,US
2026-08-10T05:32,u4103@contoso.example,HR Portal,53003,Blocked by Conditional Access,3 Conditional Access,Browser,DE
2026-08-10T05:49,u3541@contoso.example,CRM,53000,Device not compliant,15 Compliance and PRT,Mobile Apps and Desktop clients,DE
2026-08-10T05:55,u2479@contoso.example,Azure Portal,50126,Invalid username or password,1 Sign-in fails,Browser,US
2026-08-10T06:04,u2788@contoso.example,Microsoft Teams,50126,Invalid username or password,1 Sign-in fails,Mobile Apps and Desktop clients,IN
2026-08-10T06:31,u4406@contoso.example,Payroll,50126,Invalid username or password,1 Sign-in fails,Mobile Apps and Desktop clients,US
2026-08-10T06:31,u3958@contoso.example,HR Portal,50074,"MFA required, not completed",2 MFA problems,Browser,IN
2026-08-10T06:37,u3058@contoso.example,Microsoft Teams,70043,Sign-in frequency expired,6 Repeated prompts,IMAP4,IN
2026-08-10T06:39,u1878@contoso.example,CRM,53000,Device not compliant,15 Compliance and PRT,Browser,US
2026-08-10T06:42,u2680@contoso.example,Payroll,50057,Account disabled,1 Sign-in fails,Mobile Apps and Desktop clients,DE
2026-08-10T06:46,u3939@contoso.example,Payroll,500121,MFA challenge failed,2 MFA problems,Browser,IN
2026-08-10T06:54,u4164@contoso.example,HR Portal,50053,Account locked (smart lockout),5 Lockout loop,Browser,IN
2026-08-10T06:58,u2261@contoso.example,Payroll,50053,Account locked (smart lockout),5 Lockout loop,Mobile Apps and Desktop clients,DE
2026-08-10T07:06,u3132@contoso.example,Office 365 Exchange Online,500121,MFA challenge failed,2 MFA problems,Browser,SG
2026-08-10T07:13,u1967@contoso.example,Payroll,500121,MFA challenge failed,2 MFA problems,Browser,US
2026-08-10T07:22,u1165@contoso.example,SharePoint Online,50126,Invalid username or password,1 Sign-in fails,Browser,IN
2026-08-10T07:32,u1492@contoso.example,Office 365 Exchange Online,50011,Reply URL mismatch,7 App authentication,Mobile Apps and Desktop clients,DE
2026-08-10T07:47,u1163@contoso.example,Office 365 Exchange Online,53003,Blocked by Conditional Access,3 Conditional Access,Browser,IN
2026-08-10T07:52,u4948@contoso.example,Service Desk,53000,Device not compliant,15 Compliance and PRT,Browser,IN
2026-08-10T08:14,u1572@contoso.example,HR Portal,50057,Account disabled,1 Sign-in fails,Mobile Apps and Desktop clients,IN
2026-08-10T08:20,u4731@contoso.example,VPN,50074,"MFA required, not completed",2 MFA problems,Browser,IN
2026-08-10T08:27,u3847@contoso.example,Office 365 Exchange Online,53003,Blocked by Conditional Access,3 Conditional Access,Browser,US
2026-08-10T08:36,u2552@contoso.example,Azure Portal,500121,MFA challenge failed,2 MFA problems,Browser,IN
2026-08-10T08:42,u3449@contoso.example,VPN,53003,Blocked by Conditional Access,3 Conditional Access,Browser,US
2026-08-10T08:48,u3209@contoso.example,Office 365 Exchange Online,50053,Account locked (smart lockout),5 Lockout loop,Mobile Apps and Desktop clients,US
2026-08-10T08:53,u1202@contoso.example,VPN,50126,Invalid username or password,1 Sign-in fails,Mobile Apps and Desktop clients,US
2026-08-10T08:54,u2376@contoso.example,CRM,500121,MFA challenge failed,2 MFA problems,Mobile Apps and Desktop clients,GB
2026-08-10T08:59,u3312@contoso.example,SharePoint Online,50055,Password expired,1 Sign-in fails,Mobile Apps and Desktop clients,IN
2026-08-10T09:13,u1883@contoso.example,CRM,50126,Invalid username or password,1 Sign-in fails,Browser,IN
2026-08-10T09:18,u1994@contoso.example,Service Desk,50055,Password expired,1 Sign-in fails,Mobile Apps and Desktop clients,US
2026-08-10T09:30,u2580@contoso.example,SharePoint Online,50126,Invalid username or password,1 Sign-in fails,Browser,US
2026-08-10T09:31,u1532@contoso.example,HR Portal,50126,Invalid username or password,1 Sign-in fails,Browser,GB
2026-08-10T09:51,u3121@contoso.example,VPN,50126,Invalid username or password,1 Sign-in fails,Browser,DE
2026-08-10T09:53,u4612@contoso.example,Payroll,50074,"MFA required, not completed",2 MFA problems,Mobile Apps and Desktop clients,IN
2026-08-10T09:55,u2561@contoso.example,Office 365 Exchange Online,50126,Invalid username or password,1 Sign-in fails,Mobile Apps and Desktop clients,US
2026-08-10T10:07,u2467@contoso.example,CRM,500121,MFA challenge failed,2 MFA problems,Mobile Apps and Desktop clients,US
2026-08-10T10:12,u4724@contoso.example,HR Portal,53003,Blocked by Conditional Access,3 Conditional Access,Browser,DE
2026-08-10T10:14,u1156@contoso.example,Service Desk,500121,MFA challenge failed,2 MFA problems,Mobile Apps and Desktop clients,DE
2026-08-10T10:15,u4226@contoso.example,Microsoft Teams,50074,"MFA required, not completed",2 MFA problems,Mobile Apps and Desktop clients,IN
2026-08-10T10:16,u3404@contoso.example,SharePoint Online,50053,Account locked (smart lockout),5 Lockout loop,Mobile Apps and Desktop clients,US
2026-08-10T10:41,u1585@contoso.example,Azure Portal,53003,Blocked by Conditional Access,3 Conditional Access,Mobile Apps and Desktop clients,IN
2026-08-10T10:42,u4063@contoso.example,Payroll,50053,Account locked (smart lockout),5 Lockout loop,Browser,IN
2026-08-10T10:51,u3669@contoso.example,HR Portal,53000,Device not compliant,15 Compliance and PRT,Browser,US
2026-08-10T10:53,u1905@contoso.example,VPN,50057,Account disabled,1 Sign-in fails,Browser,GB
2026-08-10T10:57,u2242@contoso.example,CRM,50126,Invalid username or password,1 Sign-in fails,IMAP4,IN
2026-08-10T11:10,u3826@contoso.example,Office 365 Exchange Online,70043,Sign-in frequency expired,6 Repeated prompts,Browser,IN
2026-08-10T11:18,u2132@contoso.example,Office 365 Exchange Online,50074,"MFA required, not completed",2 MFA problems,Browser,GB
2026-08-10T11:19,u1197@contoso.example,SharePoint Online,50074,"MFA required, not completed",2 MFA problems,Browser,IN
2026-08-10T11:26,u1667@contoso.example,Azure Portal,50126,Invalid username or password,1 Sign-in fails,Mobile Apps and Desktop clients,IN
2026-08-10T11:27,u4333@contoso.example,Azure Portal,50126,Invalid username or password,1 Sign-in fails,Mobile Apps and Desktop clients,IN
2026-08-10T11:27,u3976@contoso.example,Payroll,50011,Reply URL mismatch,7 App authentication,Exchange ActiveSync,IN
2026-08-10T11:36,u3910@contoso.example,Office 365 Exchange Online,65001,Consent not granted,9 Assignment and consent,Browser,GB
2026-08-10T11:39,u4236@contoso.example,Service Desk,50057,Account disabled,1 Sign-in fails,Mobile Apps and Desktop clients,IN
2026-08-10T11:47,u3908@contoso.example,SharePoint Online,50074,"MFA required, not completed",2 MFA problems,Browser,US
2026-08-10T11:49,u2558@contoso.example,Office 365 Exchange Online,70043,Sign-in frequency expired,6 Repeated prompts,Browser,IN
2026-08-10T11:59,u3685@contoso.example,CRM,50126,Invalid username or password,1 Sign-in fails,Exchange ActiveSync,GB
2026-08-10T12:04,u1826@contoso.example,Service Desk,50126,Invalid username or password,1 Sign-in fails,Browser,SG
2026-08-10T12:12,u3741@contoso.example,Service Desk,50074,"MFA required, not completed",2 MFA problems,Mobile Apps and Desktop clients,DE
2026-08-10T12:14,u1481@contoso.example,Azure Portal,53000,Device not compliant,15 Compliance and PRT,Browser,IN
2026-08-10T12:21,u1809@contoso.example,SharePoint Online,50126,Invalid username or password,1 Sign-in fails,Browser,IN
2026-08-10T12:22,u1382@contoso.example,VPN,70043,Sign-in frequency expired,6 Repeated prompts,Exchange ActiveSync,US
2026-08-10T12:23,u1748@contoso.example,Service Desk,50074,"MFA required, not completed",2 MFA problems,Browser,IN
2026-08-10T12:46,u4868@contoso.example,VPN,50057,Account disabled,1 Sign-in fails,Mobile Apps and Desktop clients,DE
2026-08-10T12:50,u3745@contoso.example,Service Desk,50055,Password expired,1 Sign-in fails,Mobile Apps and Desktop clients,US
2026-08-10T12:56,u4054@contoso.example,SharePoint Online,70043,Sign-in frequency expired,6 Repeated prompts,Mobile Apps and Desktop clients,IN
2026-08-10T13:07,u1893@contoso.example,HR Portal,70043,Sign-in frequency expired,6 Repeated prompts,Mobile Apps and Desktop clients,IN
2026-08-10T13:07,u4900@contoso.example,HR Portal,50126,Invalid username or password,1 Sign-in fails,IMAP4,US
2026-08-10T13:34,u2615@contoso.example,Service Desk,50105,User not assigned to app,9 Assignment and consent,Browser,IN
2026-08-10T13:38,u3615@contoso.example,Service Desk,53003,Blocked by Conditional Access,3 Conditional Access,Browser,GB
2026-08-10T13:58,u1985@contoso.example,CRM,53003,Blocked by Conditional Access,3 Conditional Access,Browser,IN
2026-08-10T14:07,u2763@contoso.example,Payroll,50126,Invalid username or password,1 Sign-in fails,Browser,DE
2026-08-10T14:15,u4141@contoso.example,Azure Portal,50126,Invalid username or password,1 Sign-in fails,Mobile Apps and Desktop clients,IN
2026-08-10T14:28,u4285@contoso.example,CRM,50126,Invalid username or password,1 Sign-in fails,Browser,US
2026-08-10T14:45,u3152@contoso.example,Office 365 Exchange Online,50105,User not assigned to app,9 Assignment and consent,Browser,SG
2026-08-10T15:11,u3388@contoso.example,Service Desk,50126,Invalid username or password,1 Sign-in fails,Browser,IN
2026-08-10T15:25,u3878@contoso.example,Microsoft Teams,50126,Invalid username or password,1 Sign-in fails,Mobile Apps and Desktop clients,GB
2026-08-10T15:29,u2953@contoso.example,Azure Portal,50105,User not assigned to app,9 Assignment and consent,Browser,IN
2026-08-10T15:37,u1616@contoso.example,Azure Portal,50053,Account locked (smart lockout),5 Lockout loop,Mobile Apps and Desktop clients,IN
2026-08-10T16:04,u1053@contoso.example,HR Portal,500121,MFA challenge failed,2 MFA problems,Browser,IN
2026-08-10T16:19,u4795@contoso.example,VPN,50105,User not assigned to app,9 Assignment and consent,Mobile Apps and Desktop clients,IN
2026-08-10T16:29,u1409@contoso.example,SharePoint Online,50011,Reply URL mismatch,7 App authentication,Mobile Apps and Desktop clients,IN
2026-08-10T16:29,u1188@contoso.example,VPN,50126,Invalid username or password,1 Sign-in fails,Mobile Apps and Desktop clients,GB
2026-08-10T16:32,u1907@contoso.example,SharePoint Online,50126,Invalid username or password,1 Sign-in fails,Mobile Apps and Desktop clients,IN
2026-08-10T16:50,u4542@contoso.example,Azure Portal,50074,"MFA required, not completed",2 MFA problems,Mobile Apps and Desktop clients,IN
2026-08-10T16:54,u4130@contoso.example,Office 365 Exchange Online,50126,Invalid username or password,1 Sign-in fails,Mobile Apps and Desktop clients,IN
2026-08-10T17:00,u4074@contoso.example,Microsoft Teams,50126,Invalid username or password,1 Sign-in fails,Mobile Apps and Desktop clients,SG
2026-08-10T17:01,u4976@contoso.example,VPN,70043,Sign-in frequency expired,6 Repeated prompts,Browser,IN
2026-08-10T17:02,u3717@contoso.example,VPN,50126,Invalid username or password,1 Sign-in fails,Browser,IN
2026-08-10T17:33,u3451@contoso.example,Microsoft Teams,50126,Invalid username or password,1 Sign-in fails,Browser,IN
2026-08-10T17:50,u1151@contoso.example,Service Desk,50074,"MFA required, not completed",2 MFA problems,Mobile Apps and Desktop clients,IN
2026-08-10T17:57,u2399@contoso.example,CRM,50053,Account locked (smart lockout),5 Lockout loop,Browser,SG
2026-08-10T18:05,u4510@contoso.example,HR Portal,50074,"MFA required, not completed",2 MFA problems,Mobile Apps and Desktop clients,US
2026-08-10T18:07,u4631@contoso.example,Service Desk,53000,Device not compliant,15 Compliance and PRT,Browser,IN
2026-08-10T18:15,u4348@contoso.example,Azure Portal,50074,"MFA required, not completed",2 MFA problems,Browser,GB
2026-08-10T18:18,u2754@contoso.example,Office 365 Exchange Online,50126,Invalid username or password,1 Sign-in fails,Mobile Apps and Desktop clients,US
2026-08-10T18:29,u1648@contoso.example,HR Portal,50126,Invalid username or password,1 Sign-in fails,Mobile Apps and Desktop clients,IN
2026-08-10T18:31,u4720@contoso.example,SharePoint Online,50126,Invalid username or password,1 Sign-in fails,Browser,IN
2026-08-10T18:36,u1842@contoso.example,Service Desk,50126,Invalid username or password,1 Sign-in fails,Mobile Apps and Desktop clients,GB
2026-08-10T18:37,u1754@contoso.example,VPN,53000,Device not compliant,15 Compliance and PRT,Browser,IN
2026-08-10T18:43,u4270@contoso.example,Payroll,50126,Invalid username or password,1 Sign-in fails,Browser,SG
2026-08-10T18:50,u1382@contoso.example,Payroll,50074,"MFA required, not completed",2 MFA problems,IMAP4,IN
2026-08-10T18:57,u4644@contoso.example,Azure Portal,50126,Invalid username or password,1 Sign-in fails,Browser,GB
2026-08-10T18:59,u3935@contoso.example,Azure Portal,50126,Invalid username or password,1 Sign-in fails,Mobile Apps and Desktop clients,US
2026-08-10T19:10,u2148@contoso.example,HR Portal,50126,Invalid username or password,1 Sign-in fails,Mobile Apps and Desktop clients,IN
2026-08-10T19:19,u2950@contoso.example,Azure Portal,90072,Guest account not in tenant,22 Guest access,Mobile Apps and Desktop clients,US
2026-08-10T19:27,u4375@contoso.example,Service Desk,50126,Invalid username or password,1 Sign-in fails,Mobile Apps and Desktop clients,IN
2026-08-10T19:49,u2267@contoso.example,Payroll,500121,MFA challenge failed,2 MFA problems,Exchange ActiveSync,US
2026-08-10T20:11,u2586@contoso.example,VPN,50126,Invalid username or password,1 Sign-in fails,Browser,IN
2026-08-10T20:15,u4550@contoso.example,VPN,53000,Device not compliant,15 Compliance and PRT,Browser,IN
2026-08-10T20:24,u1374@contoso.example,SharePoint Online,50126,Invalid username or password,1 Sign-in fails,Browser,IN
2026-08-10T20:29,u1154@contoso.example,Microsoft Teams,500121,MFA challenge failed,2 MFA problems,IMAP4,DE
2026-08-10T20:32,u3513@contoso.example,Azure Portal,70043,Sign-in frequency expired,6 Repeated prompts,Browser,US
2026-08-10T20:35,u4639@contoso.example,Office 365 Exchange Online,50053,Account locked (smart lockout),5 Lockout loop,Browser,US
2026-08-10T20:39,u3926@contoso.example,Office 365 Exchange Online,50053,Account locked (smart lockout),5 Lockout loop,Mobile Apps and Desktop clients,IN
2026-08-10T20:41,u3829@contoso.example,SharePoint Online,50126,Invalid username or password,1 Sign-in fails,Browser,IN
2026-08-10T20:42,u1512@contoso.example,Azure Portal,50126,Invalid username or password,1 Sign-in fails,Mobile Apps and Desktop clients,DE
2026-08-10T20:58,u4259@contoso.example,Microsoft Teams,50126,Invalid username or password,1 Sign-in fails,Browser,IN
2026-08-10T21:14,u1559@contoso.example,HR Portal,53003,Blocked by Conditional Access,3 Conditional Access,Browser,IN
2026-08-10T21:14,u1128@contoso.example,Office 365 Exchange Online,500121,MFA challenge failed,2 MFA problems,Browser,GB
2026-08-10T21:16,u4163@contoso.example,VPN,50126,Invalid username or password,1 Sign-in fails,Browser,DE
2026-08-10T21:18,u4722@contoso.example,CRM,53003,Blocked by Conditional Access,3 Conditional Access,Browser,GB
2026-08-10T21:24,u2869@contoso.example,Azure Portal,50074,"MFA required, not completed",2 MFA problems,IMAP4,IN
2026-08-10T21:41,u4346@contoso.example,SharePoint Online,50126,Invalid username or password,1 Sign-in fails,Mobile Apps and Desktop clients,DE
2026-08-10T21:43,u3614@contoso.example,Office 365 Exchange Online,50126,Invalid username or password,1 Sign-in fails,Browser,IN
2026-08-10T21:44,u3829@contoso.example,Payroll,70043,Sign-in frequency expired,6 Repeated prompts,Mobile Apps and Desktop clients,IN
2026-08-10T21:46,u3775@contoso.example,HR Portal,500121,MFA challenge failed,2 MFA problems,Browser,IN
2026-08-10T21:48,u2230@contoso.example,Microsoft Teams,50074,"MFA required, not completed",2 MFA problems,Browser,IN
2026-08-10T21:52,u4986@contoso.example,Microsoft Teams,70043,Sign-in frequency expired,6 Repeated prompts,Browser,IN
2026-08-10T21:54,u3712@contoso.example,HR Portal,53003,Blocked by Conditional Access,3 Conditional Access,Mobile Apps and Desktop clients,IN
2026-08-10T21:54,u1008@contoso.example,Office 365 Exchange Online,70043,Sign-in frequency expired,6 Repeated prompts,Browser,IN
2026-08-10T22:01,u2998@contoso.example,Payroll,50074,"MFA required, not completed",2 MFA problems,Mobile Apps and Desktop clients,IN
2026-08-10T22:07,u1590@contoso.example,Microsoft Teams,50011,Reply URL mismatch,7 App authentication,Browser,SG
2026-08-10T22:08,u3057@contoso.example,VPN,500121,MFA challenge failed,2 MFA problems,Mobile Apps and Desktop clients,GB
2026-08-10T22:28,u1631@contoso.example,HR Portal,50126,Invalid username or password,1 Sign-in fails,Browser,IN
2026-08-10T22:33,u4120@contoso.example,HR Portal,50105,User not assigned to app,9 Assignment and consent,Mobile Apps and Desktop clients,US
2026-08-10T22:33,u4868@contoso.example,Microsoft Teams,50074,"MFA required, not completed",2 MFA problems,Browser,IN
2026-08-10T23:00,u4118@contoso.example,CRM,50053,Account locked (smart lockout),5 Lockout loop,Browser,IN
2026-08-10T23:01,u4232@contoso.example,HR Portal,53000,Device not compliant,15 Compliance and PRT,Browser,GB
2026-08-10T23:04,u4885@contoso.example,Payroll,500121,MFA challenge failed,2 MFA problems,Mobile Apps and Desktop clients,DE
2026-08-10T23:07,u1460@contoso.example,Service Desk,50053,Account locked (smart lockout),5 Lockout loop,Browser,IN
2026-08-10T23:10,u2004@contoso.example,HR Portal,500121,MFA challenge failed,2 MFA problems,Browser,GB
2026-08-10T23:14,u3939@contoso.example,Service Desk,50074,"MFA required, not completed",2 MFA problems,Mobile Apps and Desktop clients,DE
2026-08-10T23:19,u3036@contoso.example,SharePoint Online,70043,Sign-in frequency expired,6 Repeated prompts,Browser,GB
2026-08-10T23:20,u4921@contoso.example,SharePoint Online,50074,"MFA required, not completed",2 MFA problems,Browser,IN
2026-08-10T23:23,u2020@contoso.example,Azure Portal,50158,External MFA challenge not met,2 MFA problems,Mobile Apps and Desktop clients,US
2026-08-10T23:23,u2796@contoso.example,HR Portal,70043,Sign-in frequency expired,6 Repeated prompts,Browser,DE
2026-08-10T23:34,u3879@contoso.example,Microsoft Teams,50074,"MFA required, not completed",2 MFA problems,Browser,IN
2026-08-10T23:36,u4401@contoso.example,Azure Portal,500121,MFA challenge failed,2 MFA problems,Mobile Apps and Desktop clients,GB
2026-08-11T00:02,u1341@contoso.example,SharePoint Online,50053,Account locked (smart lockout),5 Lockout loop,Browser,IN
2026-08-11T00:30,u2507@contoso.example,VPN,50074,"MFA required, not completed",2 MFA problems,Exchange ActiveSync,GB
2026-08-11T00:39,u2213@contoso.example,Service Desk,50053,Account locked (smart lockout),5 Lockout loop,Mobile Apps and Desktop clients,IN
2026-08-11T00:39,u4569@contoso.example,VPN,53000,Device not compliant,15 Compliance and PRT,Browser,IN
2026-08-11T00:43,u2334@contoso.example,VPN,500121,MFA challenge failed,2 MFA problems,Mobile Apps and Desktop clients,DE
2026-08-11T00:46,u2839@contoso.example,Service Desk,500121,MFA challenge failed,2 MFA problems,Mobile Apps and Desktop clients,IN
2026-08-11T00:56,u2926@contoso.example,HR Portal,50053,Account locked (smart lockout),5 Lockout loop,Browser,US
2026-08-11T00:58,u4053@contoso.example,SharePoint Online,53000,Device not compliant,15 Compliance and PRT,Browser,IN
2026-08-11T01:01,u4733@contoso.example,CRM,50055,Password expired,1 Sign-in fails,Browser,IN
2026-08-11T01:10,u1627@contoso.example,Office 365 Exchange Online,500121,MFA challenge failed,2 MFA problems,Mobile Apps and Desktop clients,SG
2026-08-11T01:42,u1516@contoso.example,VPN,50126,Invalid username or password,1 Sign-in fails,Mobile Apps and Desktop clients,SG
2026-08-11T01:48,u3678@contoso.example,VPN,50126,Invalid username or password,1 Sign-in fails,Mobile Apps and Desktop clients,US
2026-08-11T01:50,u2259@contoso.example,Service Desk,50053,Account locked (smart lockout),5 Lockout loop,Mobile Apps and Desktop clients,GB
2026-08-11T02:00,u2364@contoso.example,SharePoint Online,53000,Device not compliant,15 Compliance and PRT,Browser,US
2026-08-11T02:06,u1801@contoso.example,Office 365 Exchange Online,50074,"MFA required, not completed",2 MFA problems,Browser,IN
2026-08-11T02:12,u1008@contoso.example,VPN,53000,Device not compliant,15 Compliance and PRT,Browser,US
2026-08-11T02:14,u2376@contoso.example,Azure Portal,90072,Guest account not in tenant,22 Guest access,Browser,IN
2026-08-11T02:15,u3776@contoso.example,Microsoft Teams,53003,Blocked by Conditional Access,3 Conditional Access,Browser,US
2026-08-11T02:16,u4286@contoso.example,HR Portal,50126,Invalid username or password,1 Sign-in fails,Browser,IN
2026-08-11T02:23,u3678@contoso.example,CRM,500121,MFA challenge failed,2 MFA problems,Browser,DE
2026-08-11T02:29,u2089@contoso.example,Payroll,50074,"MFA required, not completed",2 MFA problems,Browser,US
2026-08-11T02:32,u4202@contoso.example,VPN,53000,Device not compliant,15 Compliance and PRT,Browser,IN
2026-08-11T02:35,u4072@contoso.example,SharePoint Online,50053,Account locked (smart lockout),5 Lockout loop,Browser,GB
2026-08-11T02:43,u2550@contoso.example,Microsoft Teams,90072,Guest account not in tenant,22 Guest access,Mobile Apps and Desktop clients,IN
2026-08-11T02:46,u2701@contoso.example,Office 365 Exchange Online,53003,Blocked by Conditional Access,3 Conditional Access,Browser,US
2026-08-11T02:47,u1535@contoso.example,HR Portal,53000,Device not compliant,15 Compliance and PRT,Mobile Apps and Desktop clients,IN
2026-08-11T02:51,u2518@contoso.example,CRM,50126,Invalid username or password,1 Sign-in fails,Mobile Apps and Desktop clients,IN
2026-08-11T02:57,u3979@contoso.example,Microsoft Teams,53000,Device not compliant,15 Compliance and PRT,Browser,IN
2026-08-11T02:58,u3490@contoso.example,Azure Portal,50126,Invalid username or password,1 Sign-in fails,Mobile Apps and Desktop clients,IN
2026-08-11T03:12,u2713@contoso.example,Payroll,50126,Invalid username or password,1 Sign-in fails,Browser,US
2026-08-11T03:14,u1377@contoso.example,Azure Portal,50053,Account locked (smart lockout),5 Lockout loop,IMAP4,IN
2026-08-11T03:30,u3370@contoso.example,CRM,500121,MFA challenge failed,2 MFA problems,Mobile Apps and Desktop clients,SG
2026-08-11T03:32,u4776@contoso.example,CRM,500121,MFA challenge failed,2 MFA problems,Browser,US
2026-08-11T03:36,u2205@contoso.example,SharePoint Online,50126,Invalid username or password,1 Sign-in fails,Mobile Apps and Desktop clients,IN
2026-08-11T03:36,u3681@contoso.example,Payroll,53003,Blocked by Conditional Access,3 Conditional Access,Mobile Apps and Desktop clients,IN
2026-08-11T03:38,u2147@contoso.example,Microsoft Teams,50053,Account locked (smart lockout),5 Lockout loop,Browser,IN
2026-08-11T03:54,u4651@contoso.example,Service Desk,50055,Password expired,1 Sign-in fails,Browser,IN
2026-08-11T03:57,u4393@contoso.example,Office 365 Exchange Online,90072,Guest account not in tenant,22 Guest access,Browser,IN
2026-08-11T04:07,u1075@contoso.example,Service Desk,53000,Device not compliant,15 Compliance and PRT,Mobile Apps and Desktop clients,IN
2026-08-11T04:21,u3763@contoso.example,SharePoint Online,500121,MFA challenge failed,2 MFA problems,Browser,IN
2026-08-11T04:26,u4074@contoso.example,CRM,53003,Blocked by Conditional Access,3 Conditional Access,Mobile Apps and Desktop clients,GB
2026-08-11T04:33,u2125@contoso.example,Payroll,70043,Sign-in frequency expired,6 Repeated prompts,Mobile Apps and Desktop clients,GB
2026-08-11T04:41,u4364@contoso.example,Service Desk,50053,Account locked (smart lockout),5 Lockout loop,Exchange ActiveSync,IN
2026-08-11T05:14,u4121@contoso.example,Office 365 Exchange Online,50126,Invalid username or password,1 Sign-in fails,Mobile Apps and Desktop clients,IN
2026-08-11T05:32,u2155@contoso.example,Office 365 Exchange Online,70043,Sign-in frequency expired,6 Repeated prompts,Mobile Apps and Desktop clients,IN
2026-08-11T05:35,u3202@contoso.example,Service Desk,50126,Invalid username or password,1 Sign-in fails,Browser,IN
2026-08-11T05:36,u4856@contoso.example,Service Desk,50074,"MFA required, not completed",2 MFA problems,Mobile Apps and Desktop clients,US
2026-08-11T06:00,u2320@contoso.example,Azure Portal,50126,Invalid username or password,1 Sign-in fails,Browser,GB
2026-08-11T06:04,u4991@contoso.example,HR Portal,70043,Sign-in frequency expired,6 Repeated prompts,Browser,US
2026-08-11T06:16,u2417@contoso.example,Payroll,50126,Invalid username or password,1 Sign-in fails,Mobile Apps and Desktop clients,GB
2026-08-11T06:17,u2716@contoso.example,Azure Portal,50053,Account locked (smart lockout),5 Lockout loop,Mobile Apps and Desktop clients,IN
2026-08-11T06:32,u1160@contoso.example,Azure Portal,53003,Blocked by Conditional Access,3 Conditional Access,Mobile Apps and Desktop clients,US
2026-08-11T06:40,u1376@contoso.example,Service Desk,53003,Blocked by Conditional Access,3 Conditional Access,Mobile Apps and Desktop clients,US
2026-08-11T06:48,u4421@contoso.example,HR Portal,50053,Account locked (smart lockout),5 Lockout loop,Browser,IN
2026-08-11T06:52,u1072@contoso.example,CRM,50074,"MFA required, not completed",2 MFA problems,Mobile Apps and Desktop clients,US
2026-08-11T07:03,u3127@contoso.example,CRM,50126,Invalid username or password,1 Sign-in fails,Browser,US
2026-08-11T07:07,u4428@contoso.example,Service Desk,500121,MFA challenge failed,2 MFA problems,Mobile Apps and Desktop clients,IN
2026-08-11T07:08,u4453@contoso.example,SharePoint Online,70043,Sign-in frequency expired,6 Repeated prompts,Mobile Apps and Desktop clients,SG
2026-08-11T07:42,u1930@contoso.example,HR Portal,70043,Sign-in frequency expired,6 Repeated prompts,Mobile Apps and Desktop clients,GB
2026-08-11T07:45,u4493@contoso.example,Office 365 Exchange Online,53003,Blocked by Conditional Access,3 Conditional Access,Mobile Apps and Desktop clients,US
2026-08-11T08:26,u1951@contoso.example,HR Portal,500121,MFA challenge failed,2 MFA problems,Mobile Apps and Desktop clients,IN
2026-08-11T08:28,u4058@contoso.example,Microsoft Teams,50053,Account locked (smart lockout),5 Lockout loop,Browser,IN
2026-08-11T08:30,u3267@contoso.example,Office 365 Exchange Online,53000,Device not compliant,15 Compliance and PRT,Mobile Apps and Desktop clients,GB
2026-08-11T08:34,u2296@contoso.example,Service Desk,53003,Blocked by Conditional Access,3 Conditional Access,Browser,US
2026-08-11T08:35,u1913@contoso.example,Office 365 Exchange Online,50053,Account locked (smart lockout),5 Lockout loop,Mobile Apps and Desktop clients,IN
2026-08-11T08:40,u2353@contoso.example,HR Portal,50074,"MFA required, not completed",2 MFA problems,Mobile Apps and Desktop clients,IN
2026-08-11T08:52,u3443@contoso.example,Service Desk,90072,Guest account not in tenant,22 Guest access,Mobile Apps and Desktop clients,DE
2026-08-11T08:55,u4166@contoso.example,Service Desk,50126,Invalid username or password,1 Sign-in fails,IMAP4,GB
2026-08-11T08:59,u1550@contoso.example,Service Desk,53003,Blocked by Conditional Access,3 Conditional Access,IMAP4,IN
2026-08-11T09:09,u3697@contoso.example,SharePoint Online,53003,Blocked by Conditional Access,3 Conditional Access,IMAP4,IN
2026-08-11T09:15,u1532@contoso.example,SharePoint Online,50126,Invalid username or password,1 Sign-in fails,Mobile Apps and Desktop clients,IN
2026-08-11T09:16,u2284@contoso.example,VPN,50126,Invalid username or password,1 Sign-in fails,Mobile Apps and Desktop clients,US
2026-08-11T09:19,u3171@contoso.example,Office 365 Exchange Online,50053,Account locked (smart lockout),5 Lockout loop,Mobile Apps and Desktop clients,DE
2026-08-11T09:34,u2694@contoso.example,VPN,500121,MFA challenge failed,2 MFA problems,Mobile Apps and Desktop clients,IN
2026-08-11T09:40,u1368@contoso.example,SharePoint Online,50055,Password expired,1 Sign-in fails,Browser,US
2026-08-11T09:44,u1554@contoso.example,SharePoint Online,50126,Invalid username or password,1 Sign-in fails,Browser,IN
2026-08-11T09:44,u3708@contoso.example,VPN,50074,"MFA required, not completed",2 MFA problems,Mobile Apps and Desktop clients,DE
2026-08-11T09:55,u4012@contoso.example,CRM,500121,MFA challenge failed,2 MFA problems,Browser,IN
2026-08-11T10:02,u4939@contoso.example,Office 365 Exchange Online,50126,Invalid username or password,1 Sign-in fails,IMAP4,US
2026-08-11T10:02,u3900@contoso.example,HR Portal,50074,"MFA required, not completed",2 MFA problems,Mobile Apps and Desktop clients,IN
2026-08-11T10:36,u2355@contoso.example,HR Portal,50074,"MFA required, not completed",2 MFA problems,Mobile Apps and Desktop clients,IN
2026-08-11T10:43,u2331@contoso.example,Payroll,50055,Password expired,1 Sign-in fails,Mobile Apps and Desktop clients,IN
2026-08-11T10:45,u3179@contoso.example,HR Portal,50126,Invalid username or password,1 Sign-in fails,Browser,IN
2026-08-11T11:05,u2970@contoso.example,Office 365 Exchange Online,50158,External MFA challenge not met,2 MFA problems,Browser,IN
2026-08-11T11:08,u4277@contoso.example,VPN,50158,External MFA challenge not met,2 MFA problems,Browser,IN
2026-08-11T11:09,u2180@contoso.example,SharePoint Online,50105,User not assigned to app,9 Assignment and consent,Browser,IN
2026-08-11T11:17,u4190@contoso.example,Microsoft Teams,70043,Sign-in frequency expired,6 Repeated prompts,Browser,IN
2026-08-11T11:20,u2575@contoso.example,Microsoft Teams,500121,MFA challenge failed,2 MFA problems,Mobile Apps and Desktop clients,IN
2026-08-11T11:39,u3782@contoso.example,Microsoft Teams,50126,Invalid username or password,1 Sign-in fails,Browser,GB
2026-08-11T11:48,u2249@contoso.example,Payroll,90072,Guest account not in tenant,22 Guest access,Browser,IN
2026-08-11T11:54,u3401@contoso.example,SharePoint Online,50126,Invalid username or password,1 Sign-in fails,Mobile Apps and Desktop clients,IN
2026-08-11T12:00,u2795@contoso.example,Payroll,50126,Invalid username or password,1 Sign-in fails,IMAP4,SG
2026-08-11T12:06,u3283@contoso.example,CRM,50126,Invalid username or password,1 Sign-in fails,Browser,IN
2026-08-11T12:11,u2867@contoso.example,VPN,90072,Guest account not in tenant,22 Guest access,Mobile Apps and Desktop clients,IN
2026-08-11T12:13,u3815@contoso.example,Office 365 Exchange Online,50074,"MFA required, not completed",2 MFA problems,Browser,US
2026-08-11T12:13,u1011@contoso.example,HR Portal,53003,Blocked by Conditional Access,3 Conditional Access,Mobile Apps and Desktop clients,US
2026-08-11T12:16,u1407@contoso.example,SharePoint Online,50126,Invalid username or password,1 Sign-in fails,Mobile Apps and Desktop clients,US
2026-08-11T12:22,u2463@contoso.example,HR Portal,50126,Invalid username or password,1 Sign-in fails,Browser,IN
2026-08-11T12:29,u2585@contoso.example,CRM,500121,MFA challenge failed,2 MFA problems,Browser,IN
2026-08-11T12:49,u3047@contoso.example,CRM,50011,Reply URL mismatch,7 App authentication,Browser,IN
2026-08-11T12:53,u4161@contoso.example,HR Portal,50053,Account locked (smart lockout),5 Lockout loop,Browser,DE
2026-08-11T12:56,u4622@contoso.example,HR Portal,65001,Consent not granted,9 Assignment and consent,Mobile Apps and Desktop clients,US
2026-08-11T12:58,u1387@contoso.example,SharePoint Online,50053,Account locked (smart lockout),5 Lockout loop,Browser,US
2026-08-11T13:02,u3519@contoso.example,SharePoint Online,500121,MFA challenge failed,2 MFA problems,Mobile Apps and Desktop clients,IN
2026-08-11T13:04,u1395@contoso.example,Microsoft Teams,53003,Blocked by Conditional Access,3 Conditional Access,Browser,US
2026-08-11T13:08,u3188@contoso.example,HR Portal,50126,Invalid username or password,1 Sign-in fails,Browser,IN
2026-08-11T13:11,u1873@contoso.example,Service Desk,50126,Invalid username or password,1 Sign-in fails,Mobile Apps and Desktop clients,IN
2026-08-11T13:12,u4570@contoso.example,Microsoft Teams,500121,MFA challenge failed,2 MFA problems,Mobile Apps and Desktop clients,US
2026-08-11T13:31,u3079@contoso.example,HR Portal,50053,Account locked (smart lockout),5 Lockout loop,Mobile Apps and Desktop clients,US
2026-08-11T13:31,u2831@contoso.example,VPN,50126,Invalid username or password,1 Sign-in fails,Browser,IN
2026-08-11T13:51,u1875@contoso.example,Microsoft Teams,50057,Account disabled,1 Sign-in fails,Browser,IN
2026-08-11T14:08,u3833@contoso.example,HR Portal,53003,Blocked by Conditional Access,3 Conditional Access,Browser,IN
2026-08-11T14:09,u1132@contoso.example,VPN,50074,"MFA required, not completed",2 MFA problems,Browser,IN
2026-08-11T14:44,u2073@contoso.example,Payroll,65001,Consent not granted,9 Assignment and consent,Mobile Apps and Desktop clients,IN
2026-08-11T14:51,u2384@contoso.example,HR Portal,53003,Blocked by Conditional Access,3 Conditional Access,Mobile Apps and Desktop clients,US
2026-08-11T15:17,u3112@contoso.example,Payroll,50126,Invalid username or password,1 Sign-in fails,Mobile Apps and Desktop clients,US
2026-08-11T15:20,u1038@contoso.example,SharePoint Online,50074,"MFA required, not completed",2 MFA problems,Browser,IN
2026-08-11T15:24,u2655@contoso.example,Payroll,70043,Sign-in frequency expired,6 Repeated prompts,Exchange ActiveSync,DE
2026-08-11T15:55,u4125@contoso.example,Payroll,50126,Invalid username or password,1 Sign-in fails,Browser,IN
2026-08-11T16:00,u2621@contoso.example,HR Portal,500121,MFA challenge failed,2 MFA problems,Browser,DE
2026-08-11T16:06,u4102@contoso.example,SharePoint Online,50126,Invalid username or password,1 Sign-in fails,Mobile Apps and Desktop clients,SG
2026-08-11T16:06,u2311@contoso.example,Azure Portal,50126,Invalid username or password,1 Sign-in fails,Mobile Apps and Desktop clients,DE
2026-08-11T16:10,u1797@contoso.example,Service Desk,50055,Password expired,1 Sign-in fails,Mobile Apps and Desktop clients,IN
2026-08-11T16:16,u3711@contoso.example,Service Desk,50126,Invalid username or password,1 Sign-in fails,Exchange ActiveSync,US
2026-08-11T16:22,u2537@contoso.example,Payroll,53000,Device not compliant,15 Compliance and PRT,Browser,US
2026-08-11T16:29,u3824@contoso.example,CRM,70043,Sign-in frequency expired,6 Repeated prompts,Mobile Apps and Desktop clients,SG
2026-08-11T16:30,u4791@contoso.example,Azure Portal,50126,Invalid username or password,1 Sign-in fails,Mobile Apps and Desktop clients,IN
2026-08-11T16:32,u4780@contoso.example,VPN,50126,Invalid username or password,1 Sign-in fails,Exchange ActiveSync,IN
2026-08-11T16:37,u3252@contoso.example,Office 365 Exchange Online,70043,Sign-in frequency expired,6 Repeated prompts,Exchange ActiveSync,US
2026-08-11T16:43,u2915@contoso.example,Payroll,50055,Password expired,1 Sign-in fails,Mobile Apps and Desktop clients,IN
2026-08-11T17:11,u1975@contoso.example,Microsoft Teams,50126,Invalid username or password,1 Sign-in fails,Browser,IN
2026-08-11T17:36,u1921@contoso.example,HR Portal,50055,Password expired,1 Sign-in fails,Browser,IN
2026-08-11T17:43,u4687@contoso.example,Azure Portal,50011,Reply URL mismatch,7 App authentication,Mobile Apps and Desktop clients,GB
2026-08-11T17:49,u1458@contoso.example,Payroll,50105,User not assigned to app,9 Assignment and consent,Exchange ActiveSync,IN
2026-08-11T17:58,u2771@contoso.example,Payroll,50057,Account disabled,1 Sign-in fails,Mobile Apps and Desktop clients,US
2026-08-11T18:04,u3265@contoso.example,Payroll,53003,Blocked by Conditional Access,3 Conditional Access,Browser,DE
2026-08-11T18:14,u1537@contoso.example,Microsoft Teams,50126,Invalid username or password,1 Sign-in fails,Mobile Apps and Desktop clients,GB
2026-08-11T18:18,u3019@contoso.example,Payroll,50074,"MFA required, not completed",2 MFA problems,Mobile Apps and Desktop clients,IN
2026-08-11T18:35,u3916@contoso.example,Payroll,500121,MFA challenge failed,2 MFA problems,Browser,DE
2026-08-11T18:48,u1859@contoso.example,VPN,53000,Device not compliant,15 Compliance and PRT,Mobile Apps and Desktop clients,US
2026-08-11T18:48,u4190@contoso.example,Microsoft Teams,50074,"MFA required, not completed",2 MFA problems,Mobile Apps and Desktop clients,IN
2026-08-11T19:14,u2026@contoso.example,SharePoint Online,50126,Invalid username or password,1 Sign-in fails,Browser,GB
2026-08-11T19:21,u2294@contoso.example,SharePoint Online,53003,Blocked by Conditional Access,3 Conditional Access,Browser,GB
2026-08-11T19:22,u1337@contoso.example,VPN,50126,Invalid username or password,1 Sign-in fails,Browser,IN
2026-08-11T19:23,u2510@contoso.example,Office 365 Exchange Online,53003,Blocked by Conditional Access,3 Conditional Access,Mobile Apps and Desktop clients,DE
2026-08-11T19:27,u1438@contoso.example,HR Portal,50126,Invalid username or password,1 Sign-in fails,Browser,IN
2026-08-11T19:29,u1201@contoso.example,CRM,50053,Account locked (smart lockout),5 Lockout loop,Exchange ActiveSync,DE
2026-08-11T19:30,u4831@contoso.example,Office 365 Exchange Online,50074,"MFA required, not completed",2 MFA problems,Mobile Apps and Desktop clients,IN
2026-08-11T19:31,u3092@contoso.example,Service Desk,50074,"MFA required, not completed",2 MFA problems,Mobile Apps and Desktop clients,IN
2026-08-11T19:35,u3797@contoso.example,CRM,500121,MFA challenge failed,2 MFA problems,Mobile Apps and Desktop clients,IN
2026-08-11T19:54,u1081@contoso.example,Service Desk,50074,"MFA required, not completed",2 MFA problems,Mobile Apps and Desktop clients,IN
2026-08-11T19:57,u2420@contoso.example,VPN,53000,Device not compliant,15 Compliance and PRT,Browser,DE
2026-08-11T20:06,u2054@contoso.example,HR Portal,50126,Invalid username or password,1 Sign-in fails,Browser,IN
2026-08-11T20:07,u4271@contoso.example,Azure Portal,500121,MFA challenge failed,2 MFA problems,Browser,IN
2026-08-11T20:11,u2195@contoso.example,Office 365 Exchange Online,50126,Invalid username or password,1 Sign-in fails,Mobile Apps and Desktop clients,DE
2026-08-11T20:37,u2126@contoso.example,CRM,50105,User not assigned to app,9 Assignment and consent,Mobile Apps and Desktop clients,GB
2026-08-11T20:39,u1237@contoso.example,HR Portal,65001,Consent not granted,9 Assignment and consent,Browser,IN
2026-08-11T20:50,u3342@contoso.example,Azure Portal,90072,Guest account not in tenant,22 Guest access,Browser,GB
2026-08-11T20:51,u1838@contoso.example,HR Portal,70043,Sign-in frequency expired,6 Repeated prompts,Browser,GB
2026-08-11T21:14,u2267@contoso.example,CRM,50126,Invalid username or password,1 Sign-in fails,Mobile Apps and Desktop clients,IN
2026-08-11T21:17,u2923@contoso.example,Service Desk,500121,MFA challenge failed,2 MFA problems,IMAP4,US
2026-08-11T21:24,u3261@contoso.example,VPN,50055,Password expired,1 Sign-in fails,Mobile Apps and Desktop clients,IN
2026-08-11T21:25,u3027@contoso.example,Azure Portal,53003,Blocked by Conditional Access,3 Conditional Access,Browser,IN
2026-08-11T21:30,u4634@contoso.example,SharePoint Online,50053,Account locked (smart lockout),5 Lockout loop,Mobile Apps and Desktop clients,SG
2026-08-11T21:42,u4854@contoso.example,VPN,50053,Account locked (smart lockout),5 Lockout loop,Mobile Apps and Desktop clients,IN
2026-08-11T21:42,u2507@contoso.example,Microsoft Teams,50053,Account locked (smart lockout),5 Lockout loop,Browser,IN
2026-08-11T21:59,u1711@contoso.example,Payroll,50126,Invalid username or password,1 Sign-in fails,Browser,IN
2026-08-11T22:12,u4327@contoso.example,SharePoint Online,50053,Account locked (smart lockout),5 Lockout loop,Browser,IN
2026-08-11T22:15,u3966@contoso.example,Service Desk,50126,Invalid username or password,1 Sign-in fails,Mobile Apps and Desktop clients,US
2026-08-11T22:26,u2716@contoso.example,SharePoint Online,50126,Invalid username or password,1 Sign-in fails,Mobile Apps and Desktop clients,DE
2026-08-11T22:40,u4719@contoso.example,Office 365 Exchange Online,53000,Device not compliant,15 Compliance and PRT,Mobile Apps and Desktop clients,US
2026-08-11T22:45,u1067@contoso.example,CRM,53000,Device not compliant,15 Compliance and PRT,Browser,IN
2026-08-11T22:52,u1844@contoso.example,Microsoft Teams,70043,Sign-in frequency expired,6 Repeated prompts,Browser,IN
2026-08-11T22:55,u3207@contoso.example,VPN,53003,Blocked by Conditional Access,3 Conditional Access,Mobile Apps and Desktop clients,SG
2026-08-11T23:06,u1317@contoso.example,Microsoft Teams,50105,User not assigned to app,9 Assignment and consent,Mobile Apps and Desktop clients,IN
2026-08-11T23:27,u4918@contoso.example,HR Portal,500121,MFA challenge failed,2 MFA problems,Browser,DE
2026-08-11T23:28,u4681@contoso.example,Service Desk,70043,Sign-in frequency expired,6 Repeated prompts,Browser,IN
2026-08-11T23:37,u3949@contoso.example,Azure Portal,50126,Invalid username or password,1 Sign-in fails,Browser,GB
2026-08-11T23:42,u1358@contoso.example,Office 365 Exchange Online,50011,Reply URL mismatch,7 App authentication,Browser,SG
2026-08-11T23:46,u3207@contoso.example,Payroll,70043,Sign-in frequency expired,6 Repeated prompts,Browser,IN
2026-08-11T23:55,u2961@contoso.example,Payroll,50126,Invalid username or password,1 Sign-in fails,Browser,US
2026-08-12T00:01,u1445@contoso.example,Microsoft Teams,50126,Invalid username or password,1 Sign-in fails,Mobile Apps and Desktop clients,IN
2026-08-12T00:12,u1888@contoso.example,HR Portal,500121,MFA challenge failed,2 MFA problems,Mobile Apps and Desktop clients,IN
2026-08-12T00:16,u2381@contoso.example,SharePoint Online,70043,Sign-in frequency expired,6 Repeated prompts,Browser,IN
2026-08-12T00:16,u1075@contoso.example,HR Portal,500121,MFA challenge failed,2 MFA problems,Browser,IN
2026-08-12T00:17,u3552@contoso.example,Payroll,50105,User not assigned to app,9 Assignment and consent,Browser,DE
2026-08-12T00:17,u1705@contoso.example,Microsoft Teams,53003,Blocked by Conditional Access,3 Conditional Access,Mobile Apps and Desktop clients,US
2026-08-12T00:21,u2882@contoso.example,SharePoint Online,50057,Account disabled,1 Sign-in fails,Mobile Apps and Desktop clients,DE
2026-08-12T00:44,u3701@contoso.example,HR Portal,50053,Account locked (smart lockout),5 Lockout loop,Mobile Apps and Desktop clients,IN
2026-08-12T00:48,u2975@contoso.example,Office 365 Exchange Online,500121,MFA challenge failed,2 MFA problems,Browser,IN
2026-08-12T01:08,u4125@contoso.example,Microsoft Teams,50105,User not assigned to app,9 Assignment and consent,Browser,IN
2026-08-12T01:26,u3909@contoso.example,VPN,50126,Invalid username or password,1 Sign-in fails,Browser,IN
2026-08-12T01:38,u3855@contoso.example,HR Portal,500121,MFA challenge failed,2 MFA problems,Browser,GB
2026-08-12T01:38,u1351@contoso.example,Service Desk,500121,MFA challenge failed,2 MFA problems,Browser,IN
2026-08-12T01:41,u2725@contoso.example,Office 365 Exchange Online,50053,Account locked (smart lockout),5 Lockout loop,Mobile Apps and Desktop clients,IN
2026-08-12T01:51,u2917@contoso.example,VPN,53003,Blocked by Conditional Access,3 Conditional Access,Mobile Apps and Desktop clients,IN
2026-08-12T02:04,u4422@contoso.example,SharePoint Online,50053,Account locked (smart lockout),5 Lockout loop,Mobile Apps and Desktop clients,US
2026-08-12T02:07,u4791@contoso.example,Office 365 Exchange Online,50126,Invalid username or password,1 Sign-in fails,Browser,GB
2026-08-12T02:09,u1176@contoso.example,SharePoint Online,50057,Account disabled,1 Sign-in fails,Mobile Apps and Desktop clients,IN
2026-08-12T02:14,u3843@contoso.example,Office 365 Exchange Online,500121,MFA challenge failed,2 MFA problems,Browser,IN
2026-08-12T02:18,u1228@contoso.example,Payroll,500121,MFA challenge failed,2 MFA problems,Mobile Apps and Desktop clients,US
2026-08-12T02:18,u1603@contoso.example,HR Portal,50126,Invalid username or password,1 Sign-in fails,Mobile Apps and Desktop clients,US
2026-08-12T02:22,u3361@contoso.example,Service Desk,50074,"MFA required, not completed",2 MFA problems,Browser,GB
2026-08-12T02:25,u3113@contoso.example,SharePoint Online,50126,Invalid username or password,1 Sign-in fails,Mobile Apps and Desktop clients,IN
2026-08-12T02:33,u3295@contoso.example,CRM,50105,User not assigned to app,9 Assignment and consent,Mobile Apps and Desktop clients,IN
2026-08-12T02:54,u3365@contoso.example,Azure Portal,500121,MFA challenge failed,2 MFA problems,Browser,US
2026-08-12T03:04,u1034@contoso.example,Azure Portal,53003,Blocked by Conditional Access,3 Conditional Access,Browser,IN
2026-08-12T03:06,u3852@contoso.example,SharePoint Online,50055,Password expired,1 Sign-in fails,Browser,GB
2026-08-12T03:10,u1952@contoso.example,Microsoft Teams,53003,Blocked by Conditional Access,3 Conditional Access,Mobile Apps and Desktop clients,US
2026-08-12T03:11,u2566@contoso.example,Office 365 Exchange Online,500121,MFA challenge failed,2 MFA problems,IMAP4,US
2026-08-12T03:19,u1116@contoso.example,Microsoft Teams,53003,Blocked by Conditional Access,3 Conditional Access,Mobile Apps and Desktop clients,IN
2026-08-12T03:28,u2330@contoso.example,Office 365 Exchange Online,50126,Invalid username or password,1 Sign-in fails,Mobile Apps and Desktop clients,IN
2026-08-12T03:46,u2672@contoso.example,HR Portal,500121,MFA challenge failed,2 MFA problems,Browser,US
2026-08-12T03:57,u4419@contoso.example,CRM,53000,Device not compliant,15 Compliance and PRT,Browser,IN
2026-08-12T04:14,u4264@contoso.example,Service Desk,50126,Invalid username or password,1 Sign-in fails,Browser,US
2026-08-12T04:17,u2604@contoso.example,CRM,500121,MFA challenge failed,2 MFA problems,Mobile Apps and Desktop clients,DE
2026-08-12T04:23,u3124@contoso.example,Payroll,70043,Sign-in frequency expired,6 Repeated prompts,Browser,US
2026-08-12T04:34,u3294@contoso.example,SharePoint Online,50053,Account locked (smart lockout),5 Lockout loop,Exchange ActiveSync,US
2026-08-12T04:35,u3244@contoso.example,SharePoint Online,50105,User not assigned to app,9 Assignment and consent,Mobile Apps and Desktop clients,IN
2026-08-12T04:43,u1071@contoso.example,Azure Portal,50053,Account locked (smart lockout),5 Lockout loop,Browser,IN
2026-08-12T05:02,u4125@contoso.example,Payroll,53003,Blocked by Conditional Access,3 Conditional Access,Mobile Apps and Desktop clients,IN
2026-08-12T05:04,u3739@contoso.example,Office 365 Exchange Online,53000,Device not compliant,15 Compliance and PRT,Browser,IN
2026-08-12T05:21,u1274@contoso.example,HR Portal,65001,Consent not granted,9 Assignment and consent,Mobile Apps and Desktop clients,IN
2026-08-12T05:34,u2555@contoso.example,Payroll,50055,Password expired,1 Sign-in fails,Mobile Apps and Desktop clients,DE
2026-08-12T05:40,u4258@contoso.example,Payroll,70043,Sign-in frequency expired,6 Repeated prompts,Mobile Apps and Desktop clients,IN
2026-08-12T05:45,u2310@contoso.example,Office 365 Exchange Online,53003,Blocked by Conditional Access,3 Conditional Access,Browser,IN
2026-08-12T05:48,u1391@contoso.example,VPN,70043,Sign-in frequency expired,6 Repeated prompts,Browser,IN
2026-08-12T06:04,u1844@contoso.example,SharePoint Online,65001,Consent not granted,9 Assignment and consent,Browser,IN
2026-08-12T06:05,u1816@contoso.example,Office 365 Exchange Online,53000,Device not compliant,15 Compliance and PRT,Mobile Apps and Desktop clients,IN
2026-08-12T06:07,u1138@contoso.example,Service Desk,53003,Blocked by Conditional Access,3 Conditional Access,Mobile Apps and Desktop clients,GB
2026-08-12T06:13,u4021@contoso.example,Service Desk,50053,Account locked (smart lockout),5 Lockout loop,Browser,IN
2026-08-12T06:36,u2457@contoso.example,Azure Portal,500121,MFA challenge failed,2 MFA problems,Mobile Apps and Desktop clients,IN
2026-08-12T06:38,u2134@contoso.example,Microsoft Teams,53000,Device not compliant,15 Compliance and PRT,Browser,US
2026-08-12T06:49,u4449@contoso.example,Payroll,50126,Invalid username or password,1 Sign-in fails,Mobile Apps and Desktop clients,IN
2026-08-12T06:51,u2819@contoso.example,Service Desk,50126,Invalid username or password,1 Sign-in fails,Mobile Apps and Desktop clients,US
2026-08-12T07:03,u2092@contoso.example,SharePoint Online,53003,Blocked by Conditional Access,3 Conditional Access,Mobile Apps and Desktop clients,IN
2026-08-12T07:08,u2120@contoso.example,Azure Portal,90072,Guest account not in tenant,22 Guest access,Exchange ActiveSync,SG
2026-08-12T07:11,u2465@contoso.example,SharePoint Online,70043,Sign-in frequency expired,6 Repeated prompts,IMAP4,DE
2026-08-12T07:13,u2514@contoso.example,CRM,500121,MFA challenge failed,2 MFA problems,Browser,IN
2026-08-12T07:13,u4282@contoso.example,Azure Portal,53000,Device not compliant,15 Compliance and PRT,Mobile Apps and Desktop clients,US
2026-08-12T07:28,u2509@contoso.example,CRM,500121,MFA challenge failed,2 MFA problems,Mobile Apps and Desktop clients,US
2026-08-12T07:28,u3742@contoso.example,Azure Portal,50074,"MFA required, not completed",2 MFA problems,Browser,IN
2026-08-12T07:36,u1798@contoso.example,Service Desk,50126,Invalid username or password,1 Sign-in fails,Browser,IN
2026-08-12T07:38,u2133@contoso.example,CRM,50053,Account locked (smart lockout),5 Lockout loop,Mobile Apps and Desktop clients,IN
2026-08-12T07:40,u1645@contoso.example,CRM,53000,Device not compliant,15 Compliance and PRT,Browser,US
2026-08-12T07:40,u4324@contoso.example,Azure Portal,50011,Reply URL mismatch,7 App authentication,Browser,SG
2026-08-12T07:40,u3155@contoso.example,HR Portal,53000,Device not compliant,15 Compliance and PRT,Mobile Apps and Desktop clients,IN
2026-08-12T07:42,u3334@contoso.example,SharePoint Online,500121,MFA challenge failed,2 MFA problems,Mobile Apps and Desktop clients,US
2026-08-12T07:44,u1542@contoso.example,Office 365 Exchange Online,50074,"MFA required, not completed",2 MFA problems,Browser,IN
2026-08-12T07:50,u3466@contoso.example,Microsoft Teams,53003,Blocked by Conditional Access,3 Conditional Access,Exchange ActiveSync,IN
2026-08-12T07:55,u2576@contoso.example,CRM,53000,Device not compliant,15 Compliance and PRT,Browser,SG
2026-08-12T07:59,u2115@contoso.example,Service Desk,70043,Sign-in frequency expired,6 Repeated prompts,Mobile Apps and Desktop clients,IN
2026-08-12T08:05,u3569@contoso.example,HR Portal,50126,Invalid username or password,1 Sign-in fails,Browser,GB
2026-08-12T08:05,u4636@contoso.example,Microsoft Teams,50126,Invalid username or password,1 Sign-in fails,Mobile Apps and Desktop clients,IN
2026-08-12T08:06,u4680@contoso.example,Office 365 Exchange Online,50105,User not assigned to app,9 Assignment and consent,Browser,US
2026-08-12T08:11,u3113@contoso.example,Office 365 Exchange Online,50126,Invalid username or password,1 Sign-in fails,Browser,GB
2026-08-12T08:24,u4998@contoso.example,Microsoft Teams,50105,User not assigned to app,9 Assignment and consent,Mobile Apps and Desktop clients,IN
2026-08-12T08:31,u3627@contoso.example,SharePoint Online,50053,Account locked (smart lockout),5 Lockout loop,Browser,IN
2026-08-12T08:33,u2031@contoso.example,VPN,50053,Account locked (smart lockout),5 Lockout loop,Browser,US
2026-08-12T08:38,u4934@contoso.example,Microsoft Teams,53003,Blocked by Conditional Access,3 Conditional Access,Browser,IN
2026-08-12T08:40,u1747@contoso.example,HR Portal,50057,Account disabled,1 Sign-in fails,Browser,GB
2026-08-12T08:44,u1240@contoso.example,Microsoft Teams,50053,Account locked (smart lockout),5 Lockout loop,Browser,IN
2026-08-12T08:54,u1842@contoso.example,Payroll,50057,Account disabled,1 Sign-in fails,Browser,IN
2026-08-12T09:04,u1213@contoso.example,CRM,50126,Invalid username or password,1 Sign-in fails,Mobile Apps and Desktop clients,US
2026-08-12T09:09,u4347@contoso.example,Azure Portal,50126,Invalid username or password,1 Sign-in fails,Mobile Apps and Desktop clients,IN
2026-08-12T09:12,u4407@contoso.example,Microsoft Teams,500121,MFA challenge failed,2 MFA problems,Browser,IN
2026-08-12T09:15,u4260@contoso.example,Office 365 Exchange Online,53000,Device not compliant,15 Compliance and PRT,Exchange ActiveSync,US
2026-08-12T09:22,u3970@contoso.example,Office 365 Exchange Online,50126,Invalid username or password,1 Sign-in fails,Mobile Apps and Desktop clients,US
2026-08-12T09:24,u4240@contoso.example,Payroll,50126,Invalid username or password,1 Sign-in fails,Mobile Apps and Desktop clients,DE
2026-08-12T09:29,u2160@contoso.example,Service Desk,50074,"MFA required, not completed",2 MFA problems,Mobile Apps and Desktop clients,IN
2026-08-12T09:37,u4204@contoso.example,Office 365 Exchange Online,50126,Invalid username or password,1 Sign-in fails,Browser,US
2026-08-12T09:38,u1713@contoso.example,HR Portal,50126,Invalid username or password,1 Sign-in fails,Browser,IN
2026-08-12T09:43,u2922@contoso.example,CRM,500121,MFA challenge failed,2 MFA problems,Mobile Apps and Desktop clients,IN
2026-08-12T09:46,u4270@contoso.example,SharePoint Online,50126,Invalid username or password,1 Sign-in fails,Browser,GB
2026-08-12T10:08,u4832@contoso.example,Office 365 Exchange Online,53003,Blocked by Conditional Access,3 Conditional Access,Browser,IN
2026-08-12T10:22,u3184@contoso.example,Payroll,50105,User not assigned to app,9 Assignment and consent,Mobile Apps and Desktop clients,SG
2026-08-12T10:25,u2460@contoso.example,Microsoft Teams,53003,Blocked by Conditional Access,3 Conditional Access,Browser,US
2026-08-12T10:48,u4282@contoso.example,SharePoint Online,53003,Blocked by Conditional Access,3 Conditional Access,Mobile Apps and Desktop clients,US
2026-08-12T10:53,u2152@contoso.example,SharePoint Online,53003,Blocked by Conditional Access,3 Conditional Access,Browser,IN
2026-08-12T11:05,u1336@contoso.example,CRM,65001,Consent not granted,9 Assignment and consent,Mobile Apps and Desktop clients,GB
2026-08-12T11:08,u1790@contoso.example,Office 365 Exchange Online,53003,Blocked by Conditional Access,3 Conditional Access,Browser,IN
2026-08-12T11:11,u4607@contoso.example,SharePoint Online,50126,Invalid username or password,1 Sign-in fails,Mobile Apps and Desktop clients,IN
2026-08-12T11:19,u1538@contoso.example,Office 365 Exchange Online,50053,Account locked (smart lockout),5 Lockout loop,Browser,IN
2026-08-12T11:22,u1012@contoso.example,Azure Portal,500121,MFA challenge failed,2 MFA problems,Browser,IN
2026-08-12T11:26,u2595@contoso.example,SharePoint Online,70043,Sign-in frequency expired,6 Repeated prompts,Mobile Apps and Desktop clients,IN
2026-08-12T11:35,u1152@contoso.example,Office 365 Exchange Online,50126,Invalid username or password,1 Sign-in fails,Mobile Apps and Desktop clients,IN
2026-08-12T11:40,u3491@contoso.example,Service Desk,50126,Invalid username or password,1 Sign-in fails,Mobile Apps and Desktop clients,US
2026-08-12T11:49,u4651@contoso.example,Payroll,50074,"MFA required, not completed",2 MFA problems,IMAP4,DE
2026-08-12T11:58,u2468@contoso.example,Payroll,50053,Account locked (smart lockout),5 Lockout loop,Browser,IN
2026-08-12T11:59,u3697@contoso.example,SharePoint Online,50053,Account locked (smart lockout),5 Lockout loop,Mobile Apps and Desktop clients,GB
2026-08-12T12:02,u1263@contoso.example,Office 365 Exchange Online,50053,Account locked (smart lockout),5 Lockout loop,Browser,IN
2026-08-12T12:16,u3831@contoso.example,SharePoint Online,50074,"MFA required, not completed",2 MFA problems,Mobile Apps and Desktop clients,GB
2026-08-12T12:34,u2482@contoso.example,Service Desk,50053,Account locked (smart lockout),5 Lockout loop,Browser,US
2026-08-12T12:41,u1149@contoso.example,HR Portal,500121,MFA challenge failed,2 MFA problems,Browser,GB
2026-08-12T13:02,u2672@contoso.example,CRM,50126,Invalid username or password,1 Sign-in fails,Browser,US
2026-08-12T13:09,u4597@contoso.example,Office 365 Exchange Online,500121,MFA challenge failed,2 MFA problems,Exchange ActiveSync,GB
2026-08-12T13:12,u2543@contoso.example,HR Portal,53003,Blocked by Conditional Access,3 Conditional Access,Browser,IN
2026-08-12T13:13,u3175@contoso.example,Payroll,50011,Reply URL mismatch,7 App authentication,Browser,IN
2026-08-12T13:31,u2474@contoso.example,CRM,53000,Device not compliant,15 Compliance and PRT,Browser,IN
2026-08-12T13:31,u4297@contoso.example,HR Portal,53003,Blocked by Conditional Access,3 Conditional Access,Mobile Apps and Desktop clients,DE
2026-08-12T13:40,u4433@contoso.example,Azure Portal,50011,Reply URL mismatch,7 App authentication,Mobile Apps and Desktop clients,IN
2026-08-12T13:45,u2951@contoso.example,Microsoft Teams,50126,Invalid username or password,1 Sign-in fails,Browser,IN
2026-08-12T13:45,u2013@contoso.example,SharePoint Online,53003,Blocked by Conditional Access,3 Conditional Access,Browser,GB
2026-08-12T13:46,u4534@contoso.example,Office 365 Exchange Online,500121,MFA challenge failed,2 MFA problems,Browser,IN
2026-08-12T14:13,u4747@contoso.example,Payroll,50053,Account locked (smart lockout),5 Lockout loop,Mobile Apps and Desktop clients,IN
2026-08-12T14:14,u2230@contoso.example,Office 365 Exchange Online,53000,Device not compliant,15 Compliance and PRT,Browser,IN
2026-08-12T14:22,u3398@contoso.example,Microsoft Teams,50126,Invalid username or password,1 Sign-in fails,Mobile Apps and Desktop clients,IN
2026-08-12T14:34,u2297@contoso.example,Microsoft Teams,53003,Blocked by Conditional Access,3 Conditional Access,Mobile Apps and Desktop clients,GB
2026-08-12T14:37,u2167@contoso.example,Azure Portal,65001,Consent not granted,9 Assignment and consent,Browser,IN
2026-08-12T14:42,u1729@contoso.example,HR Portal,50126,Invalid username or password,1 Sign-in fails,Exchange ActiveSync,GB
2026-08-12T14:56,u3493@contoso.example,Payroll,500121,MFA challenge failed,2 MFA problems,Browser,IN
2026-08-12T15:03,u2087@contoso.example,VPN,50053,Account locked (smart lockout),5 Lockout loop,Browser,US
2026-08-12T15:05,u2185@contoso.example,VPN,53000,Device not compliant,15 Compliance and PRT,Browser,IN
2026-08-12T15:14,u2237@contoso.example,Microsoft Teams,50126,Invalid username or password,1 Sign-in fails,Browser,US
2026-08-12T15:23,u1151@contoso.example,Microsoft Teams,50126,Invalid username or password,1 Sign-in fails,Mobile Apps and Desktop clients,IN
2026-08-12T15:32,u1883@contoso.example,SharePoint Online,50126,Invalid username or password,1 Sign-in fails,Mobile Apps and Desktop clients,US
2026-08-12T15:33,u1201@contoso.example,VPN,53003,Blocked by Conditional Access,3 Conditional Access,Browser,US
2026-08-12T15:52,u1299@contoso.example,Microsoft Teams,53003,Blocked by Conditional Access,3 Conditional Access,Mobile Apps and Desktop clients,IN
2026-08-12T16:00,u4509@contoso.example,Payroll,53000,Device not compliant,15 Compliance and PRT,Mobile Apps and Desktop clients,SG
2026-08-12T16:06,u3813@contoso.example,HR Portal,53003,Blocked by Conditional Access,3 Conditional Access,Browser,IN
2026-08-12T16:33,u3955@contoso.example,Microsoft Teams,65001,Consent not granted,9 Assignment and consent,Mobile Apps and Desktop clients,IN
2026-08-12T16:48,u2142@contoso.example,CRM,50126,Invalid username or password,1 Sign-in fails,Mobile Apps and Desktop clients,IN
2026-08-12T17:04,u4126@contoso.example,CRM,53003,Blocked by Conditional Access,3 Conditional Access,Exchange ActiveSync,US
2026-08-12T17:19,u4434@contoso.example,Office 365 Exchange Online,50126,Invalid username or password,1 Sign-in fails,Browser,IN
2026-08-12T17:23,u1493@contoso.example,SharePoint Online,50053,Account locked (smart lockout),5 Lockout loop,Browser,SG
2026-08-12T17:36,u4918@contoso.example,Azure Portal,50074,"MFA required, not completed",2 MFA problems,Mobile Apps and Desktop clients,IN
2026-08-12T17:39,u1530@contoso.example,SharePoint Online,50126,Invalid username or password,1 Sign-in fails,Mobile Apps and Desktop clients,IN
2026-08-12T17:43,u2538@contoso.example,Microsoft Teams,70043,Sign-in frequency expired,6 Repeated prompts,Browser,IN
2026-08-12T17:53,u3363@contoso.example,Payroll,70043,Sign-in frequency expired,6 Repeated prompts,Mobile Apps and Desktop clients,DE
2026-08-12T17:57,u4641@contoso.example,HR Portal,50074,"MFA required, not completed",2 MFA problems,Mobile Apps and Desktop clients,GB
2026-08-12T17:59,u2650@contoso.example,Payroll,50074,"MFA required, not completed",2 MFA problems,Mobile Apps and Desktop clients,IN
2026-08-12T18:01,u4547@contoso.example,Azure Portal,50126,Invalid username or password,1 Sign-in fails,Browser,IN
2026-08-12T18:01,u4178@contoso.example,HR Portal,500121,MFA challenge failed,2 MFA problems,Exchange ActiveSync,IN
2026-08-12T18:06,u3532@contoso.example,Payroll,500121,MFA challenge failed,2 MFA problems,Browser,US
2026-08-12T18:08,u4342@contoso.example,CRM,50074,"MFA required, not completed",2 MFA problems,Browser,IN
2026-08-12T18:19,u2129@contoso.example,CRM,53003,Blocked by Conditional Access,3 Conditional Access,Browser,US
2026-08-12T18:24,u2278@contoso.example,Azure Portal,50053,Account locked (smart lockout),5 Lockout loop,Mobile Apps and Desktop clients,SG
2026-08-12T18:31,u3970@contoso.example,Payroll,50126,Invalid username or password,1 Sign-in fails,Mobile Apps and Desktop clients,IN
2026-08-12T18:31,u3247@contoso.example,CRM,500121,MFA challenge failed,2 MFA problems,Mobile Apps and Desktop clients,SG
2026-08-12T18:52,u2159@contoso.example,Microsoft Teams,53000,Device not compliant,15 Compliance and PRT,Exchange ActiveSync,IN
2026-08-12T18:55,u2045@contoso.example,Office 365 Exchange Online,50053,Account locked (smart lockout),5 Lockout loop,Browser,US
2026-08-12T18:57,u4994@contoso.example,Service Desk,50126,Invalid username or password,1 Sign-in fails,Browser,GB
2026-08-12T18:58,u1163@contoso.example,SharePoint Online,50057,Account disabled,1 Sign-in fails,Mobile Apps and Desktop clients,DE
2026-08-12T18:59,u1473@contoso.example,Service Desk,50126,Invalid username or password,1 Sign-in fails,Browser,IN
2026-08-12T19:01,u2021@contoso.example,VPN,50105,User not assigned to app,9 Assignment and consent,Mobile Apps and Desktop clients,DE
2026-08-12T19:02,u2350@contoso.example,Payroll,50055,Password expired,1 Sign-in fails,Browser,US
2026-08-12T19:14,u4570@contoso.example,Microsoft Teams,90072,Guest account not in tenant,22 Guest access,Browser,IN
2026-08-12T19:17,u3857@contoso.example,CRM,90072,Guest account not in tenant,22 Guest access,Browser,IN
2026-08-12T19:17,u4856@contoso.example,Microsoft Teams,50105,User not assigned to app,9 Assignment and consent,Mobile Apps and Desktop clients,GB
2026-08-12T19:18,u3849@contoso.example,VPN,50053,Account locked (smart lockout),5 Lockout loop,Browser,IN
2026-08-12T19:28,u3842@contoso.example,Payroll,53000,Device not compliant,15 Compliance and PRT,Browser,IN
2026-08-12T19:29,u4828@contoso.example,VPN,50053,Account locked (smart lockout),5 Lockout loop,Browser,IN
2026-08-12T19:31,u4148@contoso.example,SharePoint Online,500121,MFA challenge failed,2 MFA problems,Browser,GB
2026-08-12T19:35,u2802@contoso.example,VPN,53003,Blocked by Conditional Access,3 Conditional Access,Browser,IN
2026-08-12T19:38,u4618@contoso.example,Office 365 Exchange Online,70043,Sign-in frequency expired,6 Repeated prompts,Browser,DE
2026-08-12T19:39,u1766@contoso.example,Payroll,50055,Password expired,1 Sign-in fails,Browser,IN
2026-08-12T19:43,u2093@contoso.example,CRM,53000,Device not compliant,15 Compliance and PRT,Browser,IN
2026-08-12T19:50,u2960@contoso.example,SharePoint Online,50055,Password expired,1 Sign-in fails,Browser,GB
2026-08-12T20:14,u1669@contoso.example,CRM,50126,Invalid username or password,1 Sign-in fails,Browser,SG
2026-08-12T20:28,u2695@contoso.example,Microsoft Teams,50053,Account locked (smart lockout),5 Lockout loop,Mobile Apps and Desktop clients,GB
2026-08-12T20:30,u3700@contoso.example,Office 365 Exchange Online,50055,Password expired,1 Sign-in fails,Browser,DE
2026-08-12T20:39,u3226@contoso.example,Payroll,50126,Invalid username or password,1 Sign-in fails,Browser,GB
2026-08-12T20:46,u3280@contoso.example,Payroll,53000,Device not compliant,15 Compliance and PRT,Mobile Apps and Desktop clients,US
2026-08-12T20:48,u1931@contoso.example,HR Portal,50126,Invalid username or password,1 Sign-in fails,Browser,US
2026-08-12T20:52,u2462@contoso.example,SharePoint Online,50126,Invalid username or password,1 Sign-in fails,Browser,GB
2026-08-12T21:00,u2909@contoso.example,SharePoint Online,53003,Blocked by Conditional Access,3 Conditional Access,Browser,US
2026-08-12T21:06,u3288@contoso.example,Azure Portal,50074,"MFA required, not completed",2 MFA problems,Browser,DE
2026-08-12T21:13,u1034@contoso.example,Service Desk,53003,Blocked by Conditional Access,3 Conditional Access,Browser,IN
2026-08-12T21:13,u4637@contoso.example,SharePoint Online,50053,Account locked (smart lockout),5 Lockout loop,IMAP4,IN
2026-08-12T21:14,u2360@contoso.example,Payroll,50126,Invalid username or password,1 Sign-in fails,Browser,IN
2026-08-12T21:21,u4769@contoso.example,Service Desk,50126,Invalid username or password,1 Sign-in fails,Mobile Apps and Desktop clients,IN
2026-08-12T21:24,u4501@contoso.example,Payroll,50074,"MFA required, not completed",2 MFA problems,Browser,IN
2026-08-12T21:48,u3221@contoso.example,VPN,500121,MFA challenge failed,2 MFA problems,Mobile Apps and Desktop clients,IN
2026-08-12T22:03,u2751@contoso.example,Office 365 Exchange Online,50053,Account locked (smart lockout),5 Lockout loop,Mobile Apps and Desktop clients,IN
2026-08-12T22:03,u2104@contoso.example,SharePoint Online,50074,"MFA required, not completed",2 MFA problems,Mobile Apps and Desktop clients,IN
2026-08-12T22:04,u4413@contoso.example,Microsoft Teams,53003,Blocked by Conditional Access,3 Conditional Access,Mobile Apps and Desktop clients,IN
2026-08-12T22:07,u1661@contoso.example,CRM,50126,Invalid username or password,1 Sign-in fails,Mobile Apps and Desktop clients,IN
2026-08-12T22:15,u2897@contoso.example,HR Portal,50074,"MFA required, not completed",2 MFA problems,Browser,US
2026-08-12T22:19,u3278@contoso.example,Payroll,500121,MFA challenge failed,2 MFA problems,Browser,IN
2026-08-12T22:33,u3747@contoso.example,CRM,500121,MFA challenge failed,2 MFA problems,Mobile Apps and Desktop clients,US
2026-08-12T22:41,u2664@contoso.example,Office 365 Exchange Online,50126,Invalid username or password,1 Sign-in fails,Mobile Apps and Desktop clients,IN
2026-08-12T22:45,u4318@contoso.example,HR Portal,50053,Account locked (smart lockout),5 Lockout loop,Mobile Apps and Desktop clients,IN
2026-08-12T22:51,u1594@contoso.example,Payroll,50055,Password expired,1 Sign-in fails,Mobile Apps and Desktop clients,IN
2026-08-12T22:59,u4059@contoso.example,Azure Portal,50074,"MFA required, not completed",2 MFA problems,Mobile Apps and Desktop clients,IN
2026-08-12T23:14,u2610@contoso.example,Service Desk,50055,Password expired,1 Sign-in fails,Browser,GB
2026-08-12T23:21,u1908@contoso.example,VPN,50126,Invalid username or password,1 Sign-in fails,Browser,IN
2026-08-12T23:32,u3117@contoso.example,Payroll,50126,Invalid username or password,1 Sign-in fails,IMAP4,US
2026-08-12T23:33,u1589@contoso.example,Payroll,90072,Guest account not in tenant,22 Guest access,Mobile Apps and Desktop clients,IN
2026-08-12T23:38,u2016@contoso.example,Service Desk,500121,MFA challenge failed,2 MFA problems,Browser,US
2026-08-12T23:38,u3218@contoso.example,VPN,500121,MFA challenge failed,2 MFA problems,Browser,GB
2026-08-12T23:40,u4135@contoso.example,Payroll,50126,Invalid username or password,1 Sign-in fails,Mobile Apps and Desktop clients,IN
2026-08-12T23:41,u4980@contoso.example,Payroll,70043,Sign-in frequency expired,6 Repeated prompts,Mobile Apps and Desktop clients,IN
2026-08-12T23:52,u2766@contoso.example,VPN,90072,Guest account not in tenant,22 Guest access,Browser,DE
2026-08-12T23:56,u2148@contoso.example,VPN,50074,"MFA required, not completed",2 MFA problems,Browser,IN
2026-08-13T00:02,u3390@contoso.example,Payroll,50126,Invalid username or password,1 Sign-in fails,Browser,IN
2026-08-13T00:05,u3117@contoso.example,VPN,50074,"MFA required, not completed",2 MFA problems,Browser,IN
2026-08-13T00:11,u3569@contoso.example,Payroll,50074,"MFA required, not completed",2 MFA problems,Browser,IN
2026-08-13T00:20,u3070@contoso.example,CRM,53003,Blocked by Conditional Access,3 Conditional Access,Browser,DE
2026-08-13T00:29,u2901@contoso.example,Office 365 Exchange Online,90072,Guest account not in tenant,22 Guest access,Browser,IN
2026-08-13T00:34,u1610@contoso.example,Payroll,500121,MFA challenge failed,2 MFA problems,Browser,US
2026-08-13T00:34,u3376@contoso.example,Azure Portal,50126,Invalid username or password,1 Sign-in fails,Mobile Apps and Desktop clients,US
2026-08-13T00:37,u1532@contoso.example,SharePoint Online,50053,Account locked (smart lockout),5 Lockout loop,Mobile Apps and Desktop clients,IN
2026-08-13T00:40,u4691@contoso.example,SharePoint Online,50126,Invalid username or password,1 Sign-in fails,Mobile Apps and Desktop clients,IN
2026-08-13T00:43,u3953@contoso.example,VPN,50105,User not assigned to app,9 Assignment and consent,Browser,IN
2026-08-13T00:45,u3498@contoso.example,CRM,53003,Blocked by Conditional Access,3 Conditional Access,Browser,IN
2026-08-13T00:51,u1456@contoso.example,VPN,50074,"MFA required, not completed",2 MFA problems,Mobile Apps and Desktop clients,GB
2026-08-13T00:52,u3979@contoso.example,VPN,50126,Invalid username or password,1 Sign-in fails,Mobile Apps and Desktop clients,IN
2026-08-13T00:55,u4471@contoso.example,SharePoint Online,50053,Account locked (smart lockout),5 Lockout loop,Browser,IN
2026-08-13T00:57,u4056@contoso.example,Azure Portal,500121,MFA challenge failed,2 MFA problems,Browser,IN
2026-08-13T01:07,u1634@contoso.example,VPN,70043,Sign-in frequency expired,6 Repeated prompts,Mobile Apps and Desktop clients,DE
2026-08-13T01:15,u4832@contoso.example,Azure Portal,500121,MFA challenge failed,2 MFA problems,Browser,IN
2026-08-13T01:24,u4209@contoso.example,CRM,50105,User not assigned to app,9 Assignment and consent,Exchange ActiveSync,GB
2026-08-13T01:30,u3161@contoso.example,Azure Portal,500121,MFA challenge failed,2 MFA problems,Exchange ActiveSync,DE
2026-08-13T01:32,u4983@contoso.example,CRM,50074,"MFA required, not completed",2 MFA problems,Mobile Apps and Desktop clients,IN
2026-08-13T01:39,u1169@contoso.example,Office 365 Exchange Online,50074,"MFA required, not completed",2 MFA problems,Exchange ActiveSync,GB
2026-08-13T01:44,u2802@contoso.example,SharePoint Online,53003,Blocked by Conditional Access,3 Conditional Access,Mobile Apps and Desktop clients,IN
2026-08-13T01:46,u1362@contoso.example,Office 365 Exchange Online,500121,MFA challenge failed,2 MFA problems,Exchange ActiveSync,GB
2026-08-13T01:53,u1846@contoso.example,HR Portal,53003,Blocked by Conditional Access,3 Conditional Access,Browser,IN
2026-08-13T01:53,u4320@contoso.example,Microsoft Teams,50055,Password expired,1 Sign-in fails,Mobile Apps and Desktop clients,GB
2026-08-13T01:57,u1156@contoso.example,Microsoft Teams,50126,Invalid username or password,1 Sign-in fails,Mobile Apps and Desktop clients,IN
2026-08-13T02:33,u1274@contoso.example,CRM,70043,Sign-in frequency expired,6 Repeated prompts,Browser,IN
2026-08-13T02:45,u2179@contoso.example,CRM,50011,Reply URL mismatch,7 App authentication,Browser,IN
2026-08-13T02:47,u1258@contoso.example,Office 365 Exchange Online,500121,MFA challenge failed,2 MFA problems,IMAP4,IN
2026-08-13T03:20,u4112@contoso.example,SharePoint Online,50074,"MFA required, not completed",2 MFA problems,Browser,IN
2026-08-13T03:20,u4800@contoso.example,Payroll,50074,"MFA required, not completed",2 MFA problems,Browser,IN
2026-08-13T03:36,u4072@contoso.example,SharePoint Online,50126,Invalid username or password,1 Sign-in fails,IMAP4,US
2026-08-13T03:36,u4883@contoso.example,Service Desk,50074,"MFA required, not completed",2 MFA problems,IMAP4,DE
2026-08-13T04:01,u3062@contoso.example,Azure Portal,50053,Account locked (smart lockout),5 Lockout loop,Browser,IN
2026-08-13T04:02,u1216@contoso.example,VPN,50074,"MFA required, not completed",2 MFA problems,Mobile Apps and Desktop clients,IN
2026-08-13T04:25,u1111@contoso.example,HR Portal,500121,MFA challenge failed,2 MFA problems,Browser,SG
2026-08-13T04:29,u1630@contoso.example,HR Portal,50105,User not assigned to app,9 Assignment and consent,Mobile Apps and Desktop clients,IN
2026-08-13T04:38,u1714@contoso.example,Microsoft Teams,53000,Device not compliant,15 Compliance and PRT,Browser,IN
2026-08-13T05:00,u3956@contoso.example,VPN,53003,Blocked by Conditional Access,3 Conditional Access,Exchange ActiveSync,IN
2026-08-13T05:01,u3028@contoso.example,HR Portal,70043,Sign-in frequency expired,6 Repeated prompts,Browser,IN
2026-08-13T05:07,u4863@contoso.example,Office 365 Exchange Online,500121,MFA challenge failed,2 MFA problems,Mobile Apps and Desktop clients,US
2026-08-13T05:11,u4780@contoso.example,Office 365 Exchange Online,53003,Blocked by Conditional Access,3 Conditional Access,Mobile Apps and Desktop clients,US
2026-08-13T05:33,u4002@contoso.example,Microsoft Teams,53000,Device not compliant,15 Compliance and PRT,Mobile Apps and Desktop clients,IN
2026-08-13T05:45,u1371@contoso.example,Payroll,500121,MFA challenge failed,2 MFA problems,Mobile Apps and Desktop clients,IN
2026-08-13T05:50,u4326@contoso.example,VPN,53000,Device not compliant,15 Compliance and PRT,Browser,IN
2026-08-13T05:51,u3655@contoso.example,CRM,50074,"MFA required, not completed",2 MFA problems,Mobile Apps and Desktop clients,US
2026-08-13T05:52,u4347@contoso.example,SharePoint Online,53000,Device not compliant,15 Compliance and PRT,Mobile Apps and Desktop clients,GB
2026-08-13T05:53,u2662@contoso.example,Azure Portal,50126,Invalid username or password,1 Sign-in fails,Browser,IN
2026-08-13T05:54,u1748@contoso.example,HR Portal,70043,Sign-in frequency expired,6 Repeated prompts,Browser,IN
2026-08-13T06:08,u4549@contoso.example,SharePoint Online,53003,Blocked by Conditional Access,3 Conditional Access,Browser,US
2026-08-13T06:10,u1894@contoso.example,VPN,50126,Invalid username or password,1 Sign-in fails,Mobile Apps and Desktop clients,IN
2026-08-13T06:16,u3985@contoso.example,Azure Portal,50105,User not assigned to app,9 Assignment and consent,Mobile Apps and Desktop clients,IN
2026-08-13T06:16,u3095@contoso.example,HR Portal,50126,Invalid username or password,1 Sign-in fails,IMAP4,IN
2026-08-13T06:29,u2552@contoso.example,VPN,53003,Blocked by Conditional Access,3 Conditional Access,Mobile Apps and Desktop clients,IN
2026-08-13T06:36,u4315@contoso.example,CRM,53000,Device not compliant,15 Compliance and PRT,Browser,IN
2026-08-13T06:53,u3550@contoso.example,SharePoint Online,53003,Blocked by Conditional Access,3 Conditional Access,Browser,DE
2026-08-13T06:58,u4953@contoso.example,SharePoint Online,53000,Device not compliant,15 Compliance and PRT,Browser,IN
2026-08-13T07:00,u3522@contoso.example,Payroll,65001,Consent not granted,9 Assignment and consent,Mobile Apps and Desktop clients,IN
2026-08-13T07:09,u1370@contoso.example,SharePoint Online,50126,Invalid username or password,1 Sign-in fails,Mobile Apps and Desktop clients,IN
2026-08-13T07:18,u3654@contoso.example,CRM,50126,Invalid username or password,1 Sign-in fails,Browser,IN
2026-08-13T07:19,u1385@contoso.example,Payroll,53003,Blocked by Conditional Access,3 Conditional Access,Mobile Apps and Desktop clients,GB
2026-08-13T07:21,u4241@contoso.example,SharePoint Online,50105,User not assigned to app,9 Assignment and consent,Mobile Apps and Desktop clients,IN
2026-08-13T07:43,u3017@contoso.example,SharePoint Online,50057,Account disabled,1 Sign-in fails,Browser,IN
2026-08-13T07:53,u2381@contoso.example,HR Portal,500121,MFA challenge failed,2 MFA problems,Browser,IN
2026-08-13T07:54,u1859@contoso.example,SharePoint Online,50053,Account locked (smart lockout),5 Lockout loop,Browser,US
2026-08-13T08:16,u4582@contoso.example,Service Desk,50074,"MFA required, not completed",2 MFA problems,Mobile Apps and Desktop clients,IN
2026-08-13T08:20,u3715@contoso.example,VPN,50126,Invalid username or password,1 Sign-in fails,Mobile Apps and Desktop clients,IN
2026-08-13T08:29,u1870@contoso.example,Service Desk,50126,Invalid username or password,1 Sign-in fails,Browser,IN
2026-08-13T08:40,u1562@contoso.example,Microsoft Teams,50074,"MFA required, not completed",2 MFA problems,Mobile Apps and Desktop clients,US
2026-08-13T08:47,u2375@contoso.example,VPN,50053,Account locked (smart lockout),5 Lockout loop,Mobile Apps and Desktop clients,IN
2026-08-13T08:47,u1840@contoso.example,CRM,50126,Invalid username or password,1 Sign-in fails,Browser,DE
2026-08-13T09:02,u1956@contoso.example,Microsoft Teams,50053,Account locked (smart lockout),5 Lockout loop,Exchange ActiveSync,IN
2026-08-13T09:04,u3145@contoso.example,Microsoft Teams,50105,User not assigned to app,9 Assignment and consent,Browser,SG
2026-08-13T09:04,u4442@contoso.example,Payroll,50105,User not assigned to app,9 Assignment and consent,Mobile Apps and Desktop clients,IN
2026-08-13T09:12,u4889@contoso.example,Office 365 Exchange Online,53003,Blocked by Conditional Access,3 Conditional Access,Browser,DE
2026-08-13T09:13,u1408@contoso.example,HR Portal,50074,"MFA required, not completed",2 MFA problems,Browser,IN
2026-08-13T09:18,u2521@contoso.example,Azure Portal,50126,Invalid username or password,1 Sign-in fails,Browser,US
2026-08-13T09:44,u2514@contoso.example,Microsoft Teams,50126,Invalid username or password,1 Sign-in fails,Browser,IN
2026-08-13T10:04,u2836@contoso.example,Service Desk,500121,MFA challenge failed,2 MFA problems,Browser,US
2026-08-13T10:07,u2785@contoso.example,CRM,500121,MFA challenge failed,2 MFA problems,Browser,IN
2026-08-13T10:12,u2566@contoso.example,Office 365 Exchange Online,500121,MFA challenge failed,2 MFA problems,Browser,IN
2026-08-13T10:20,u2106@contoso.example,Office 365 Exchange Online,53003,Blocked by Conditional Access,3 Conditional Access,Mobile Apps and Desktop clients,IN
2026-08-13T10:27,u1599@contoso.example,HR Portal,50053,Account locked (smart lockout),5 Lockout loop,Browser,IN
2026-08-13T10:41,u2178@contoso.example,Microsoft Teams,53000,Device not compliant,15 Compliance and PRT,Mobile Apps and Desktop clients,IN
2026-08-13T10:42,u3118@contoso.example,Azure Portal,50057,Account disabled,1 Sign-in fails,Mobile Apps and Desktop clients,DE
2026-08-13T10:43,u4419@contoso.example,Service Desk,53003,Blocked by Conditional Access,3 Conditional Access,Mobile Apps and Desktop clients,US
2026-08-13T10:52,u3185@contoso.example,Microsoft Teams,50126,Invalid username or password,1 Sign-in fails,Browser,GB
2026-08-13T11:14,u1033@contoso.example,Service Desk,50053,Account locked (smart lockout),5 Lockout loop,Browser,IN
2026-08-13T11:14,u1558@contoso.example,Payroll,50074,"MFA required, not completed",2 MFA problems,Mobile Apps and Desktop clients,IN
2026-08-13T11:15,u2508@contoso.example,CRM,53003,Blocked by Conditional Access,3 Conditional Access,Mobile Apps and Desktop clients,US
2026-08-13T11:28,u3561@contoso.example,Office 365 Exchange Online,53003,Blocked by Conditional Access,3 Conditional Access,IMAP4,GB
2026-08-13T11:30,u1079@contoso.example,HR Portal,90072,Guest account not in tenant,22 Guest access,Browser,US
2026-08-13T11:37,u1186@contoso.example,Office 365 Exchange Online,500121,MFA challenge failed,2 MFA problems,Mobile Apps and Desktop clients,US
2026-08-13T11:44,u2348@contoso.example,Payroll,50126,Invalid username or password,1 Sign-in fails,Browser,IN
2026-08-13T11:46,u1455@contoso.example,HR Portal,53003,Blocked by Conditional Access,3 Conditional Access,Browser,GB
2026-08-13T11:47,u1780@contoso.example,SharePoint Online,50126,Invalid username or password,1 Sign-in fails,IMAP4,GB
2026-08-13T12:04,u3010@contoso.example,SharePoint Online,70043,Sign-in frequency expired,6 Repeated prompts,IMAP4,DE
2026-08-13T12:08,u3733@contoso.example,Office 365 Exchange Online,50126,Invalid username or password,1 Sign-in fails,Mobile Apps and Desktop clients,GB
2026-08-13T12:11,u1357@contoso.example,VPN,50105,User not assigned to app,9 Assignment and consent,Browser,DE
2026-08-13T12:26,u2816@contoso.example,HR Portal,53003,Blocked by Conditional Access,3 Conditional Access,Mobile Apps and Desktop clients,IN
2026-08-13T12:29,u4893@contoso.example,Office 365 Exchange Online,50053,Account locked (smart lockout),5 Lockout loop,Browser,IN
2026-08-13T12:32,u1249@contoso.example,Payroll,50057,Account disabled,1 Sign-in fails,Exchange ActiveSync,DE
2026-08-13T12:36,u3222@contoso.example,Payroll,53003,Blocked by Conditional Access,3 Conditional Access,Browser,IN
2026-08-13T12:50,u2358@contoso.example,SharePoint Online,50126,Invalid username or password,1 Sign-in fails,Browser,GB
2026-08-13T12:51,u1826@contoso.example,Office 365 Exchange Online,53003,Blocked by Conditional Access,3 Conditional Access,IMAP4,IN
2026-08-13T12:58,u3015@contoso.example,Service Desk,65001,Consent not granted,9 Assignment and consent,Browser,IN
2026-08-13T13:01,u3539@contoso.example,Payroll,50057,Account disabled,1 Sign-in fails,Browser,GB
2026-08-13T13:02,u4438@contoso.example,CRM,500121,MFA challenge failed,2 MFA problems,Exchange ActiveSync,IN
2026-08-13T13:16,u4901@contoso.example,Azure Portal,500121,MFA challenge failed,2 MFA problems,Mobile Apps and Desktop clients,US
2026-08-13T13:19,u4705@contoso.example,Service Desk,50053,Account locked (smart lockout),5 Lockout loop,Mobile Apps and Desktop clients,IN
2026-08-13T13:25,u4764@contoso.example,Payroll,50105,User not assigned to app,9 Assignment and consent,Mobile Apps and Desktop clients,US
2026-08-13T13:33,u3333@contoso.example,Service Desk,65001,Consent not granted,9 Assignment and consent,Exchange ActiveSync,US
2026-08-13T13:34,u3394@contoso.example,Microsoft Teams,50126,Invalid username or password,1 Sign-in fails,Browser,IN
2026-08-13T13:42,u1575@contoso.example,Azure Portal,65001,Consent not granted,9 Assignment and consent,Browser,US
2026-08-13T13:50,u3106@contoso.example,Office 365 Exchange Online,50055,Password expired,1 Sign-in fails,Browser,GB
2026-08-13T13:57,u1434@contoso.example,Azure Portal,50105,User not assigned to app,9 Assignment and consent,Browser,US
2026-08-13T13:59,u3623@contoso.example,VPN,50126,Invalid username or password,1 Sign-in fails,Mobile Apps and Desktop clients,IN
2026-08-13T14:01,u1926@contoso.example,HR Portal,50053,Account locked (smart lockout),5 Lockout loop,Browser,IN
2026-08-13T14:12,u2645@contoso.example,Azure Portal,500121,MFA challenge failed,2 MFA problems,Browser,US
2026-08-13T14:44,u2164@contoso.example,Azure Portal,50074,"MFA required, not completed",2 MFA problems,Browser,IN
2026-08-13T14:45,u3677@contoso.example,Payroll,50126,Invalid username or password,1 Sign-in fails,Browser,US
2026-08-13T14:48,u3403@contoso.example,Azure Portal,500121,MFA challenge failed,2 MFA problems,Mobile Apps and Desktop clients,SG
2026-08-13T14:49,u4959@contoso.example,CRM,50074,"MFA required, not completed",2 MFA problems,Browser,IN
2026-08-13T14:58,u4886@contoso.example,VPN,50126,Invalid username or password,1 Sign-in fails,Browser,GB
2026-08-13T15:02,u4604@contoso.example,Azure Portal,90072,Guest account not in tenant,22 Guest access,Mobile Apps and Desktop clients,IN
2026-08-13T15:24,u3697@contoso.example,Payroll,50126,Invalid username or password,1 Sign-in fails,Browser,GB
2026-08-13T15:29,u2032@contoso.example,SharePoint Online,500121,MFA challenge failed,2 MFA problems,Mobile Apps and Desktop clients,IN
2026-08-13T15:34,u1801@contoso.example,Office 365 Exchange Online,500121,MFA challenge failed,2 MFA problems,Browser,GB
2026-08-13T15:42,u3933@contoso.example,Microsoft Teams,50126,Invalid username or password,1 Sign-in fails,Mobile Apps and Desktop clients,US
2026-08-13T15:53,u4844@contoso.example,Payroll,500121,MFA challenge failed,2 MFA problems,Browser,IN
2026-08-13T15:54,u2327@contoso.example,Office 365 Exchange Online,50158,External MFA challenge not met,2 MFA problems,Mobile Apps and Desktop clients,GB
2026-08-13T16:04,u3783@contoso.example,Office 365 Exchange Online,53000,Device not compliant,15 Compliance and PRT,IMAP4,DE
2026-08-13T16:08,u3662@contoso.example,VPN,53003,Blocked by Conditional Access,3 Conditional Access,Browser,DE
2026-08-13T16:12,u4567@contoso.example,SharePoint Online,70043,Sign-in frequency expired,6 Repeated prompts,Browser,IN
2026-08-13T16:12,u2213@contoso.example,CRM,50055,Password expired,1 Sign-in fails,Mobile Apps and Desktop clients,SG
2026-08-13T16:14,u2894@contoso.example,HR Portal,50057,Account disabled,1 Sign-in fails,Mobile Apps and Desktop clients,IN
2026-08-13T16:18,u3213@contoso.example,Service Desk,90072,Guest account not in tenant,22 Guest access,Mobile Apps and Desktop clients,IN
2026-08-13T16:28,u3682@contoso.example,HR Portal,50053,Account locked (smart lockout),5 Lockout loop,Mobile Apps and Desktop clients,DE
2026-08-13T16:38,u2787@contoso.example,Payroll,500121,MFA challenge failed,2 MFA problems,Mobile Apps and Desktop clients,IN
2026-08-13T16:41,u4864@contoso.example,VPN,50105,User not assigned to app,9 Assignment and consent,Exchange ActiveSync,US
2026-08-13T16:56,u2293@contoso.example,Service Desk,53000,Device not compliant,15 Compliance and PRT,Mobile Apps and Desktop clients,DE
2026-08-13T17:08,u4027@contoso.example,SharePoint Online,65001,Consent not granted,9 Assignment and consent,Browser,DE
2026-08-13T17:13,u3361@contoso.example,VPN,53000,Device not compliant,15 Compliance and PRT,Browser,IN
2026-08-13T17:27,u2543@contoso.example,HR Portal,50126,Invalid username or password,1 Sign-in fails,Mobile Apps and Desktop clients,GB
2026-08-13T17:27,u2294@contoso.example,VPN,50126,Invalid username or password,1 Sign-in fails,Browser,GB
2026-08-13T17:29,u1723@contoso.example,Service Desk,50053,Account locked (smart lockout),5 Lockout loop,IMAP4,IN
2026-08-13T17:32,u1744@contoso.example,CRM,500121,MFA challenge failed,2 MFA problems,Mobile Apps and Desktop clients,IN
2026-08-13T17:33,u1134@contoso.example,VPN,50011,Reply URL mismatch,7 App authentication,Browser,IN
2026-08-13T17:46,u1678@contoso.example,CRM,50074,"MFA required, not completed",2 MFA problems,Browser,IN
2026-08-13T17:49,u1730@contoso.example,Service Desk,53003,Blocked by Conditional Access,3 Conditional Access,Mobile Apps and Desktop clients,IN
2026-08-13T17:49,u1020@contoso.example,Office 365 Exchange Online,50053,Account locked (smart lockout),5 Lockout loop,Browser,IN
2026-08-13T18:02,u2731@contoso.example,CRM,50158,External MFA challenge not met,2 MFA problems,Browser,IN
2026-08-13T18:11,u2729@contoso.example,Azure Portal,50074,"MFA required, not completed",2 MFA problems,Browser,IN
2026-08-13T18:13,u1518@contoso.example,Microsoft Teams,500121,MFA challenge failed,2 MFA problems,Browser,IN
2026-08-13T18:28,u2562@contoso.example,Office 365 Exchange Online,50074,"MFA required, not completed",2 MFA problems,Browser,GB
2026-08-13T18:30,u4517@contoso.example,SharePoint Online,50126,Invalid username or password,1 Sign-in fails,Mobile Apps and Desktop clients,IN
2026-08-13T18:33,u2392@contoso.example,Azure Portal,50158,External MFA challenge not met,2 MFA problems,IMAP4,SG
2026-08-13T18:37,u3353@contoso.example,VPN,90072,Guest account not in tenant,22 Guest access,Mobile Apps and Desktop clients,IN
2026-08-13T18:40,u4110@contoso.example,Payroll,50126,Invalid username or password,1 Sign-in fails,Mobile Apps and Desktop clients,IN
2026-08-13T18:51,u1239@contoso.example,CRM,50126,Invalid username or password,1 Sign-in fails,Mobile Apps and Desktop clients,GB
2026-08-13T19:01,u4939@contoso.example,Azure Portal,50126,Invalid username or password,1 Sign-in fails,Browser,GB
2026-08-13T19:04,u3653@contoso.example,Azure Portal,50055,Password expired,1 Sign-in fails,Browser,SG
2026-08-13T19:29,u2218@contoso.example,HR Portal,50126,Invalid username or password,1 Sign-in fails,Browser,IN
2026-08-13T19:45,u3477@contoso.example,HR Portal,50126,Invalid username or password,1 Sign-in fails,Mobile Apps and Desktop clients,IN
2026-08-13T19:46,u4873@contoso.example,Azure Portal,53003,Blocked by Conditional Access,3 Conditional Access,Mobile Apps and Desktop clients,GB
2026-08-13T19:48,u2463@contoso.example,Microsoft Teams,65001,Consent not granted,9 Assignment and consent,Mobile Apps and Desktop clients,IN
2026-08-13T19:51,u2240@contoso.example,Service Desk,70043,Sign-in frequency expired,6 Repeated prompts,Browser,IN
2026-08-13T19:57,u3234@contoso.example,Payroll,50126,Invalid username or password,1 Sign-in fails,Mobile Apps and Desktop clients,IN
2026-08-13T20:00,u3259@contoso.example,Service Desk,50074,"MFA required, not completed",2 MFA problems,Mobile Apps and Desktop clients,DE
2026-08-13T20:37,u2312@contoso.example,SharePoint Online,53003,Blocked by Conditional Access,3 Conditional Access,Browser,IN
2026-08-13T21:24,u3351@contoso.example,HR Portal,50126,Invalid username or password,1 Sign-in fails,Browser,IN
2026-08-13T21:46,u2096@contoso.example,Service Desk,50126,Invalid username or password,1 Sign-in fails,Browser,DE
2026-08-13T22:00,u1843@contoso.example,HR Portal,65001,Consent not granted,9 Assignment and consent,Browser,IN
2026-08-13T22:06,u1053@contoso.example,Payroll,50074,"MFA required, not completed",2 MFA problems,Browser,IN
2026-08-13T22:29,u2221@contoso.example,CRM,53003,Blocked by Conditional Access,3 Conditional Access,Mobile Apps and Desktop clients,IN
2026-08-13T22:41,u1093@contoso.example,Payroll,50126,Invalid username or password,1 Sign-in fails,Mobile Apps and Desktop clients,US
2026-08-13T22:43,u3440@contoso.example,Office 365 Exchange Online,53003,Blocked by Conditional Access,3 Conditional Access,Mobile Apps and Desktop clients,SG
2026-08-13T22:49,u3520@contoso.example,Service Desk,500121,MFA challenge failed,2 MFA problems,Mobile Apps and Desktop clients,IN
2026-08-13T23:02,u1667@contoso.example,SharePoint Online,50074,"MFA required, not completed",2 MFA problems,Browser,IN
2026-08-13T23:04,u4029@contoso.example,Azure Portal,50011,Reply URL mismatch,7 App authentication,Mobile Apps and Desktop clients,IN
2026-08-13T23:05,u3196@contoso.example,Service Desk,53003,Blocked by Conditional Access,3 Conditional Access,Browser,US
2026-08-13T23:07,u3847@contoso.example,HR Portal,50105,User not assigned to app,9 Assignment and consent,Mobile Apps and Desktop clients,GB
2026-08-13T23:08,u3382@contoso.example,CRM,500121,MFA challenge failed,2 MFA problems,Mobile Apps and Desktop clients,IN
2026-08-13T23:10,u4462@contoso.example,CRM,50074,"MFA required, not completed",2 MFA problems,Mobile Apps and Desktop clients,IN
2026-08-13T23:12,u4190@contoso.example,Office 365 Exchange Online,53003,Blocked by Conditional Access,3 Conditional Access,Mobile Apps and Desktop clients,US
2026-08-13T23:32,u1238@contoso.example,Service Desk,50126,Invalid username or password,1 Sign-in fails,Browser,IN
2026-08-13T23:44,u3645@contoso.example,Office 365 Exchange Online,50053,Account locked (smart lockout),5 Lockout loop,Mobile Apps and Desktop clients,IN
2026-08-14T00:03,u3029@contoso.example,SharePoint Online,50011,Reply URL mismatch,7 App authentication,Mobile Apps and Desktop clients,US
2026-08-14T00:05,u1039@contoso.example,SharePoint Online,50053,Account locked (smart lockout),5 Lockout loop,Mobile Apps and Desktop clients,SG
2026-08-14T00:12,u1479@contoso.example,Microsoft Teams,50126,Invalid username or password,1 Sign-in fails,Browser,GB
2026-08-14T00:17,u2889@contoso.example,SharePoint Online,70043,Sign-in frequency expired,6 Repeated prompts,Browser,US
2026-08-14T00:17,u1215@contoso.example,Service Desk,50011,Reply URL mismatch,7 App authentication,Mobile Apps and Desktop clients,US
2026-08-14T00:25,u4648@contoso.example,Azure Portal,50126,Invalid username or password,1 Sign-in fails,Mobile Apps and Desktop clients,US
2026-08-14T00:29,u1923@contoso.example,HR Portal,500121,MFA challenge failed,2 MFA problems,Mobile Apps and Desktop clients,IN
2026-08-14T00:33,u2456@contoso.example,SharePoint Online,50053,Account locked (smart lockout),5 Lockout loop,Mobile Apps and Desktop clients,GB
2026-08-14T00:36,u4177@contoso.example,HR Portal,50105,User not assigned to app,9 Assignment and consent,Mobile Apps and Desktop clients,IN
2026-08-14T00:38,u4676@contoso.example,Microsoft Teams,50055,Password expired,1 Sign-in fails,Mobile Apps and Desktop clients,US
2026-08-14T00:55,u4371@contoso.example,Office 365 Exchange Online,500121,MFA challenge failed,2 MFA problems,Browser,IN
2026-08-14T01:00,u2133@contoso.example,Payroll,50126,Invalid username or password,1 Sign-in fails,Browser,IN
2026-08-14T01:07,u4650@contoso.example,Microsoft Teams,53003,Blocked by Conditional Access,3 Conditional Access,Browser,GB
2026-08-14T01:19,u3609@contoso.example,SharePoint Online,50126,Invalid username or password,1 Sign-in fails,Exchange ActiveSync,IN
2026-08-14T01:19,u3662@contoso.example,HR Portal,50074,"MFA required, not completed",2 MFA problems,Exchange ActiveSync,GB
2026-08-14T01:26,u1159@contoso.example,VPN,50126,Invalid username or password,1 Sign-in fails,Browser,IN
2026-08-14T01:29,u2426@contoso.example,Microsoft Teams,50053,Account locked (smart lockout),5 Lockout loop,Browser,IN
2026-08-14T01:41,u2749@contoso.example,VPN,53003,Blocked by Conditional Access,3 Conditional Access,Browser,US
2026-08-14T01:41,u4157@contoso.example,Office 365 Exchange Online,50158,External MFA challenge not met,2 MFA problems,Mobile Apps and Desktop clients,IN
2026-08-14T01:42,u1576@contoso.example,Service Desk,50126,Invalid username or password,1 Sign-in fails,Browser,IN
2026-08-14T01:48,u4378@contoso.example,Service Desk,53000,Device not compliant,15 Compliance and PRT,Browser,IN
2026-08-14T01:50,u2489@contoso.example,CRM,50126,Invalid username or password,1 Sign-in fails,Mobile Apps and Desktop clients,GB
2026-08-14T02:10,u3775@contoso.example,Payroll,50105,User not assigned to app,9 Assignment and consent,Browser,IN
2026-08-14T02:10,u4912@contoso.example,Microsoft Teams,50053,Account locked (smart lockout),5 Lockout loop,Browser,IN
2026-08-14T02:13,u1056@contoso.example,VPN,50126,Invalid username or password,1 Sign-in fails,Mobile Apps and Desktop clients,IN
2026-08-14T02:23,u4001@contoso.example,SharePoint Online,53000,Device not compliant,15 Compliance and PRT,Mobile Apps and Desktop clients,IN
2026-08-14T02:43,u4152@contoso.example,Office 365 Exchange Online,500121,MFA challenge failed,2 MFA problems,Browser,IN
2026-08-14T02:52,u3282@contoso.example,Office 365 Exchange Online,53000,Device not compliant,15 Compliance and PRT,Browser,IN
2026-08-14T02:55,u3303@contoso.example,VPN,50053,Account locked (smart lockout),5 Lockout loop,Browser,IN
2026-08-14T03:04,u4074@contoso.example,Office 365 Exchange Online,53003,Blocked by Conditional Access,3 Conditional Access,Browser,US
2026-08-14T03:04,u3389@contoso.example,Office 365 Exchange Online,50126,Invalid username or password,1 Sign-in fails,Exchange ActiveSync,IN
2026-08-14T03:10,u3219@contoso.example,Service Desk,50074,"MFA required, not completed",2 MFA problems,Mobile Apps and Desktop clients,IN
2026-08-14T03:10,u4790@contoso.example,Service Desk,50053,Account locked (smart lockout),5 Lockout loop,Mobile Apps and Desktop clients,IN
2026-08-14T03:19,u3732@contoso.example,Azure Portal,53003,Blocked by Conditional Access,3 Conditional Access,Exchange ActiveSync,IN
2026-08-14T03:38,u4436@contoso.example,CRM,500121,MFA challenge failed,2 MFA problems,Mobile Apps and Desktop clients,US
2026-08-14T03:38,u4965@contoso.example,Office 365 Exchange Online,50074,"MFA required, not completed",2 MFA problems,Browser,DE
2026-08-14T03:53,u1686@contoso.example,Office 365 Exchange Online,53000,Device not compliant,15 Compliance and PRT,Mobile Apps and Desktop clients,US
2026-08-14T04:10,u4591@contoso.example,Office 365 Exchange Online,500121,MFA challenge failed,2 MFA problems,Browser,US
2026-08-14T04:13,u1057@contoso.example,VPN,53003,Blocked by Conditional Access,3 Conditional Access,Browser,IN
2026-08-14T04:16,u3637@contoso.example,Office 365 Exchange Online,500121,MFA challenge failed,2 MFA problems,Mobile Apps and Desktop clients,IN
2026-08-14T04:22,u1186@contoso.example,Office 365 Exchange Online,65001,Consent not granted,9 Assignment and consent,Mobile Apps and Desktop clients,US
2026-08-14T04:30,u4800@contoso.example,Payroll,50074,"MFA required, not completed",2 MFA problems,Browser,GB
2026-08-14T04:34,u4932@contoso.example,Azure Portal,500121,MFA challenge failed,2 MFA problems,Browser,DE
2026-08-14T04:37,u3264@contoso.example,Office 365 Exchange Online,50055,Password expired,1 Sign-in fails,Browser,IN
2026-08-14T04:49,u2225@contoso.example,CRM,70043,Sign-in frequency expired,6 Repeated prompts,Browser,IN
2026-08-14T04:49,u4593@contoso.example,Service Desk,50126,Invalid username or password,1 Sign-in fails,Mobile Apps and Desktop clients,IN
2026-08-14T05:04,u3462@contoso.example,VPN,50126,Invalid username or password,1 Sign-in fails,Browser,US
2026-08-14T05:10,u4479@contoso.example,Office 365 Exchange Online,53003,Blocked by Conditional Access,3 Conditional Access,Browser,GB
2026-08-14T05:18,u3958@contoso.example,Service Desk,50126,Invalid username or password,1 Sign-in fails,Browser,IN
2026-08-14T05:22,u2475@contoso.example,VPN,50126,Invalid username or password,1 Sign-in fails,Browser,IN
2026-08-14T05:24,u3101@contoso.example,Payroll,50053,Account locked (smart lockout),5 Lockout loop,Mobile Apps and Desktop clients,DE
2026-08-14T05:24,u4893@contoso.example,Payroll,50053,Account locked (smart lockout),5 Lockout loop,Browser,US
2026-08-14T05:25,u3231@contoso.example,VPN,50053,Account locked (smart lockout),5 Lockout loop,Browser,IN
2026-08-14T05:28,u4421@contoso.example,HR Portal,50126,Invalid username or password,1 Sign-in fails,Mobile Apps and Desktop clients,IN
2026-08-14T05:29,u4680@contoso.example,HR Portal,50126,Invalid username or password,1 Sign-in fails,Browser,DE
2026-08-14T05:33,u2563@contoso.example,Azure Portal,50057,Account disabled,1 Sign-in fails,Browser,IN
2026-08-14T05:40,u1509@contoso.example,Payroll,53003,Blocked by Conditional Access,3 Conditional Access,Browser,IN
2026-08-14T05:44,u1511@contoso.example,CRM,53003,Blocked by Conditional Access,3 Conditional Access,Browser,DE
2026-08-14T05:56,u2919@contoso.example,CRM,53000,Device not compliant,15 Compliance and PRT,Browser,US
2026-08-14T05:57,u1920@contoso.example,Payroll,53000,Device not compliant,15 Compliance and PRT,Browser,SG
2026-08-14T06:36,u4046@contoso.example,Azure Portal,50055,Password expired,1 Sign-in fails,Browser,US
2026-08-14T06:43,u3070@contoso.example,Microsoft Teams,50055,Password expired,1 Sign-in fails,Browser,US
2026-08-14T06:44,u1335@contoso.example,CRM,50126,Invalid username or password,1 Sign-in fails,Mobile Apps and Desktop clients,IN
2026-08-14T06:47,u3084@contoso.example,Service Desk,50011,Reply URL mismatch,7 App authentication,Browser,IN
2026-08-14T07:17,u3751@contoso.example,Service Desk,50126,Invalid username or password,1 Sign-in fails,Browser,DE
2026-08-14T07:36,u2854@contoso.example,Payroll,50126,Invalid username or password,1 Sign-in fails,Mobile Apps and Desktop clients,DE
2026-08-14T07:40,u3634@contoso.example,Azure Portal,53000,Device not compliant,15 Compliance and PRT,Browser,IN
2026-08-14T08:04,u1929@contoso.example,SharePoint Online,53003,Blocked by Conditional Access,3 Conditional Access,Mobile Apps and Desktop clients,IN
2026-08-14T08:13,u1427@contoso.example,Microsoft Teams,53003,Blocked by Conditional Access,3 Conditional Access,Browser,SG
2026-08-14T08:24,u4396@contoso.example,HR Portal,50105,User not assigned to app,9 Assignment and consent,Exchange ActiveSync,DE
2026-08-14T08:28,u3699@contoso.example,Payroll,50011,Reply URL mismatch,7 App authentication,Browser,US
2026-08-14T08:34,u2780@contoso.example,SharePoint Online,50053,Account locked (smart lockout),5 Lockout loop,Browser,SG
2026-08-14T08:34,u3753@contoso.example,Azure Portal,50126,Invalid username or password,1 Sign-in fails,Mobile Apps and Desktop clients,IN
2026-08-14T08:46,u2688@contoso.example,Microsoft Teams,50126,Invalid username or password,1 Sign-in fails,Mobile Apps and Desktop clients,IN
2026-08-14T09:01,u3512@contoso.example,Microsoft Teams,50105,User not assigned to app,9 Assignment and consent,Browser,IN
2026-08-14T09:11,u3547@contoso.example,Office 365 Exchange Online,50011,Reply URL mismatch,7 App authentication,Browser,IN
2026-08-14T09:19,u1255@contoso.example,VPN,50105,User not assigned to app,9 Assignment and consent,Mobile Apps and Desktop clients,SG
2026-08-14T09:20,u3269@contoso.example,SharePoint Online,500121,MFA challenge failed,2 MFA problems,Browser,US
2026-08-14T09:22,u3948@contoso.example,Service Desk,50126,Invalid username or password,1 Sign-in fails,Mobile Apps and Desktop clients,US
2026-08-14T10:06,u2858@contoso.example,Payroll,50074,"MFA required, not completed",2 MFA problems,Mobile Apps and Desktop clients,IN
2026-08-14T10:06,u2329@contoso.example,Office 365 Exchange Online,70043,Sign-in frequency expired,6 Repeated prompts,Mobile Apps and Desktop clients,IN
2026-08-14T10:07,u1082@contoso.example,VPN,50105,User not assigned to app,9 Assignment and consent,Browser,IN
2026-08-14T10:07,u4481@contoso.example,Azure Portal,50074,"MFA required, not completed",2 MFA problems,Browser,US
2026-08-14T10:07,u4958@contoso.example,Microsoft Teams,70043,Sign-in frequency expired,6 Repeated prompts,Browser,IN
2026-08-14T10:20,u2338@contoso.example,Azure Portal,50126,Invalid username or password,1 Sign-in fails,Browser,IN
2026-08-14T10:41,u2703@contoso.example,Microsoft Teams,500121,MFA challenge failed,2 MFA problems,Browser,DE
2026-08-14T10:48,u3915@contoso.example,Microsoft Teams,500121,MFA challenge failed,2 MFA problems,Browser,SG
2026-08-14T10:52,u2062@contoso.example,Azure Portal,53003,Blocked by Conditional Access,3 Conditional Access,Browser,US
2026-08-14T10:52,u1661@contoso.example,Microsoft Teams,50126,Invalid username or password,1 Sign-in fails,Browser,IN
2026-08-14T10:54,u4222@contoso.example,Service Desk,50126,Invalid username or password,1 Sign-in fails,Browser,US
2026-08-14T10:55,u2255@contoso.example,CRM,50126,Invalid username or password,1 Sign-in fails,Mobile Apps and Desktop clients,IN
2026-08-14T11:05,u4458@contoso.example,Microsoft Teams,50126,Invalid username or password,1 Sign-in fails,Mobile Apps and Desktop clients,IN
2026-08-14T11:05,u1459@contoso.example,CRM,70043,Sign-in frequency expired,6 Repeated prompts,Browser,US
2026-08-14T11:06,u2447@contoso.example,CRM,53003,Blocked by Conditional Access,3 Conditional Access,Browser,IN
2026-08-14T11:09,u2521@contoso.example,Payroll,50074,"MFA required, not completed",2 MFA problems,Mobile Apps and Desktop clients,IN
2026-08-14T11:10,u3864@contoso.example,Service Desk,50053,Account locked (smart lockout),5 Lockout loop,Browser,GB
2026-08-14T11:25,u1020@contoso.example,SharePoint Online,500121,MFA challenge failed,2 MFA problems,Mobile Apps and Desktop clients,GB
2026-08-14T11:34,u1931@contoso.example,VPN,50105,User not assigned to app,9 Assignment and consent,Browser,IN
2026-08-14T11:40,u2838@contoso.example,SharePoint Online,500121,MFA challenge failed,2 MFA problems,Mobile Apps and Desktop clients,DE
2026-08-14T11:58,u1827@contoso.example,SharePoint Online,50055,Password expired,1 Sign-in fails,Browser,US
2026-08-14T12:10,u1998@contoso.example,Office 365 Exchange Online,50126,Invalid username or password,1 Sign-in fails,Mobile Apps and Desktop clients,IN
2026-08-14T12:51,u1861@contoso.example,SharePoint Online,53000,Device not compliant,15 Compliance and PRT,Mobile Apps and Desktop clients,US
2026-08-14T12:52,u2857@contoso.example,Microsoft Teams,53003,Blocked by Conditional Access,3 Conditional Access,Mobile Apps and Desktop clients,IN
2026-08-14T12:53,u4762@contoso.example,Microsoft Teams,50074,"MFA required, not completed",2 MFA problems,Mobile Apps and Desktop clients,IN
2026-08-14T13:06,u2285@contoso.example,CRM,50057,Account disabled,1 Sign-in fails,Mobile Apps and Desktop clients,IN
2026-08-14T13:15,u2500@contoso.example,Office 365 Exchange Online,50126,Invalid username or password,1 Sign-in fails,Mobile Apps and Desktop clients,IN
2026-08-14T13:27,u3344@contoso.example,Office 365 Exchange Online,50126,Invalid username or password,1 Sign-in fails,Browser,SG
2026-08-14T13:28,u4551@contoso.example,Microsoft Teams,50053,Account locked (smart lockout),5 Lockout loop,Mobile Apps and Desktop clients,IN
2026-08-14T13:40,u4335@contoso.example,Office 365 Exchange Online,70043,Sign-in frequency expired,6 Repeated prompts,Browser,IN
2026-08-14T13:53,u2692@contoso.example,Office 365 Exchange Online,50055,Password expired,1 Sign-in fails,Mobile Apps and Desktop clients,IN
2026-08-14T13:58,u3852@contoso.example,CRM,50126,Invalid username or password,1 Sign-in fails,Browser,US
2026-08-14T13:58,u1473@contoso.example,Azure Portal,50055,Password expired,1 Sign-in fails,Browser,IN
2026-08-14T14:05,u4249@contoso.example,SharePoint Online,50158,External MFA challenge not met,2 MFA problems,Browser,IN
2026-08-14T14:11,u3489@contoso.example,Office 365 Exchange Online,50105,User not assigned to app,9 Assignment and consent,Browser,DE
2026-08-14T14:18,u3990@contoso.example,CRM,50055,Password expired,1 Sign-in fails,Browser,GB
2026-08-14T14:29,u3556@contoso.example,Microsoft Teams,50126,Invalid username or password,1 Sign-in fails,Browser,US
2026-08-14T14:54,u4613@contoso.example,HR Portal,53000,Device not compliant,15 Compliance and PRT,Mobile Apps and Desktop clients,IN
2026-08-14T15:08,u2925@contoso.example,Azure Portal,500121,MFA challenge failed,2 MFA problems,Mobile Apps and Desktop clients,IN
2026-08-14T15:15,u2677@contoso.example,Service Desk,53003,Blocked by Conditional Access,3 Conditional Access,Browser,IN
2026-08-14T15:16,u2714@contoso.example,VPN,50053,Account locked (smart lockout),5 Lockout loop,Browser,IN
2026-08-14T15:27,u1421@contoso.example,Payroll,50126,Invalid username or password,1 Sign-in fails,Browser,US
2026-08-14T15:34,u2773@contoso.example,Payroll,50053,Account locked (smart lockout),5 Lockout loop,Browser,IN
2026-08-14T15:34,u1302@contoso.example,HR Portal,50126,Invalid username or password,1 Sign-in fails,IMAP4,IN
2026-08-14T15:37,u4487@contoso.example,SharePoint Online,50053,Account locked (smart lockout),5 Lockout loop,Mobile Apps and Desktop clients,DE
2026-08-14T15:40,u1001@contoso.example,Microsoft Teams,50126,Invalid username or password,1 Sign-in fails,Browser,US
2026-08-14T15:50,u2044@contoso.example,CRM,65001,Consent not granted,9 Assignment and consent,Mobile Apps and Desktop clients,US
2026-08-14T15:52,u4895@contoso.example,Office 365 Exchange Online,500121,MFA challenge failed,2 MFA problems,Browser,US
2026-08-14T15:54,u3723@contoso.example,SharePoint Online,50126,Invalid username or password,1 Sign-in fails,Mobile Apps and Desktop clients,GB
2026-08-14T15:54,u2503@contoso.example,Office 365 Exchange Online,500121,MFA challenge failed,2 MFA problems,Browser,IN
2026-08-14T15:58,u4457@contoso.example,Azure Portal,50126,Invalid username or password,1 Sign-in fails,Browser,GB
2026-08-14T15:59,u3075@contoso.example,Payroll,50126,Invalid username or password,1 Sign-in fails,Browser,IN
2026-08-14T16:02,u1908@contoso.example,HR Portal,50053,Account locked (smart lockout),5 Lockout loop,Mobile Apps and Desktop clients,IN
2026-08-14T16:03,u1545@contoso.example,Azure Portal,50126,Invalid username or password,1 Sign-in fails,Browser,IN
2026-08-14T16:03,u4471@contoso.example,Azure Portal,500121,MFA challenge failed,2 MFA problems,Mobile Apps and Desktop clients,IN
2026-08-14T16:06,u4988@contoso.example,Microsoft Teams,500121,MFA challenge failed,2 MFA problems,Mobile Apps and Desktop clients,IN
2026-08-14T16:07,u4388@contoso.example,Microsoft Teams,50074,"MFA required, not completed",2 MFA problems,Browser,GB
2026-08-14T16:08,u1470@contoso.example,Azure Portal,50055,Password expired,1 Sign-in fails,Browser,IN
2026-08-14T16:31,u1178@contoso.example,Office 365 Exchange Online,50126,Invalid username or password,1 Sign-in fails,Browser,US
2026-08-14T16:53,u1596@contoso.example,CRM,53003,Blocked by Conditional Access,3 Conditional Access,Mobile Apps and Desktop clients,IN
2026-08-14T16:59,u2904@contoso.example,HR Portal,50126,Invalid username or password,1 Sign-in fails,Browser,IN
2026-08-14T17:04,u1316@contoso.example,VPN,50053,Account locked (smart lockout),5 Lockout loop,Mobile Apps and Desktop clients,IN
2026-08-14T17:05,u2883@contoso.example,CRM,50053,Account locked (smart lockout),5 Lockout loop,Mobile Apps and Desktop clients,IN
2026-08-14T17:23,u1497@contoso.example,Office 365 Exchange Online,50126,Invalid username or password,1 Sign-in fails,Browser,IN
2026-08-14T17:36,u4589@contoso.example,SharePoint Online,50053,Account locked (smart lockout),5 Lockout loop,IMAP4,IN
2026-08-14T17:48,u2818@contoso.example,Office 365 Exchange Online,65001,Consent not granted,9 Assignment and consent,Browser,IN
2026-08-14T17:51,u4418@contoso.example,Service Desk,50126,Invalid username or password,1 Sign-in fails,Browser,US
2026-08-14T17:53,u4315@contoso.example,VPN,53003,Blocked by Conditional Access,3 Conditional Access,Browser,IN
2026-08-14T17:57,u3029@contoso.example,SharePoint Online,65001,Consent not granted,9 Assignment and consent,Browser,US
2026-08-14T17:58,u1851@contoso.example,VPN,50158,External MFA challenge not met,2 MFA problems,Browser,IN
2026-08-14T18:04,u3659@contoso.example,Azure Portal,500121,MFA challenge failed,2 MFA problems,Browser,IN
2026-08-14T18:04,u3223@contoso.example,Service Desk,53000,Device not compliant,15 Compliance and PRT,Mobile Apps and Desktop clients,GB
2026-08-14T18:11,u3651@contoso.example,Azure Portal,50053,Account locked (smart lockout),5 Lockout loop,Browser,IN
2026-08-14T18:13,u1967@contoso.example,Payroll,50053,Account locked (smart lockout),5 Lockout loop,Browser,IN
2026-08-14T18:24,u2513@contoso.example,Payroll,50074,"MFA required, not completed",2 MFA problems,IMAP4,GB
2026-08-14T18:27,u2065@contoso.example,Microsoft Teams,70043,Sign-in frequency expired,6 Repeated prompts,Mobile Apps and Desktop clients,US
2026-08-14T18:33,u1885@contoso.example,Payroll,50105,User not assigned to app,9 Assignment and consent,Browser,IN
2026-08-14T18:36,u4975@contoso.example,SharePoint Online,50057,Account disabled,1 Sign-in fails,Browser,GB
2026-08-14T18:37,u3817@contoso.example,SharePoint Online,50055,Password expired,1 Sign-in fails,Mobile Apps and Desktop clients,IN
2026-08-14T18:45,u4261@contoso.example,Service Desk,500121,MFA challenge failed,2 MFA problems,Mobile Apps and Desktop clients,IN
2026-08-14T18:53,u4031@contoso.example,CRM,53000,Device not compliant,15 Compliance and PRT,Browser,US
2026-08-14T18:54,u3727@contoso.example,Azure Portal,50126,Invalid username or password,1 Sign-in fails,Mobile Apps and Desktop clients,US
2026-08-14T19:01,u2273@contoso.example,Service Desk,50126,Invalid username or password,1 Sign-in fails,Mobile Apps and Desktop clients,GB
2026-08-14T19:19,u2072@contoso.example,Payroll,50074,"MFA required, not completed",2 MFA problems,Browser,IN
2026-08-14T19:24,u4201@contoso.example,HR Portal,500121,MFA challenge failed,2 MFA problems,Browser,IN
2026-08-14T19:25,u1706@contoso.example,Service Desk,500121,MFA challenge failed,2 MFA problems,Mobile Apps and Desktop clients,IN
2026-08-14T19:27,u4711@contoso.example,CRM,50158,External MFA challenge not met,2 MFA problems,Mobile Apps and Desktop clients,IN
2026-08-14T19:45,u1184@contoso.example,SharePoint Online,53003,Blocked by Conditional Access,3 Conditional Access,Browser,IN
2026-08-14T19:57,u4029@contoso.example,HR Portal,50074,"MFA required, not completed",2 MFA problems,Browser,US
2026-08-14T20:15,u4846@contoso.example,CRM,500121,MFA challenge failed,2 MFA problems,Browser,GB
2026-08-14T20:19,u1192@contoso.example,Microsoft Teams,53003,Blocked by Conditional Access,3 Conditional Access,Browser,IN
2026-08-14T20:21,u1450@contoso.example,Service Desk,53003,Blocked by Conditional Access,3 Conditional Access,Browser,DE
2026-08-14T20:24,u3955@contoso.example,VPN,53003,Blocked by Conditional Access,3 Conditional Access,Mobile Apps and Desktop clients,IN
2026-08-14T20:28,u2562@contoso.example,Microsoft Teams,50074,"MFA required, not completed",2 MFA problems,Browser,US
2026-08-14T20:31,u2409@contoso.example,VPN,53003,Blocked by Conditional Access,3 Conditional Access,Browser,US
2026-08-14T20:36,u1257@contoso.example,CRM,50057,Account disabled,1 Sign-in fails,Mobile Apps and Desktop clients,IN
2026-08-14T20:45,u1381@contoso.example,SharePoint Online,53003,Blocked by Conditional Access,3 Conditional Access,Browser,US
2026-08-14T20:51,u2946@contoso.example,CRM,50074,"MFA required, not completed",2 MFA problems,Mobile Apps and Desktop clients,IN
2026-08-14T21:29,u3295@contoso.example,Office 365 Exchange Online,50053,Account locked (smart lockout),5 Lockout loop,Browser,IN
2026-08-14T21:36,u2333@contoso.example,Service Desk,500121,MFA challenge failed,2 MFA problems,Browser,US
2026-08-14T21:39,u2994@contoso.example,Payroll,50053,Account locked (smart lockout),5 Lockout loop,Browser,US
2026-08-14T21:41,u3673@contoso.example,VPN,50057,Account disabled,1 Sign-in fails,Browser,IN
2026-08-14T21:44,u1519@contoso.example,Service Desk,53000,Device not compliant,15 Compliance and PRT,Mobile Apps and Desktop clients,GB
2026-08-14T21:45,u4863@contoso.example,Office 365 Exchange Online,70043,Sign-in frequency expired,6 Repeated prompts,Browser,US
2026-08-14T21:47,u2307@contoso.example,Office 365 Exchange Online,50126,Invalid username or password,1 Sign-in fails,Browser,US
2026-08-14T21:55,u1809@contoso.example,VPN,50126,Invalid username or password,1 Sign-in fails,Mobile Apps and Desktop clients,US
2026-08-14T22:06,u2443@contoso.example,CRM,50055,Password expired,1 Sign-in fails,Browser,DE
2026-08-14T22:18,u3035@contoso.example,Azure Portal,53000,Device not compliant,15 Compliance and PRT,Browser,IN
2026-08-14T22:25,u3476@contoso.example,HR Portal,90072,Guest account not in tenant,22 Guest access,Mobile Apps and Desktop clients,US
2026-08-14T22:50,u3411@contoso.example,CRM,500121,MFA challenge failed,2 MFA problems,Browser,IN
2026-08-14T22:52,u3773@contoso.example,Office 365 Exchange Online,50126,Invalid username or password,1 Sign-in fails,Browser,SG
2026-08-14T22:55,u2077@contoso.example,CRM,50126,Invalid username or password,1 Sign-in fails,IMAP4,IN
2026-08-14T23:07,u4006@contoso.example,Service Desk,50126,Invalid username or password,1 Sign-in fails,Browser,US
2026-08-14T23:07,u3474@contoso.example,SharePoint Online,50053,Account locked (smart lockout),5 Lockout loop,Browser,US
2026-08-14T23:14,u3290@contoso.example,HR Portal,53003,Blocked by Conditional Access,3 Conditional Access,Mobile Apps and Desktop clients,IN
2026-08-14T23:27,u4654@contoso.example,Payroll,50011,Reply URL mismatch,7 App authentication,Browser,IN
2026-08-14T23:36,u2102@contoso.example,CRM,500121,MFA challenge failed,2 MFA problems,Browser,IN
2026-08-14T23:51,u1300@contoso.example,HR Portal,50126,Invalid username or password,1 Sign-in fails,Mobile Apps and Desktop clients,GB
2026-08-14T23:52,u2669@contoso.example,Service Desk,53003,Blocked by Conditional Access,3 Conditional Access,Browser,IN
2026-08-14T23:53,u1425@contoso.example,HR Portal,50105,User not assigned to app,9 Assignment and consent,Mobile Apps and Desktop clients,IN
2026-08-15T00:10,u4429@contoso.example,HR Portal,50011,Reply URL mismatch,7 App authentication,Mobile Apps and Desktop clients,US
2026-08-15T00:25,u3586@contoso.example,SharePoint Online,50126,Invalid username or password,1 Sign-in fails,Browser,IN
2026-08-15T00:41,u3776@contoso.example,Microsoft Teams,53003,Blocked by Conditional Access,3 Conditional Access,Mobile Apps and Desktop clients,IN
2026-08-15T00:42,u3551@contoso.example,Microsoft Teams,50057,Account disabled,1 Sign-in fails,Browser,US
2026-08-15T00:47,u1172@contoso.example,VPN,50105,User not assigned to app,9 Assignment and consent,Browser,US
2026-08-15T00:52,u1573@contoso.example,Azure Portal,50126,Invalid username or password,1 Sign-in fails,Mobile Apps and Desktop clients,IN
2026-08-15T00:58,u2833@contoso.example,Azure Portal,50105,User not assigned to app,9 Assignment and consent,Browser,DE
2026-08-15T00:59,u4145@contoso.example,VPN,53000,Device not compliant,15 Compliance and PRT,Exchange ActiveSync,IN
2026-08-15T01:15,u1771@contoso.example,Office 365 Exchange Online,50055,Password expired,1 Sign-in fails,Exchange ActiveSync,US
2026-08-15T01:26,u4230@contoso.example,CRM,53003,Blocked by Conditional Access,3 Conditional Access,Browser,IN
2026-08-15T01:27,u1874@contoso.example,Office 365 Exchange Online,50053,Account locked (smart lockout),5 Lockout loop,Browser,IN
2026-08-15T01:50,u1845@contoso.example,HR Portal,50053,Account locked (smart lockout),5 Lockout loop,Browser,US
2026-08-15T02:06,u3241@contoso.example,Microsoft Teams,53000,Device not compliant,15 Compliance and PRT,Browser,IN
2026-08-15T02:15,u3613@contoso.example,VPN,50126,Invalid username or password,1 Sign-in fails,Mobile Apps and Desktop clients,IN
2026-08-15T02:20,u2352@contoso.example,Microsoft Teams,50126,Invalid username or password,1 Sign-in fails,Browser,US
2026-08-15T02:20,u4995@contoso.example,HR Portal,500121,MFA challenge failed,2 MFA problems,Browser,GB
2026-08-15T02:21,u4746@contoso.example,SharePoint Online,50158,External MFA challenge not met,2 MFA problems,Browser,GB
2026-08-15T02:34,u4426@contoso.example,Microsoft Teams,50053,Account locked (smart lockout),5 Lockout loop,Browser,GB
2026-08-15T02:40,u3503@contoso.example,Service Desk,53003,Blocked by Conditional Access,3 Conditional Access,Exchange ActiveSync,SG
2026-08-15T02:42,u4701@contoso.example,SharePoint Online,53003,Blocked by Conditional Access,3 Conditional Access,Browser,IN
2026-08-15T02:44,u4365@contoso.example,SharePoint Online,50126,Invalid username or password,1 Sign-in fails,Mobile Apps and Desktop clients,IN
2026-08-15T02:46,u1667@contoso.example,SharePoint Online,50053,Account locked (smart lockout),5 Lockout loop,Mobile Apps and Desktop clients,US
2026-08-15T02:46,u2329@contoso.example,CRM,50053,Account locked (smart lockout),5 Lockout loop,Mobile Apps and Desktop clients,US
2026-08-15T02:46,u1719@contoso.example,Payroll,500121,MFA challenge failed,2 MFA problems,Mobile Apps and Desktop clients,IN
2026-08-15T02:50,u4057@contoso.example,Azure Portal,53003,Blocked by Conditional Access,3 Conditional Access,Browser,US
2026-08-15T02:59,u4176@contoso.example,VPN,70043,Sign-in frequency expired,6 Repeated prompts,Browser,DE
2026-08-15T03:09,u2126@contoso.example,CRM,50053,Account locked (smart lockout),5 Lockout loop,Browser,US
2026-08-15T03:09,u1654@contoso.example,SharePoint Online,50126,Invalid username or password,1 Sign-in fails,Browser,IN
2026-08-15T03:20,u4632@contoso.example,Microsoft Teams,53003,Blocked by Conditional Access,3 Conditional Access,Mobile Apps and Desktop clients,IN
2026-08-15T03:24,u4733@contoso.example,Microsoft Teams,50126,Invalid username or password,1 Sign-in fails,Browser,SG
2026-08-15T03:32,u4321@contoso.example,Payroll,50126,Invalid username or password,1 Sign-in fails,Browser,DE
2026-08-15T03:47,u2584@contoso.example,CRM,50126,Invalid username or password,1 Sign-in fails,Browser,SG
2026-08-15T04:13,u4446@contoso.example,Payroll,50126,Invalid username or password,1 Sign-in fails,Mobile Apps and Desktop clients,DE
2026-08-15T04:18,u1788@contoso.example,Office 365 Exchange Online,50126,Invalid username or password,1 Sign-in fails,Browser,DE
2026-08-15T04:21,u4780@contoso.example,HR Portal,500121,MFA challenge failed,2 MFA problems,Browser,IN
2026-08-15T04:39,u4659@contoso.example,Microsoft Teams,53003,Blocked by Conditional Access,3 Conditional Access,Browser,US
2026-08-15T04:40,u2405@contoso.example,CRM,50126,Invalid username or password,1 Sign-in fails,Mobile Apps and Desktop clients,IN
2026-08-15T05:12,u4726@contoso.example,VPN,50057,Account disabled,1 Sign-in fails,Browser,IN
2026-08-15T05:18,u1092@contoso.example,Service Desk,53000,Device not compliant,15 Compliance and PRT,Mobile Apps and Desktop clients,IN
2026-08-15T05:23,u2748@contoso.example,VPN,53003,Blocked by Conditional Access,3 Conditional Access,Mobile Apps and Desktop clients,IN
2026-08-15T05:35,u4462@contoso.example,Microsoft Teams,50057,Account disabled,1 Sign-in fails,Mobile Apps and Desktop clients,IN
2026-08-15T05:43,u2309@contoso.example,CRM,53003,Blocked by Conditional Access,3 Conditional Access,Browser,GB
2026-08-15T05:47,u3546@contoso.example,CRM,53003,Blocked by Conditional Access,3 Conditional Access,Mobile Apps and Desktop clients,GB
2026-08-15T05:49,u1536@contoso.example,VPN,50011,Reply URL mismatch,7 App authentication,Browser,DE
2026-08-15T05:53,u4930@contoso.example,HR Portal,500121,MFA challenge failed,2 MFA problems,Browser,US
2026-08-15T05:53,u2438@contoso.example,Payroll,50057,Account disabled,1 Sign-in fails,Mobile Apps and Desktop clients,US
2026-08-15T05:55,u3761@contoso.example,Microsoft Teams,50126,Invalid username or password,1 Sign-in fails,Mobile Apps and Desktop clients,US
2026-08-15T06:05,u1694@contoso.example,Payroll,50053,Account locked (smart lockout),5 Lockout loop,Mobile Apps and Desktop clients,IN
2026-08-15T06:06,u2008@contoso.example,HR Portal,50126,Invalid username or password,1 Sign-in fails,Mobile Apps and Desktop clients,US
2026-08-15T06:07,u1776@contoso.example,CRM,50126,Invalid username or password,1 Sign-in fails,Browser,US
2026-08-15T06:10,u3243@contoso.example,Office 365 Exchange Online,50158,External MFA challenge not met,2 MFA problems,Mobile Apps and Desktop clients,GB
2026-08-15T06:10,u1180@contoso.example,SharePoint Online,50126,Invalid username or password,1 Sign-in fails,Browser,SG
2026-08-15T06:14,u1394@contoso.example,Microsoft Teams,50055,Password expired,1 Sign-in fails,Mobile Apps and Desktop clients,US
2026-08-15T06:17,u2664@contoso.example,HR Portal,53003,Blocked by Conditional Access,3 Conditional Access,Browser,IN
2026-08-15T06:19,u2348@contoso.example,Azure Portal,50126,Invalid username or password,1 Sign-in fails,Mobile Apps and Desktop clients,US
2026-08-15T06:30,u1410@contoso.example,HR Portal,70043,Sign-in frequency expired,6 Repeated prompts,Browser,IN
2026-08-15T06:37,u3133@contoso.example,VPN,50126,Invalid username or password,1 Sign-in fails,Mobile Apps and Desktop clients,SG
2026-08-15T06:52,u3717@contoso.example,Microsoft Teams,50053,Account locked (smart lockout),5 Lockout loop,Mobile Apps and Desktop clients,IN
2026-08-15T07:04,u1441@contoso.example,Service Desk,500121,MFA challenge failed,2 MFA problems,Browser,IN
2026-08-15T07:16,u1506@contoso.example,CRM,50126,Invalid username or password,1 Sign-in fails,Browser,IN
2026-08-15T07:25,u1795@contoso.example,VPN,50126,Invalid username or password,1 Sign-in fails,Exchange ActiveSync,DE
2026-08-15T07:36,u4448@contoso.example,CRM,50126,Invalid username or password,1 Sign-in fails,Mobile Apps and Desktop clients,GB
2026-08-15T08:03,u4333@contoso.example,VPN,50074,"MFA required, not completed",2 MFA problems,Browser,IN
2026-08-15T08:04,u4793@contoso.example,Azure Portal,50053,Account locked (smart lockout),5 Lockout loop,Mobile Apps and Desktop clients,US
2026-08-15T08:15,u4419@contoso.example,HR Portal,50126,Invalid username or password,1 Sign-in fails,Browser,IN
2026-08-15T08:26,u2842@contoso.example,Service Desk,53003,Blocked by Conditional Access,3 Conditional Access,Browser,IN
2026-08-15T08:33,u2985@contoso.example,Payroll,53003,Blocked by Conditional Access,3 Conditional Access,Browser,IN
2026-08-15T08:42,u4823@contoso.example,Service Desk,70043,Sign-in frequency expired,6 Repeated prompts,Mobile Apps and Desktop clients,SG
2026-08-15T08:46,u4068@contoso.example,Office 365 Exchange Online,500121,MFA challenge failed,2 MFA problems,Mobile Apps and Desktop clients,IN
2026-08-15T09:02,u2674@contoso.example,VPN,53003,Blocked by Conditional Access,3 Conditional Access,Browser,IN
2026-08-15T09:04,u1592@contoso.example,Service Desk,70043,Sign-in frequency expired,6 Repeated prompts,Mobile Apps and Desktop clients,IN
2026-08-15T09:09,u3511@contoso.example,Microsoft Teams,50057,Account disabled,1 Sign-in fails,Browser,IN
2026-08-15T09:23,u3500@contoso.example,Payroll,50011,Reply URL mismatch,7 App authentication,Mobile Apps and Desktop clients,DE
2026-08-15T09:23,u4564@contoso.example,Service Desk,50105,User not assigned to app,9 Assignment and consent,Mobile Apps and Desktop clients,GB
2026-08-15T09:25,u1049@contoso.example,Azure Portal,50057,Account disabled,1 Sign-in fails,Browser,IN
2026-08-15T09:33,u4564@contoso.example,Microsoft Teams,50053,Account locked (smart lockout),5 Lockout loop,Browser,GB
2026-08-15T09:35,u4514@contoso.example,HR Portal,50105,User not assigned to app,9 Assignment and consent,Browser,IN
2026-08-15T09:36,u1465@contoso.example,Azure Portal,500121,MFA challenge failed,2 MFA problems,Browser,US
2026-08-15T09:40,u4677@contoso.example,SharePoint Online,50053,Account locked (smart lockout),5 Lockout loop,Mobile Apps and Desktop clients,US
2026-08-15T09:41,u3235@contoso.example,Azure Portal,50011,Reply URL mismatch,7 App authentication,Browser,IN
2026-08-15T09:41,u2919@contoso.example,HR Portal,50126,Invalid username or password,1 Sign-in fails,Mobile Apps and Desktop clients,IN
2026-08-15T09:43,u1058@contoso.example,SharePoint Online,50011,Reply URL mismatch,7 App authentication,Mobile Apps and Desktop clients,DE
2026-08-15T09:44,u2696@contoso.example,HR Portal,70043,Sign-in frequency expired,6 Repeated prompts,Browser,IN
2026-08-15T09:56,u2562@contoso.example,SharePoint Online,50126,Invalid username or password,1 Sign-in fails,Browser,IN
2026-08-15T10:11,u2408@contoso.example,SharePoint Online,50126,Invalid username or password,1 Sign-in fails,Browser,IN
2026-08-15T10:13,u3173@contoso.example,Microsoft Teams,50105,User not assigned to app,9 Assignment and consent,Mobile Apps and Desktop clients,GB
2026-08-15T10:16,u3631@contoso.example,Microsoft Teams,50126,Invalid username or password,1 Sign-in fails,Browser,US
2026-08-15T10:33,u2402@contoso.example,CRM,50053,Account locked (smart lockout),5 Lockout loop,Browser,US
2026-08-15T10:55,u2684@contoso.example,Azure Portal,50126,Invalid username or password,1 Sign-in fails,Mobile Apps and Desktop clients,IN
2026-08-15T11:11,u3152@contoso.example,HR Portal,50053,Account locked (smart lockout),5 Lockout loop,Exchange ActiveSync,IN
2026-08-15T11:18,u4487@contoso.example,CRM,70043,Sign-in frequency expired,6 Repeated prompts,Browser,IN
2026-08-15T11:19,u3316@contoso.example,Payroll,50126,Invalid username or password,1 Sign-in fails,Browser,IN
2026-08-15T11:38,u4361@contoso.example,CRM,53000,Device not compliant,15 Compliance and PRT,Mobile Apps and Desktop clients,US
2026-08-15T11:39,u2802@contoso.example,Office 365 Exchange Online,53003,Blocked by Conditional Access,3 Conditional Access,Browser,US
2026-08-15T11:47,u1799@contoso.example,SharePoint Online,53000,Device not compliant,15 Compliance and PRT,Mobile Apps and Desktop clients,IN
2026-08-15T11:49,u2672@contoso.example,Office 365 Exchange Online,53003,Blocked by Conditional Access,3 Conditional Access,Browser,US
2026-08-15T11:51,u2849@contoso.example,Service Desk,50055,Password expired,1 Sign-in fails,Mobile Apps and Desktop clients,IN
2026-08-15T11:57,u2123@contoso.example,Azure Portal,500121,MFA challenge failed,2 MFA problems,Browser,US
2026-08-15T12:05,u4605@contoso.example,Azure Portal,50126,Invalid username or password,1 Sign-in fails,Exchange ActiveSync,IN
2026-08-15T12:16,u4235@contoso.example,Microsoft Teams,53000,Device not compliant,15 Compliance and PRT,Browser,IN
2026-08-15T12:19,u4255@contoso.example,SharePoint Online,500121,MFA challenge failed,2 MFA problems,Browser,IN
2026-08-15T12:21,u4335@contoso.example,VPN,50074,"MFA required, not completed",2 MFA problems,Mobile Apps and Desktop clients,SG
2026-08-15T12:33,u1990@contoso.example,CRM,50074,"MFA required, not completed",2 MFA problems,Browser,IN
2026-08-15T12:45,u2965@contoso.example,HR Portal,50126,Invalid username or password,1 Sign-in fails,Mobile Apps and Desktop clients,IN
2026-08-15T12:46,u3024@contoso.example,Azure Portal,50055,Password expired,1 Sign-in fails,Browser,SG
2026-08-15T12:47,u3661@contoso.example,HR Portal,50074,"MFA required, not completed",2 MFA problems,Mobile Apps and Desktop clients,IN
2026-08-15T12:52,u2849@contoso.example,CRM,53000,Device not compliant,15 Compliance and PRT,Mobile Apps and Desktop clients,IN
2026-08-15T13:04,u3735@contoso.example,VPN,65001,Consent not granted,9 Assignment and consent,Mobile Apps and Desktop clients,IN
2026-08-15T13:09,u4912@contoso.example,Payroll,53003,Blocked by Conditional Access,3 Conditional Access,Mobile Apps and Desktop clients,GB
2026-08-15T13:15,u4025@contoso.example,SharePoint Online,50126,Invalid username or password,1 Sign-in fails,Browser,SG
2026-08-15T13:39,u3114@contoso.example,HR Portal,50105,User not assigned to app,9 Assignment and consent,Browser,US
2026-08-15T13:43,u3327@contoso.example,Office 365 Exchange Online,53003,Blocked by Conditional Access,3 Conditional Access,IMAP4,GB
2026-08-15T13:44,u3277@contoso.example,Service Desk,500121,MFA challenge failed,2 MFA problems,Browser,IN
2026-08-15T13:51,u1298@contoso.example,HR Portal,70043,Sign-in frequency expired,6 Repeated prompts,Browser,US
2026-08-15T14:04,u3806@contoso.example,Service Desk,50126,Invalid username or password,1 Sign-in fails,Mobile Apps and Desktop clients,US
2026-08-15T14:17,u3953@contoso.example,Microsoft Teams,50074,"MFA required, not completed",2 MFA problems,Mobile Apps and Desktop clients,IN
2026-08-15T14:19,u1915@contoso.example,Office 365 Exchange Online,65001,Consent not granted,9 Assignment and consent,Browser,GB
2026-08-15T14:20,u1952@contoso.example,Payroll,50126,Invalid username or password,1 Sign-in fails,Mobile Apps and Desktop clients,IN
2026-08-15T14:29,u4463@contoso.example,SharePoint Online,50074,"MFA required, not completed",2 MFA problems,Exchange ActiveSync,IN
2026-08-15T14:32,u2607@contoso.example,Payroll,50126,Invalid username or password,1 Sign-in fails,Mobile Apps and Desktop clients,US
2026-08-15T14:52,u3269@contoso.example,VPN,53003,Blocked by Conditional Access,3 Conditional Access,Browser,US
2026-08-15T15:02,u1222@contoso.example,CRM,50126,Invalid username or password,1 Sign-in fails,Browser,IN
2026-08-15T15:03,u1623@contoso.example,Payroll,50074,"MFA required, not completed",2 MFA problems,Browser,IN
2026-08-15T15:10,u3298@contoso.example,CRM,500121,MFA challenge failed,2 MFA problems,Mobile Apps and Desktop clients,IN
2026-08-15T15:10,u3443@contoso.example,HR Portal,50074,"MFA required, not completed",2 MFA problems,Mobile Apps and Desktop clients,IN
2026-08-15T15:16,u2590@contoso.example,Service Desk,50074,"MFA required, not completed",2 MFA problems,Browser,IN
2026-08-15T15:18,u2399@contoso.example,HR Portal,50053,Account locked (smart lockout),5 Lockout loop,Browser,US
2026-08-15T15:18,u1868@contoso.example,Service Desk,53003,Blocked by Conditional Access,3 Conditional Access,Browser,DE
2026-08-15T15:19,u1333@contoso.example,Payroll,50126,Invalid username or password,1 Sign-in fails,Browser,US
2026-08-15T15:20,u2517@contoso.example,Office 365 Exchange Online,50126,Invalid username or password,1 Sign-in fails,Browser,IN
2026-08-15T15:32,u2887@contoso.example,SharePoint Online,53003,Blocked by Conditional Access,3 Conditional Access,Mobile Apps and Desktop clients,SG
2026-08-15T15:34,u4033@contoso.example,Azure Portal,500121,MFA challenge failed,2 MFA problems,Mobile Apps and Desktop clients,GB
2026-08-15T15:52,u1516@contoso.example,Office 365 Exchange Online,50126,Invalid username or password,1 Sign-in fails,Browser,US
2026-08-15T15:54,u1068@contoso.example,VPN,50011,Reply URL mismatch,7 App authentication,Mobile Apps and Desktop clients,SG
2026-08-15T15:58,u2904@contoso.example,CRM,50074,"MFA required, not completed",2 MFA problems,Browser,IN
2026-08-15T15:59,u2813@contoso.example,HR Portal,50126,Invalid username or password,1 Sign-in fails,Mobile Apps and Desktop clients,IN
2026-08-15T16:03,u2789@contoso.example,SharePoint Online,50105,User not assigned to app,9 Assignment and consent,Browser,US
2026-08-15T16:14,u4294@contoso.example,SharePoint Online,500121,MFA challenge failed,2 MFA problems,Mobile Apps and Desktop clients,IN
2026-08-15T16:22,u4573@contoso.example,VPN,50126,Invalid username or password,1 Sign-in fails,Mobile Apps and Desktop clients,US
2026-08-15T16:25,u4474@contoso.example,Office 365 Exchange Online,50158,External MFA challenge not met,2 MFA problems,Mobile Apps and Desktop clients,US
2026-08-15T16:26,u3284@contoso.example,Microsoft Teams,53003,Blocked by Conditional Access,3 Conditional Access,Mobile Apps and Desktop clients,GB
2026-08-15T16:27,u2758@contoso.example,SharePoint Online,50126,Invalid username or password,1 Sign-in fails,Browser,IN
2026-08-15T16:35,u2573@contoso.example,VPN,50057,Account disabled,1 Sign-in fails,Mobile Apps and Desktop clients,SG
2026-08-15T16:38,u4528@contoso.example,Azure Portal,50126,Invalid username or password,1 Sign-in fails,Browser,IN
2026-08-15T16:39,u4392@contoso.example,Service Desk,500121,MFA challenge failed,2 MFA problems,Browser,US
2026-08-15T16:41,u3940@contoso.example,HR Portal,50057,Account disabled,1 Sign-in fails,Mobile Apps and Desktop clients,IN
2026-08-15T16:48,u2771@contoso.example,Azure Portal,50126,Invalid username or password,1 Sign-in fails,Browser,US
2026-08-15T16:52,u1649@contoso.example,Office 365 Exchange Online,50053,Account locked (smart lockout),5 Lockout loop,Mobile Apps and Desktop clients,IN
2026-08-15T17:09,u3599@contoso.example,HR Portal,65001,Consent not granted,9 Assignment and consent,Browser,DE
2026-08-15T17:14,u2054@contoso.example,SharePoint Online,50057,Account disabled,1 Sign-in fails,Mobile Apps and Desktop clients,IN
2026-08-15T17:15,u3804@contoso.example,Microsoft Teams,53000,Device not compliant,15 Compliance and PRT,Browser,IN
2026-08-15T17:17,u3492@contoso.example,HR Portal,50105,User not assigned to app,9 Assignment and consent,Mobile Apps and Desktop clients,IN
2026-08-15T17:26,u1243@contoso.example,Office 365 Exchange Online,50105,User not assigned to app,9 Assignment and consent,Browser,US
2026-08-15T17:26,u2841@contoso.example,SharePoint Online,65001,Consent not granted,9 Assignment and consent,Mobile Apps and Desktop clients,US
2026-08-15T17:38,u1640@contoso.example,HR Portal,53003,Blocked by Conditional Access,3 Conditional Access,Mobile Apps and Desktop clients,GB
2026-08-15T17:48,u2665@contoso.example,HR Portal,50057,Account disabled,1 Sign-in fails,Browser,IN
2026-08-15T18:03,u3011@contoso.example,Payroll,50074,"MFA required, not completed",2 MFA problems,Mobile Apps and Desktop clients,IN
2026-08-15T18:30,u1340@contoso.example,Payroll,90072,Guest account not in tenant,22 Guest access,Browser,IN
2026-08-15T18:35,u2219@contoso.example,Office 365 Exchange Online,50126,Invalid username or password,1 Sign-in fails,Mobile Apps and Desktop clients,IN
2026-08-15T18:36,u4460@contoso.example,VPN,50074,"MFA required, not completed",2 MFA problems,Browser,US
2026-08-15T18:43,u2856@contoso.example,CRM,53000,Device not compliant,15 Compliance and PRT,Browser,IN
2026-08-15T18:50,u1692@contoso.example,SharePoint Online,50011,Reply URL mismatch,7 App authentication,Mobile Apps and Desktop clients,US
2026-08-15T18:51,u2302@contoso.example,Service Desk,53003,Blocked by Conditional Access,3 Conditional Access,Mobile Apps and Desktop clients,IN
2026-08-15T19:02,u1445@contoso.example,HR Portal,90072,Guest account not in tenant,22 Guest access,Mobile Apps and Desktop clients,IN
2026-08-15T19:13,u1365@contoso.example,Azure Portal,50126,Invalid username or password,1 Sign-in fails,Browser,DE
2026-08-15T19:21,u4019@contoso.example,Office 365 Exchange Online,53003,Blocked by Conditional Access,3 Conditional Access,Mobile Apps and Desktop clients,IN
2026-08-15T19:37,u1535@contoso.example,Payroll,53000,Device not compliant,15 Compliance and PRT,Exchange ActiveSync,IN
2026-08-15T19:51,u1000@contoso.example,VPN,50057,Account disabled,1 Sign-in fails,Browser,US
2026-08-15T19:55,u1069@contoso.example,Microsoft Teams,50126,Invalid username or password,1 Sign-in fails,Mobile Apps and Desktop clients,IN
2026-08-15T20:09,u2653@contoso.example,CRM,50105,User not assigned to app,9 Assignment and consent,Browser,US
2026-08-15T20:14,u1915@contoso.example,Service Desk,50126,Invalid username or password,1 Sign-in fails,Mobile Apps and Desktop clients,US
2026-08-15T20:22,u4486@contoso.example,Microsoft Teams,50126,Invalid username or password,1 Sign-in fails,Browser,IN
2026-08-15T20:39,u3263@contoso.example,CRM,50126,Invalid username or password,1 Sign-in fails,Browser,IN
2026-08-15T20:45,u3180@contoso.example,CRM,50074,"MFA required, not completed",2 MFA problems,Mobile Apps and Desktop clients,IN
2026-08-15T20:58,u2234@contoso.example,Payroll,50126,Invalid username or password,1 Sign-in fails,Browser,IN
2026-08-15T20:59,u2238@contoso.example,Office 365 Exchange Online,53000,Device not compliant,15 Compliance and PRT,Browser,IN
2026-08-15T21:14,u4236@contoso.example,Payroll,70043,Sign-in frequency expired,6 Repeated prompts,Browser,US
2026-08-15T21:25,u2447@contoso.example,VPN,50126,Invalid username or password,1 Sign-in fails,Browser,US
2026-08-15T21:29,u2778@contoso.example,HR Portal,50126,Invalid username or password,1 Sign-in fails,Mobile Apps and Desktop clients,US
2026-08-15T21:33,u2875@contoso.example,Azure Portal,50055,Password expired,1 Sign-in fails,Mobile Apps and Desktop clients,IN
2026-08-15T21:34,u3441@contoso.example,CRM,65001,Consent not granted,9 Assignment and consent,Browser,IN
2026-08-15T21:35,u1685@contoso.example,Service Desk,50126,Invalid username or password,1 Sign-in fails,Exchange ActiveSync,US
2026-08-15T21:36,u1613@contoso.example,Service Desk,50074,"MFA required, not completed",2 MFA problems,Browser,IN
2026-08-15T21:58,u1249@contoso.example,SharePoint Online,50126,Invalid username or password,1 Sign-in fails,Browser,US
2026-08-15T22:00,u1828@contoso.example,Microsoft Teams,50126,Invalid username or password,1 Sign-in fails,Browser,IN
2026-08-15T22:02,u1607@contoso.example,Microsoft Teams,50126,Invalid username or password,1 Sign-in fails,Mobile Apps and Desktop clients,SG
2026-08-15T22:05,u3115@contoso.example,HR Portal,50126,Invalid username or password,1 Sign-in fails,Mobile Apps and Desktop clients,IN
2026-08-15T22:07,u1764@contoso.example,Payroll,50126,Invalid username or password,1 Sign-in fails,Mobile Apps and Desktop clients,US
2026-08-15T22:16,u4748@contoso.example,HR Portal,50011,Reply URL mismatch,7 App authentication,Mobile Apps and Desktop clients,US
2026-08-15T22:23,u3709@contoso.example,CRM,50126,Invalid username or password,1 Sign-in fails,Mobile Apps and Desktop clients,GB
2026-08-15T22:56,u3910@contoso.example,CRM,53003,Blocked by Conditional Access,3 Conditional Access,Mobile Apps and Desktop clients,IN
2026-08-15T23:12,u1875@contoso.example,CRM,50126,Invalid username or password,1 Sign-in fails,Mobile Apps and Desktop clients,IN
2026-08-15T23:42,u3817@contoso.example,Azure Portal,50126,Invalid username or password,1 Sign-in fails,Browser,IN
2026-08-15T23:54,u3613@contoso.example,VPN,50105,User not assigned to app,9 Assignment and consent,Browser,GB
2026-08-16T00:01,u4179@contoso.example,SharePoint Online,50126,Invalid username or password,1 Sign-in fails,Mobile Apps and Desktop clients,IN
2026-08-16T00:03,u3744@contoso.example,Microsoft Teams,50074,"MFA required, not completed",2 MFA problems,Browser,DE
2026-08-16T00:10,u3456@contoso.example,SharePoint Online,70043,Sign-in frequency expired,6 Repeated prompts,Exchange ActiveSync,US
2026-08-16T00:15,u3692@contoso.example,Payroll,500121,MFA challenge failed,2 MFA problems,IMAP4,IN
2026-08-16T00:38,u2630@contoso.example,Azure Portal,50105,User not assigned to app,9 Assignment and consent,Browser,IN
2026-08-16T00:46,u2442@contoso.example,Payroll,500121,MFA challenge failed,2 MFA problems,Browser,US
2026-08-16T00:53,u4087@contoso.example,Service Desk,50053,Account locked (smart lockout),5 Lockout loop,Mobile Apps and Desktop clients,DE
2026-08-16T01:05,u1048@contoso.example,Service Desk,50074,"MFA required, not completed",2 MFA problems,Browser,GB
2026-08-16T01:10,u4225@contoso.example,CRM,53003,Blocked by Conditional Access,3 Conditional Access,Mobile Apps and Desktop clients,US
2026-08-16T01:10,u4116@contoso.example,CRM,50053,Account locked (smart lockout),5 Lockout loop,Mobile Apps and Desktop clients,IN
2026-08-16T01:15,u1409@contoso.example,Microsoft Teams,50057,Account disabled,1 Sign-in fails,Mobile Apps and Desktop clients,IN
2026-08-16T01:20,u4260@contoso.example,CRM,50126,Invalid username or password,1 Sign-in fails,Browser,US
2026-08-16T01:33,u4313@contoso.example,Microsoft Teams,53003,Blocked by Conditional Access,3 Conditional Access,Browser,IN
2026-08-16T01:44,u3772@contoso.example,Payroll,50105,User not assigned to app,9 Assignment and consent,Mobile Apps and Desktop clients,GB
2026-08-16T01:45,u2601@contoso.example,Azure Portal,50053,Account locked (smart lockout),5 Lockout loop,Exchange ActiveSync,IN
2026-08-16T01:46,u2225@contoso.example,Microsoft Teams,50057,Account disabled,1 Sign-in fails,Browser,US
2026-08-16T01:47,u2199@contoso.example,Office 365 Exchange Online,50126,Invalid username or password,1 Sign-in fails,Mobile Apps and Desktop clients,US
2026-08-16T01:49,u4572@contoso.example,SharePoint Online,50074,"MFA required, not completed",2 MFA problems,Browser,US
2026-08-16T01:51,u3262@contoso.example,Office 365 Exchange Online,53000,Device not compliant,15 Compliance and PRT,Browser,US
2026-08-16T01:52,u4540@contoso.example,Office 365 Exchange Online,50074,"MFA required, not completed",2 MFA problems,Browser,US
2026-08-16T01:57,u3984@contoso.example,HR Portal,50105,User not assigned to app,9 Assignment and consent,Browser,US
2026-08-16T02:06,u4306@contoso.example,Azure Portal,65001,Consent not granted,9 Assignment and consent,Browser,IN
2026-08-16T02:08,u1501@contoso.example,Office 365 Exchange Online,50105,User not assigned to app,9 Assignment and consent,Exchange ActiveSync,IN
2026-08-16T02:11,u4955@contoso.example,Azure Portal,53003,Blocked by Conditional Access,3 Conditional Access,Browser,IN
2026-08-16T02:19,u1155@contoso.example,Microsoft Teams,500121,MFA challenge failed,2 MFA problems,Browser,IN
2026-08-16T02:47,u1326@contoso.example,Office 365 Exchange Online,53003,Blocked by Conditional Access,3 Conditional Access,Mobile Apps and Desktop clients,IN
2026-08-16T02:52,u4447@contoso.example,Azure Portal,50011,Reply URL mismatch,7 App authentication,Mobile Apps and Desktop clients,IN
2026-08-16T03:05,u4394@contoso.example,Payroll,50074,"MFA required, not completed",2 MFA problems,Browser,GB
2026-08-16T03:11,u3304@contoso.example,Microsoft Teams,50057,Account disabled,1 Sign-in fails,Browser,GB
2026-08-16T03:17,u1073@contoso.example,Azure Portal,50126,Invalid username or password,1 Sign-in fails,Mobile Apps and Desktop clients,SG
2026-08-16T03:28,u4594@contoso.example,Office 365 Exchange Online,50074,"MFA required, not completed",2 MFA problems,Browser,GB
2026-08-16T03:29,u3995@contoso.example,Office 365 Exchange Online,50126,Invalid username or password,1 Sign-in fails,Mobile Apps and Desktop clients,US
2026-08-16T03:30,u4571@contoso.example,HR Portal,500121,MFA challenge failed,2 MFA problems,Exchange ActiveSync,GB
2026-08-16T03:32,u2755@contoso.example,Office 365 Exchange Online,50126,Invalid username or password,1 Sign-in fails,Browser,IN
2026-08-16T03:35,u3717@contoso.example,Microsoft Teams,53003,Blocked by Conditional Access,3 Conditional Access,IMAP4,US
2026-08-16T03:36,u1969@contoso.example,Office 365 Exchange Online,50074,"MFA required, not completed",2 MFA problems,Browser,US
2026-08-16T03:52,u1625@contoso.example,HR Portal,50055,Password expired,1 Sign-in fails,Mobile Apps and Desktop clients,DE
2026-08-16T03:56,u2967@contoso.example,SharePoint Online,500121,MFA challenge failed,2 MFA problems,Mobile Apps and Desktop clients,US
2026-08-16T04:00,u2102@contoso.example,Office 365 Exchange Online,50126,Invalid username or password,1 Sign-in fails,Browser,IN
2026-08-16T04:03,u4695@contoso.example,VPN,50126,Invalid username or password,1 Sign-in fails,Browser,IN
2026-08-16T04:16,u1997@contoso.example,SharePoint Online,50126,Invalid username or password,1 Sign-in fails,Mobile Apps and Desktop clients,IN
2026-08-16T04:18,u3681@contoso.example,Azure Portal,65001,Consent not granted,9 Assignment and consent,Browser,IN
2026-08-16T04:23,u3383@contoso.example,HR Portal,50105,User not assigned to app,9 Assignment and consent,Browser,IN
2026-08-16T04:33,u3621@contoso.example,HR Portal,70043,Sign-in frequency expired,6 Repeated prompts,Mobile Apps and Desktop clients,IN
2026-08-16T04:39,u1032@contoso.example,Microsoft Teams,50055,Password expired,1 Sign-in fails,Mobile Apps and Desktop clients,US
2026-08-16T05:19,u4754@contoso.example,Payroll,500121,MFA challenge failed,2 MFA problems,Mobile Apps and Desktop clients,IN
2026-08-16T05:34,u2585@contoso.example,Azure Portal,50057,Account disabled,1 Sign-in fails,Mobile Apps and Desktop clients,IN
2026-08-16T05:54,u3120@contoso.example,Azure Portal,50126,Invalid username or password,1 Sign-in fails,Browser,US
2026-08-16T05:57,u2165@contoso.example,CRM,50126,Invalid username or password,1 Sign-in fails,IMAP4,IN
2026-08-16T06:10,u4260@contoso.example,HR Portal,50057,Account disabled,1 Sign-in fails,Mobile Apps and Desktop clients,IN
2026-08-16T06:10,u3650@contoso.example,VPN,500121,MFA challenge failed,2 MFA problems,Mobile Apps and Desktop clients,IN
2026-08-16T06:19,u4589@contoso.example,Microsoft Teams,53003,Blocked by Conditional Access,3 Conditional Access,Browser,IN
2026-08-16T06:25,u1114@contoso.example,HR Portal,53000,Device not compliant,15 Compliance and PRT,Browser,IN
2026-08-16T06:36,u3680@contoso.example,Microsoft Teams,53003,Blocked by Conditional Access,3 Conditional Access,Browser,IN
2026-08-16T06:43,u2710@contoso.example,VPN,70043,Sign-in frequency expired,6 Repeated prompts,Mobile Apps and Desktop clients,IN
2026-08-16T06:55,u3863@contoso.example,Service Desk,50011,Reply URL mismatch,7 App authentication,Browser,IN
2026-08-16T07:42,u3422@contoso.example,Microsoft Teams,50053,Account locked (smart lockout),5 Lockout loop,IMAP4,IN
2026-08-16T07:42,u4165@contoso.example,HR Portal,50126,Invalid username or password,1 Sign-in fails,Mobile Apps and Desktop clients,IN
2026-08-16T07:43,u1792@contoso.example,Payroll,50126,Invalid username or password,1 Sign-in fails,Browser,DE
2026-08-16T08:12,u4238@contoso.example,Service Desk,50126,Invalid username or password,1 Sign-in fails,Mobile Apps and Desktop clients,GB
2026-08-16T08:15,u4521@contoso.example,Office 365 Exchange Online,50126,Invalid username or password,1 Sign-in fails,Mobile Apps and Desktop clients,IN
2026-08-16T08:40,u3339@contoso.example,Azure Portal,500121,MFA challenge failed,2 MFA problems,Browser,IN
2026-08-16T08:51,u3171@contoso.example,SharePoint Online,50053,Account locked (smart lockout),5 Lockout loop,Mobile Apps and Desktop clients,IN
2026-08-16T09:02,u4417@contoso.example,SharePoint Online,50057,Account disabled,1 Sign-in fails,Browser,US
2026-08-16T09:03,u3089@contoso.example,VPN,50126,Invalid username or password,1 Sign-in fails,IMAP4,DE
2026-08-16T09:05,u2146@contoso.example,HR Portal,50074,"MFA required, not completed",2 MFA problems,Mobile Apps and Desktop clients,IN
2026-08-16T09:06,u1762@contoso.example,CRM,53003,Blocked by Conditional Access,3 Conditional Access,Browser,IN
2026-08-16T09:07,u1370@contoso.example,Azure Portal,50126,Invalid username or password,1 Sign-in fails,Browser,IN
2026-08-16T09:13,u1181@contoso.example,HR Portal,50126,Invalid username or password,1 Sign-in fails,Mobile Apps and Desktop clients,GB
2026-08-16T09:35,u3780@contoso.example,Office 365 Exchange Online,50055,Password expired,1 Sign-in fails,Mobile Apps and Desktop clients,US
2026-08-16T10:00,u2944@contoso.example,Microsoft Teams,50053,Account locked (smart lockout),5 Lockout loop,Browser,IN
2026-08-16T10:48,u3071@contoso.example,Microsoft Teams,50074,"MFA required, not completed",2 MFA problems,Browser,IN
2026-08-16T11:00,u4937@contoso.example,CRM,53000,Device not compliant,15 Compliance and PRT,Mobile Apps and Desktop clients,DE
2026-08-16T11:09,u2859@contoso.example,Payroll,53003,Blocked by Conditional Access,3 Conditional Access,Mobile Apps and Desktop clients,US
2026-08-16T11:15,u3595@contoso.example,Office 365 Exchange Online,70043,Sign-in frequency expired,6 Repeated prompts,Browser,IN
2026-08-16T11:17,u1153@contoso.example,Service Desk,50126,Invalid username or password,1 Sign-in fails,Mobile Apps and Desktop clients,IN
2026-08-16T11:17,u1310@contoso.example,HR Portal,70043,Sign-in frequency expired,6 Repeated prompts,Mobile Apps and Desktop clients,IN
2026-08-16T11:20,u4356@contoso.example,Payroll,50126,Invalid username or password,1 Sign-in fails,Browser,IN
2026-08-16T11:25,u3134@contoso.example,Service Desk,50126,Invalid username or password,1 Sign-in fails,Mobile Apps and Desktop clients,SG
2026-08-16T11:26,u4545@contoso.example,CRM,50126,Invalid username or password,1 Sign-in fails,Browser,IN
2026-08-16T11:29,u3378@contoso.example,VPN,50053,Account locked (smart lockout),5 Lockout loop,Browser,SG
2026-08-16T11:34,u4495@contoso.example,Azure Portal,50053,Account locked (smart lockout),5 Lockout loop,Mobile Apps and Desktop clients,IN
2026-08-16T11:34,u4582@contoso.example,VPN,500121,MFA challenge failed,2 MFA problems,Mobile Apps and Desktop clients,IN
2026-08-16T11:44,u2145@contoso.example,Service Desk,53000,Device not compliant,15 Compliance and PRT,Mobile Apps and Desktop clients,IN
2026-08-16T11:47,u2018@contoso.example,HR Portal,50126,Invalid username or password,1 Sign-in fails,Browser,SG
2026-08-16T11:51,u1854@contoso.example,Payroll,500121,MFA challenge failed,2 MFA problems,Mobile Apps and Desktop clients,IN
2026-08-16T11:55,u2542@contoso.example,Service Desk,50126,Invalid username or password,1 Sign-in fails,Mobile Apps and Desktop clients,IN
2026-08-16T12:01,u3478@contoso.example,Azure Portal,50105,User not assigned to app,9 Assignment and consent,Exchange ActiveSync,IN
2026-08-16T12:04,u2005@contoso.example,Microsoft Teams,53000,Device not compliant,15 Compliance and PRT,Browser,US
2026-08-16T12:08,u1490@contoso.example,Office 365 Exchange Online,50074,"MFA required, not completed",2 MFA problems,Mobile Apps and Desktop clients,US
2026-08-16T12:10,u2772@contoso.example,CRM,50158,External MFA challenge not met,2 MFA problems,Browser,US
2026-08-16T12:14,u4409@contoso.example,Office 365 Exchange Online,500121,MFA challenge failed,2 MFA problems,Mobile Apps and Desktop clients,IN
2026-08-16T12:16,u4668@contoso.example,HR Portal,70043,Sign-in frequency expired,6 Repeated prompts,Mobile Apps and Desktop clients,IN
2026-08-16T12:23,u4901@contoso.example,SharePoint Online,50126,Invalid username or password,1 Sign-in fails,Browser,IN
2026-08-16T12:36,u4564@contoso.example,Microsoft Teams,50126,Invalid username or password,1 Sign-in fails,Browser,US
2026-08-16T12:49,u4959@contoso.example,SharePoint Online,50105,User not assigned to app,9 Assignment and consent,Browser,IN
2026-08-16T12:51,u2622@contoso.example,Office 365 Exchange Online,53003,Blocked by Conditional Access,3 Conditional Access,Mobile Apps and Desktop clients,IN
2026-08-16T12:53,u1599@contoso.example,Service Desk,500121,MFA challenge failed,2 MFA problems,Mobile Apps and Desktop clients,IN
2026-08-16T12:53,u1093@contoso.example,VPN,50074,"MFA required, not completed",2 MFA problems,Mobile Apps and Desktop clients,GB
2026-08-16T12:54,u2832@contoso.example,SharePoint Online,53003,Blocked by Conditional Access,3 Conditional Access,Browser,IN
2026-08-16T12:57,u1215@contoso.example,Office 365 Exchange Online,90072,Guest account not in tenant,22 Guest access,Mobile Apps and Desktop clients,IN
2026-08-16T12:59,u2243@contoso.example,Payroll,53003,Blocked by Conditional Access,3 Conditional Access,Mobile Apps and Desktop clients,DE
2026-08-16T13:05,u4390@contoso.example,Azure Portal,50053,Account locked (smart lockout),5 Lockout loop,Mobile Apps and Desktop clients,IN
2026-08-16T13:19,u4674@contoso.example,Azure Portal,50126,Invalid username or password,1 Sign-in fails,Mobile Apps and Desktop clients,IN
2026-08-16T13:39,u1519@contoso.example,Azure Portal,50126,Invalid username or password,1 Sign-in fails,Browser,DE
2026-08-16T13:42,u2759@contoso.example,Office 365 Exchange Online,53003,Blocked by Conditional Access,3 Conditional Access,Browser,IN
2026-08-16T13:51,u1632@contoso.example,Azure Portal,500121,MFA challenge failed,2 MFA problems,Mobile Apps and Desktop clients,GB
2026-08-16T13:54,u1741@contoso.example,HR Portal,50126,Invalid username or password,1 Sign-in fails,Mobile Apps and Desktop clients,IN
2026-08-16T14:00,u3182@contoso.example,Payroll,500121,MFA challenge failed,2 MFA problems,Mobile Apps and Desktop clients,IN
2026-08-16T14:12,u3900@contoso.example,Payroll,50126,Invalid username or password,1 Sign-in fails,Browser,GB
2026-08-16T14:13,u1349@contoso.example,HR Portal,500121,MFA challenge failed,2 MFA problems,Browser,IN
2026-08-16T14:14,u3601@contoso.example,Service Desk,53003,Blocked by Conditional Access,3 Conditional Access,IMAP4,US
2026-08-16T14:15,u1724@contoso.example,VPN,50105,User not assigned to app,9 Assignment and consent,Browser,IN
2026-08-16T14:17,u2676@contoso.example,CRM,50158,External MFA challenge not met,2 MFA problems,Browser,GB
2026-08-16T14:32,u2192@contoso.example,VPN,50053,Account locked (smart lockout),5 Lockout loop,IMAP4,IN
2026-08-16T14:35,u2395@contoso.example,VPN,50074,"MFA required, not completed",2 MFA problems,Browser,IN
2026-08-16T14:45,u2498@contoso.example,SharePoint Online,65001,Consent not granted,9 Assignment and consent,Browser,IN
2026-08-16T14:56,u2556@contoso.example,Office 365 Exchange Online,90072,Guest account not in tenant,22 Guest access,Browser,SG
2026-08-16T15:13,u1085@contoso.example,CRM,50074,"MFA required, not completed",2 MFA problems,Browser,IN
2026-08-16T15:34,u1867@contoso.example,Azure Portal,50053,Account locked (smart lockout),5 Lockout loop,Mobile Apps and Desktop clients,GB
2026-08-16T15:52,u3048@contoso.example,Office 365 Exchange Online,50126,Invalid username or password,1 Sign-in fails,Mobile Apps and Desktop clients,IN
2026-08-16T15:52,u2386@contoso.example,Azure Portal,50074,"MFA required, not completed",2 MFA problems,Mobile Apps and Desktop clients,US
2026-08-16T15:57,u3503@contoso.example,Azure Portal,50053,Account locked (smart lockout),5 Lockout loop,Mobile Apps and Desktop clients,IN
2026-08-16T15:58,u3637@contoso.example,SharePoint Online,50126,Invalid username or password,1 Sign-in fails,Mobile Apps and Desktop clients,IN
2026-08-16T16:00,u4448@contoso.example,SharePoint Online,50126,Invalid username or password,1 Sign-in fails,Browser,GB
2026-08-16T16:01,u1365@contoso.example,Office 365 Exchange Online,53003,Blocked by Conditional Access,3 Conditional Access,Mobile Apps and Desktop clients,IN
2026-08-16T16:07,u2278@contoso.example,SharePoint Online,53003,Blocked by Conditional Access,3 Conditional Access,Browser,IN
2026-08-16T16:10,u2380@contoso.example,SharePoint Online,50126,Invalid username or password,1 Sign-in fails,IMAP4,IN
2026-08-16T16:18,u3361@contoso.example,SharePoint Online,50105,User not assigned to app,9 Assignment and consent,Mobile Apps and Desktop clients,IN
2026-08-16T16:22,u3455@contoso.example,Payroll,50126,Invalid username or password,1 Sign-in fails,Mobile Apps and Desktop clients,IN
2026-08-16T16:47,u3575@contoso.example,Office 365 Exchange Online,70043,Sign-in frequency expired,6 Repeated prompts,Exchange ActiveSync,IN
2026-08-16T16:48,u4223@contoso.example,Payroll,50126,Invalid username or password,1 Sign-in fails,Mobile Apps and Desktop clients,DE
2026-08-16T16:53,u2003@contoso.example,SharePoint Online,70043,Sign-in frequency expired,6 Repeated prompts,Mobile Apps and Desktop clients,IN
2026-08-16T17:01,u2472@contoso.example,Azure Portal,50055,Password expired,1 Sign-in fails,Browser,IN
2026-08-16T17:06,u4700@contoso.example,Office 365 Exchange Online,53003,Blocked by Conditional Access,3 Conditional Access,Browser,US
2026-08-16T17:12,u3607@contoso.example,VPN,50126,Invalid username or password,1 Sign-in fails,Browser,US
2026-08-16T17:13,u3731@contoso.example,Office 365 Exchange Online,53003,Blocked by Conditional Access,3 Conditional Access,Browser,DE
2026-08-16T17:14,u4995@contoso.example,Azure Portal,53003,Blocked by Conditional Access,3 Conditional Access,Browser,IN
2026-08-16T17:16,u4359@contoso.example,Microsoft Teams,50126,Invalid username or password,1 Sign-in fails,Mobile Apps and Desktop clients,US
2026-08-16T17:19,u4268@contoso.example,VPN,53003,Blocked by Conditional Access,3 Conditional Access,Mobile Apps and Desktop clients,US
2026-08-16T17:52,u3312@contoso.example,Office 365 Exchange Online,90072,Guest account not in tenant,22 Guest access,Browser,GB
2026-08-16T17:54,u3983@contoso.example,Azure Portal,53000,Device not compliant,15 Compliance and PRT,Browser,US
2026-08-16T18:02,u3294@contoso.example,SharePoint Online,50158,External MFA challenge not met,2 MFA problems,Mobile Apps and Desktop clients,US
2026-08-16T18:12,u1276@contoso.example,SharePoint Online,50053,Account locked (smart lockout),5 Lockout loop,Browser,IN
2026-08-16T18:13,u1573@contoso.example,VPN,50053,Account locked (smart lockout),5 Lockout loop,Browser,IN
2026-08-16T18:16,u3230@contoso.example,Microsoft Teams,50126,Invalid username or password,1 Sign-in fails,Mobile Apps and Desktop clients,GB
2026-08-16T18:34,u2217@contoso.example,Payroll,50126,Invalid username or password,1 Sign-in fails,Browser,IN
2026-08-16T18:35,u3789@contoso.example,Service Desk,50105,User not assigned to app,9 Assignment and consent,Browser,GB
2026-08-16T18:42,u3550@contoso.example,Payroll,70043,Sign-in frequency expired,6 Repeated prompts,Browser,IN
2026-08-16T18:46,u2850@contoso.example,Payroll,50126,Invalid username or password,1 Sign-in fails,Mobile Apps and Desktop clients,SG
2026-08-16T18:51,u4228@contoso.example,Office 365 Exchange Online,50126,Invalid username or password,1 Sign-in fails,Mobile Apps and Desktop clients,DE
2026-08-16T18:56,u3546@contoso.example,VPN,50074,"MFA required, not completed",2 MFA problems,Browser,IN
2026-08-16T19:21,u4299@contoso.example,CRM,53000,Device not compliant,15 Compliance and PRT,Mobile Apps and Desktop clients,IN
2026-08-16T19:23,u2166@contoso.example,SharePoint Online,50053,Account locked (smart lockout),5 Lockout loop,Browser,IN
2026-08-16T19:29,u4142@contoso.example,Service Desk,50055,Password expired,1 Sign-in fails,Browser,US
2026-08-16T19:39,u2743@contoso.example,HR Portal,70043,Sign-in frequency expired,6 Repeated prompts,Browser,IN
2026-08-16T19:41,u2257@contoso.example,CRM,50126,Invalid username or password,1 Sign-in fails,Browser,SG
2026-08-16T19:53,u4838@contoso.example,Office 365 Exchange Online,50126,Invalid username or password,1 Sign-in fails,Mobile Apps and Desktop clients,GB
2026-08-16T19:58,u4970@contoso.example,Office 365 Exchange Online,70043,Sign-in frequency expired,6 Repeated prompts,Mobile Apps and Desktop clients,US
2026-08-16T20:03,u2672@contoso.example,VPN,50126,Invalid username or password,1 Sign-in fails,Browser,IN
2026-08-16T20:05,u2218@contoso.example,Microsoft Teams,500121,MFA challenge failed,2 MFA problems,Mobile Apps and Desktop clients,US
2026-08-16T20:08,u2523@contoso.example,Service Desk,53000,Device not compliant,15 Compliance and PRT,Browser,IN
2026-08-16T20:18,u1729@contoso.example,Office 365 Exchange Online,500121,MFA challenge failed,2 MFA problems,Mobile Apps and Desktop clients,GB
2026-08-16T20:26,u4103@contoso.example,Azure Portal,500121,MFA challenge failed,2 MFA problems,Browser,IN
2026-08-16T20:28,u3939@contoso.example,Payroll,50074,"MFA required, not completed",2 MFA problems,Mobile Apps and Desktop clients,IN
2026-08-16T20:42,u3900@contoso.example,Payroll,65001,Consent not granted,9 Assignment and consent,Mobile Apps and Desktop clients,IN
2026-08-16T20:44,u4531@contoso.example,Microsoft Teams,500121,MFA challenge failed,2 MFA problems,Browser,SG
2026-08-16T20:47,u3700@contoso.example,SharePoint Online,53000,Device not compliant,15 Compliance and PRT,Browser,GB
2026-08-16T20:51,u4778@contoso.example,Service Desk,50074,"MFA required, not completed",2 MFA problems,Browser,IN
2026-08-16T20:51,u3087@contoso.example,Azure Portal,50126,Invalid username or password,1 Sign-in fails,Mobile Apps and Desktop clients,IN
2026-08-16T21:02,u4163@contoso.example,Payroll,50074,"MFA required, not completed",2 MFA problems,Browser,US
2026-08-16T21:12,u4608@contoso.example,Microsoft Teams,50126,Invalid username or password,1 Sign-in fails,Mobile Apps and Desktop clients,IN
2026-08-16T21:13,u2674@contoso.example,CRM,53003,Blocked by Conditional Access,3 Conditional Access,Mobile Apps and Desktop clients,DE
2026-08-16T21:15,u3797@contoso.example,SharePoint Online,50053,Account locked (smart lockout),5 Lockout loop,Mobile Apps and Desktop clients,IN
2026-08-16T21:30,u4858@contoso.example,Azure Portal,50126,Invalid username or password,1 Sign-in fails,Browser,IN
2026-08-16T21:32,u3800@contoso.example,HR Portal,50074,"MFA required, not completed",2 MFA problems,Mobile Apps and Desktop clients,US
2026-08-16T21:34,u2478@contoso.example,SharePoint Online,50126,Invalid username or password,1 Sign-in fails,Browser,IN
2026-08-16T21:43,u2667@contoso.example,Microsoft Teams,53003,Blocked by Conditional Access,3 Conditional Access,Exchange ActiveSync,IN
2026-08-16T21:50,u4811@contoso.example,Office 365 Exchange Online,50105,User not assigned to app,9 Assignment and consent,Browser,IN
2026-08-16T21:52,u1254@contoso.example,HR Portal,50158,External MFA challenge not met,2 MFA problems,Browser,GB
2026-08-16T21:54,u1361@contoso.example,Service Desk,50126,Invalid username or password,1 Sign-in fails,Browser,DE
2026-08-16T21:55,u3467@contoso.example,HR Portal,50126,Invalid username or password,1 Sign-in fails,IMAP4,IN
2026-08-16T21:59,u3524@contoso.example,CRM,50053,Account locked (smart lockout),5 Lockout loop,Mobile Apps and Desktop clients,IN
2026-08-16T22:02,u1451@contoso.example,SharePoint Online,50126,Invalid username or password,1 Sign-in fails,Mobile Apps and Desktop clients,IN
2026-08-16T22:05,u2270@contoso.example,Azure Portal,50126,Invalid username or password,1 Sign-in fails,Browser,US
2026-08-16T22:15,u1918@contoso.example,Microsoft Teams,50126,Invalid username or password,1 Sign-in fails,Mobile Apps and Desktop clients,US
2026-08-16T22:25,u4462@contoso.example,Payroll,50105,User not assigned to app,9 Assignment and consent,Browser,GB
2026-08-16T22:31,u4599@contoso.example,Service Desk,50126,Invalid username or password,1 Sign-in fails,Mobile Apps and Desktop clients,IN
2026-08-16T22:57,u1458@contoso.example,HR Portal,50053,Account locked (smart lockout),5 Lockout loop,Mobile Apps and Desktop clients,GB
2026-08-16T23:00,u3435@contoso.example,Azure Portal,70043,Sign-in frequency expired,6 Repeated prompts,Mobile Apps and Desktop clients,GB
2026-08-16T23:08,u3235@contoso.example,Service Desk,500121,MFA challenge failed,2 MFA problems,Mobile Apps and Desktop clients,IN
2026-08-16T23:13,u1366@contoso.example,SharePoint Online,50057,Account disabled,1 Sign-in fails,Browser,DE
2026-08-16T23:20,u4016@contoso.example,Payroll,65001,Consent not granted,9 Assignment and consent,Mobile Apps and Desktop clients,IN
2026-08-16T23:29,u2713@contoso.example,VPN,50053,Account locked (smart lockout),5 Lockout loop,Browser,IN
2026-08-16T23:55,u1127@contoso.example,Service Desk,500121,MFA challenge failed,2 MFA problems,Mobile Apps and Desktop clients,GB
2026-08-16T23:58,u2831@contoso.example,Office 365 Exchange Online,53003,Blocked by Conditional Access,3 Conditional Access,Mobile Apps and Desktop clients,DE
2026-08-17T00:09,u2720@contoso.example,Service Desk,500121,MFA challenge failed,2 MFA problems,Browser,IN
2026-08-17T00:24,u3808@contoso.example,Service Desk,50126,Invalid username or password,1 Sign-in fails,Browser,IN
2026-08-17T00:35,u2460@contoso.example,Payroll,500121,MFA challenge failed,2 MFA problems,Mobile Apps and Desktop clients,GB
2026-08-17T00:44,u4388@contoso.example,HR Portal,65001,Consent not granted,9 Assignment and consent,Mobile Apps and Desktop clients,IN
2026-08-17T00:45,u3071@contoso.example,Office 365 Exchange Online,500121,MFA challenge failed,2 MFA problems,Browser,US
2026-08-17T00:55,u1971@contoso.example,HR Portal,500121,MFA challenge failed,2 MFA problems,Exchange ActiveSync,US
2026-08-17T01:00,u2357@contoso.example,HR Portal,500121,MFA challenge failed,2 MFA problems,Browser,IN
2026-08-17T01:00,u4552@contoso.example,Azure Portal,50126,Invalid username or password,1 Sign-in fails,Browser,IN
2026-08-17T01:09,u2233@contoso.example,VPN,500121,MFA challenge failed,2 MFA problems,Mobile Apps and Desktop clients,GB
2026-08-17T01:14,u2017@contoso.example,Office 365 Exchange Online,50074,"MFA required, not completed",2 MFA problems,Exchange ActiveSync,IN
2026-08-17T01:18,u4614@contoso.example,SharePoint Online,70043,Sign-in frequency expired,6 Repeated prompts,Mobile Apps and Desktop clients,US
2026-08-17T01:23,u1517@contoso.example,HR Portal,53003,Blocked by Conditional Access,3 Conditional Access,Browser,IN
2026-08-17T01:27,u1199@contoso.example,Office 365 Exchange Online,50126,Invalid username or password,1 Sign-in fails,Browser,US
2026-08-17T01:48,u4819@contoso.example,Azure Portal,50105,User not assigned to app,9 Assignment and consent,Exchange ActiveSync,IN
2026-08-17T01:48,u2127@contoso.example,Office 365 Exchange Online,50126,Invalid username or password,1 Sign-in fails,Mobile Apps and Desktop clients,US
2026-08-17T01:49,u3396@contoso.example,Microsoft Teams,50126,Invalid username or password,1 Sign-in fails,Mobile Apps and Desktop clients,GB
2026-08-17T01:50,u2647@contoso.example,Office 365 Exchange Online,50055,Password expired,1 Sign-in fails,Browser,SG
2026-08-17T01:53,u4901@contoso.example,Office 365 Exchange Online,50126,Invalid username or password,1 Sign-in fails,Browser,IN
2026-08-17T02:28,u3830@contoso.example,HR Portal,50126,Invalid username or password,1 Sign-in fails,Mobile Apps and Desktop clients,IN
2026-08-17T02:33,u4972@contoso.example,Service Desk,53003,Blocked by Conditional Access,3 Conditional Access,Browser,IN
2026-08-17T02:50,u1295@contoso.example,Azure Portal,50105,User not assigned to app,9 Assignment and consent,Mobile Apps and Desktop clients,IN
2026-08-17T03:04,u2641@contoso.example,Microsoft Teams,50126,Invalid username or password,1 Sign-in fails,Browser,IN
2026-08-17T03:08,u2094@contoso.example,Azure Portal,50126,Invalid username or password,1 Sign-in fails,Browser,SG
2026-08-17T03:22,u4658@contoso.example,SharePoint Online,50105,User not assigned to app,9 Assignment and consent,Browser,IN
2026-08-17T03:22,u3326@contoso.example,Microsoft Teams,53000,Device not compliant,15 Compliance and PRT,Mobile Apps and Desktop clients,IN
2026-08-17T03:26,u3469@contoso.example,CRM,53000,Device not compliant,15 Compliance and PRT,Browser,DE
2026-08-17T03:29,u1177@contoso.example,Azure Portal,50105,User not assigned to app,9 Assignment and consent,Mobile Apps and Desktop clients,US
2026-08-17T03:33,u2554@contoso.example,Azure Portal,50126,Invalid username or password,1 Sign-in fails,Browser,IN
2026-08-17T03:42,u4890@contoso.example,CRM,53003,Blocked by Conditional Access,3 Conditional Access,Mobile Apps and Desktop clients,US
2026-08-17T03:47,u4555@contoso.example,Microsoft Teams,50126,Invalid username or password,1 Sign-in fails,Mobile Apps and Desktop clients,IN
2026-08-17T04:05,u1924@contoso.example,SharePoint Online,500121,MFA challenge failed,2 MFA problems,Browser,IN
2026-08-17T04:10,u2724@contoso.example,CRM,500121,MFA challenge failed,2 MFA problems,Mobile Apps and Desktop clients,IN
2026-08-17T04:29,u2592@contoso.example,Office 365 Exchange Online,50105,User not assigned to app,9 Assignment and consent,Mobile Apps and Desktop clients,IN
2026-08-17T04:49,u1199@contoso.example,Service Desk,53003,Blocked by Conditional Access,3 Conditional Access,Browser,US
2026-08-17T04:49,u3652@contoso.example,Office 365 Exchange Online,50057,Account disabled,1 Sign-in fails,Mobile Apps and Desktop clients,IN
2026-08-17T04:52,u4576@contoso.example,VPN,50126,Invalid username or password,1 Sign-in fails,Mobile Apps and Desktop clients,IN
2026-08-17T04:57,u2948@contoso.example,Azure Portal,50011,Reply URL mismatch,7 App authentication,IMAP4,IN
2026-08-17T05:01,u4378@contoso.example,CRM,50126,Invalid username or password,1 Sign-in fails,Mobile Apps and Desktop clients,GB
2026-08-17T05:12,u3363@contoso.example,Microsoft Teams,50126,Invalid username or password,1 Sign-in fails,Mobile Apps and Desktop clients,IN
2026-08-17T05:20,u3890@contoso.example,CRM,50053,Account locked (smart lockout),5 Lockout loop,Browser,DE
2026-08-17T05:33,u4078@contoso.example,Service Desk,50126,Invalid username or password,1 Sign-in fails,Exchange ActiveSync,IN
2026-08-17T05:53,u4676@contoso.example,HR Portal,50126,Invalid username or password,1 Sign-in fails,Browser,IN
2026-08-17T06:01,u2385@contoso.example,Microsoft Teams,53000,Device not compliant,15 Compliance and PRT,Browser,GB
2026-08-17T06:05,u1525@contoso.example,HR Portal,65001,Consent not granted,9 Assignment and consent,Browser,US
2026-08-17T06:14,u1367@contoso.example,CRM,53003,Blocked by Conditional Access,3 Conditional Access,Mobile Apps and Desktop clients,SG
2026-08-17T06:17,u2888@contoso.example,CRM,50053,Account locked (smart lockout),5 Lockout loop,Mobile Apps and Desktop clients,IN
2026-08-17T06:19,u1336@contoso.example,Payroll,50126,Invalid username or password,1 Sign-in fails,Mobile Apps and Desktop clients,US
2026-08-17T06:23,u4972@contoso.example,VPN,70043,Sign-in frequency expired,6 Repeated prompts,Mobile Apps and Desktop clients,GB
2026-08-17T06:24,u2586@contoso.example,Service Desk,65001,Consent not granted,9 Assignment and consent,Browser,IN
2026-08-17T06:30,u3709@contoso.example,Azure Portal,50126,Invalid username or password,1 Sign-in fails,Browser,US
2026-08-17T06:32,u2918@contoso.example,VPN,53003,Blocked by Conditional Access,3 Conditional Access,Browser,IN
2026-08-17T06:35,u1504@contoso.example,SharePoint Online,50126,Invalid username or password,1 Sign-in fails,Mobile Apps and Desktop clients,IN
2026-08-17T06:38,u2944@contoso.example,Azure Portal,50126,Invalid username or password,1 Sign-in fails,Mobile Apps and Desktop clients,IN
2026-08-17T06:45,u2274@contoso.example,Payroll,65001,Consent not granted,9 Assignment and consent,Mobile Apps and Desktop clients,IN
2026-08-17T06:59,u2584@contoso.example,SharePoint Online,50105,User not assigned to app,9 Assignment and consent,Mobile Apps and Desktop clients,GB
2026-08-17T07:02,u2254@contoso.example,SharePoint Online,50126,Invalid username or password,1 Sign-in fails,Browser,IN
2026-08-17T07:17,u4235@contoso.example,HR Portal,50126,Invalid username or password,1 Sign-in fails,Mobile Apps and Desktop clients,IN
2026-08-17T07:21,u1031@contoso.example,SharePoint Online,53000,Device not compliant,15 Compliance and PRT,Browser,IN
2026-08-17T07:25,u2818@contoso.example,Office 365 Exchange Online,50074,"MFA required, not completed",2 MFA problems,Exchange ActiveSync,IN
2026-08-17T07:35,u2861@contoso.example,Payroll,50126,Invalid username or password,1 Sign-in fails,Mobile Apps and Desktop clients,GB
2026-08-17T07:51,u4898@contoso.example,Payroll,50105,User not assigned to app,9 Assignment and consent,Browser,US
2026-08-17T07:56,u1742@contoso.example,HR Portal,50074,"MFA required, not completed",2 MFA problems,Mobile Apps and Desktop clients,IN
2026-08-17T08:13,u4692@contoso.example,Microsoft Teams,53003,Blocked by Conditional Access,3 Conditional Access,Browser,IN
2026-08-17T08:14,u2964@contoso.example,Payroll,53000,Device not compliant,15 Compliance and PRT,Mobile Apps and Desktop clients,IN
2026-08-17T08:16,u4939@contoso.example,Payroll,53003,Blocked by Conditional Access,3 Conditional Access,Browser,IN
2026-08-17T08:20,u4520@contoso.example,Azure Portal,50105,User not assigned to app,9 Assignment and consent,Mobile Apps and Desktop clients,US
2026-08-17T08:22,u4619@contoso.example,HR Portal,500121,MFA challenge failed,2 MFA problems,Browser,IN
2026-08-17T08:24,u2263@contoso.example,Service Desk,500121,MFA challenge failed,2 MFA problems,Browser,DE
2026-08-17T08:24,u2992@contoso.example,Microsoft Teams,50126,Invalid username or password,1 Sign-in fails,Mobile Apps and Desktop clients,IN
2026-08-17T08:39,u1550@contoso.example,VPN,50053,Account locked (smart lockout),5 Lockout loop,Mobile Apps and Desktop clients,IN
2026-08-17T08:45,u2631@contoso.example,Azure Portal,50126,Invalid username or password,1 Sign-in fails,Browser,IN
2026-08-17T09:07,u4118@contoso.example,Service Desk,50053,Account locked (smart lockout),5 Lockout loop,Browser,IN
2026-08-17T09:31,u2372@contoso.example,Azure Portal,50053,Account locked (smart lockout),5 Lockout loop,Mobile Apps and Desktop clients,IN
2026-08-17T09:36,u4094@contoso.example,Azure Portal,53003,Blocked by Conditional Access,3 Conditional Access,Browser,US
2026-08-17T09:41,u2025@contoso.example,Microsoft Teams,50126,Invalid username or password,1 Sign-in fails,Browser,DE
2026-08-17T09:42,u3308@contoso.example,Service Desk,50011,Reply URL mismatch,7 App authentication,Mobile Apps and Desktop clients,GB
2026-08-17T09:47,u1726@contoso.example,CRM,53003,Blocked by Conditional Access,3 Conditional Access,Mobile Apps and Desktop clients,IN
2026-08-17T09:51,u4793@contoso.example,Azure Portal,50053,Account locked (smart lockout),5 Lockout loop,Browser,DE
2026-08-17T10:10,u4228@contoso.example,Payroll,50074,"MFA required, not completed",2 MFA problems,Browser,IN
2026-08-17T10:16,u1975@contoso.example,VPN,50126,Invalid username or password,1 Sign-in fails,Mobile Apps and Desktop clients,IN
2026-08-17T10:18,u4308@contoso.example,Payroll,50055,Password expired,1 Sign-in fails,Mobile Apps and Desktop clients,SG
2026-08-17T10:40,u4113@contoso.example,Office 365 Exchange Online,50126,Invalid username or password,1 Sign-in fails,Browser,IN
2026-08-17T10:43,u4043@contoso.example,Payroll,50055,Password expired,1 Sign-in fails,Mobile Apps and Desktop clients,IN
2026-08-17T10:44,u4738@contoso.example,HR Portal,500121,MFA challenge failed,2 MFA problems,Browser,IN
2026-08-17T10:49,u3118@contoso.example,Office 365 Exchange Online,500121,MFA challenge failed,2 MFA problems,Mobile Apps and Desktop clients,IN
2026-08-17T10:50,u3083@contoso.example,HR Portal,53003,Blocked by Conditional Access,3 Conditional Access,Browser,IN
2026-08-17T10:50,u4234@contoso.example,Azure Portal,50126,Invalid username or password,1 Sign-in fails,IMAP4,IN
2026-08-17T10:50,u3918@contoso.example,Payroll,50126,Invalid username or password,1 Sign-in fails,Mobile Apps and Desktop clients,IN
2026-08-17T10:58,u1651@contoso.example,HR Portal,50126,Invalid username or password,1 Sign-in fails,Mobile Apps and Desktop clients,US
2026-08-17T10:59,u3819@contoso.example,Microsoft Teams,500121,MFA challenge failed,2 MFA problems,Browser,US
2026-08-17T11:01,u2573@contoso.example,Service Desk,500121,MFA challenge failed,2 MFA problems,Mobile Apps and Desktop clients,IN
2026-08-17T11:02,u4377@contoso.example,Azure Portal,50074,"MFA required, not completed",2 MFA problems,Browser,US
2026-08-17T11:03,u1955@contoso.example,Service Desk,53003,Blocked by Conditional Access,3 Conditional Access,Browser,US
2026-08-17T11:11,u4365@contoso.example,VPN,50055,Password expired,1 Sign-in fails,Mobile Apps and Desktop clients,IN
2026-08-17T11:24,u2952@contoso.example,Azure Portal,50055,Password expired,1 Sign-in fails,Mobile Apps and Desktop clients,GB
2026-08-17T11:26,u3102@contoso.example,Microsoft Teams,500121,MFA challenge failed,2 MFA problems,Browser,IN
2026-08-17T11:32,u4800@contoso.example,Payroll,50105,User not assigned to app,9 Assignment and consent,Browser,IN
2026-08-17T11:42,u2392@contoso.example,Payroll,50126,Invalid username or password,1 Sign-in fails,Mobile Apps and Desktop clients,US
2026-08-17T11:58,u1392@contoso.example,Payroll,50053,Account locked (smart lockout),5 Lockout loop,Mobile Apps and Desktop clients,GB
2026-08-17T12:08,u1406@contoso.example,VPN,50126,Invalid username or password,1 Sign-in fails,Mobile Apps and Desktop clients,SG
2026-08-17T12:11,u3923@contoso.example,Service Desk,50055,Password expired,1 Sign-in fails,Browser,US
2026-08-17T12:11,u1931@contoso.example,CRM,50126,Invalid username or password,1 Sign-in fails,Browser,US
2026-08-17T12:17,u1040@contoso.example,Microsoft Teams,90072,Guest account not in tenant,22 Guest access,Browser,US
2026-08-17T12:29,u1150@contoso.example,Service Desk,90072,Guest account not in tenant,22 Guest access,Browser,US
2026-08-17T12:41,u3302@contoso.example,Service Desk,53000,Device not compliant,15 Compliance and PRT,Browser,IN
2026-08-17T12:54,u4086@contoso.example,Azure Portal,500121,MFA challenge failed,2 MFA problems,Mobile Apps and Desktop clients,IN
2026-08-17T12:57,u4624@contoso.example,Microsoft Teams,50126,Invalid username or password,1 Sign-in fails,Browser,IN
2026-08-17T12:59,u2605@contoso.example,SharePoint Online,50126,Invalid username or password,1 Sign-in fails,Mobile Apps and Desktop clients,US
2026-08-17T13:00,u4518@contoso.example,Service Desk,500121,MFA challenge failed,2 MFA problems,Browser,GB
2026-08-17T13:11,u2579@contoso.example,CRM,50126,Invalid username or password,1 Sign-in fails,Mobile Apps and Desktop clients,IN
2026-08-17T13:14,u3877@contoso.example,HR Portal,50053,Account locked (smart lockout),5 Lockout loop,Mobile Apps and Desktop clients,GB
2026-08-17T13:16,u4994@contoso.example,HR Portal,50126,Invalid username or password,1 Sign-in fails,Browser,US
2026-08-17T13:21,u1066@contoso.example,Service Desk,50126,Invalid username or password,1 Sign-in fails,Mobile Apps and Desktop clients,IN
2026-08-17T13:26,u3056@contoso.example,Office 365 Exchange Online,50126,Invalid username or password,1 Sign-in fails,Mobile Apps and Desktop clients,GB
2026-08-17T13:30,u4366@contoso.example,CRM,50126,Invalid username or password,1 Sign-in fails,Exchange ActiveSync,IN
2026-08-17T13:33,u1190@contoso.example,Payroll,50126,Invalid username or password,1 Sign-in fails,Mobile Apps and Desktop clients,DE
2026-08-17T13:47,u2167@contoso.example,HR Portal,50126,Invalid username or password,1 Sign-in fails,Browser,IN
2026-08-17T13:48,u4171@contoso.example,Azure Portal,50126,Invalid username or password,1 Sign-in fails,Mobile Apps and Desktop clients,US
2026-08-17T13:50,u2018@contoso.example,Office 365 Exchange Online,50126,Invalid username or password,1 Sign-in fails,Browser,DE
2026-08-17T14:05,u3442@contoso.example,SharePoint Online,53003,Blocked by Conditional Access,3 Conditional Access,Browser,US
2026-08-17T14:41,u1466@contoso.example,HR Portal,53000,Device not compliant,15 Compliance and PRT,Mobile Apps and Desktop clients,IN
2026-08-17T14:59,u2918@contoso.example,Payroll,50126,Invalid username or password,1 Sign-in fails,Browser,IN
2026-08-17T15:04,u1875@contoso.example,Microsoft Teams,53003,Blocked by Conditional Access,3 Conditional Access,Mobile Apps and Desktop clients,IN
2026-08-17T15:08,u3755@contoso.example,Azure Portal,50126,Invalid username or password,1 Sign-in fails,Browser,GB
2026-08-17T15:20,u4092@contoso.example,SharePoint Online,50053,Account locked (smart lockout),5 Lockout loop,Browser,IN
2026-08-17T15:21,u2491@contoso.example,Payroll,50057,Account disabled,1 Sign-in fails,Browser,IN
2026-08-17T15:22,u1070@contoso.example,CRM,50105,User not assigned to app,9 Assignment and consent,Mobile Apps and Desktop clients,US
2026-08-17T15:24,u3061@contoso.example,VPN,53003,Blocked by Conditional Access,3 Conditional Access,Browser,DE
2026-08-17T15:36,u3174@contoso.example,Payroll,500121,MFA challenge failed,2 MFA problems,Mobile Apps and Desktop clients,GB
2026-08-17T15:44,u4353@contoso.example,HR Portal,50011,Reply URL mismatch,7 App authentication,Browser,IN
2026-08-17T15:58,u3372@contoso.example,Azure Portal,50126,Invalid username or password,1 Sign-in fails,Mobile Apps and Desktop clients,US
2026-08-17T16:26,u4879@contoso.example,Office 365 Exchange Online,53000,Device not compliant,15 Compliance and PRT,Browser,GB
2026-08-17T16:28,u1623@contoso.example,SharePoint Online,50074,"MFA required, not completed",2 MFA problems,Exchange ActiveSync,GB
2026-08-17T16:31,u2586@contoso.example,Service Desk,50053,Account locked (smart lockout),5 Lockout loop,Mobile Apps and Desktop clients,IN
2026-08-17T16:33,u4963@contoso.example,VPN,50074,"MFA required, not completed",2 MFA problems,Mobile Apps and Desktop clients,GB
2026-08-17T16:36,u3780@contoso.example,VPN,50053,Account locked (smart lockout),5 Lockout loop,Mobile Apps and Desktop clients,IN
2026-08-17T16:40,u3073@contoso.example,SharePoint Online,500121,MFA challenge failed,2 MFA problems,Browser,IN
2026-08-17T16:42,u3220@contoso.example,Office 365 Exchange Online,53000,Device not compliant,15 Compliance and PRT,Mobile Apps and Desktop clients,IN
2026-08-17T16:58,u1205@contoso.example,VPN,500121,MFA challenge failed,2 MFA problems,Browser,IN
2026-08-17T17:02,u3035@contoso.example,Office 365 Exchange Online,50126,Invalid username or password,1 Sign-in fails,Mobile Apps and Desktop clients,IN
2026-08-17T17:14,u4785@contoso.example,Payroll,53003,Blocked by Conditional Access,3 Conditional Access,Browser,IN
2026-08-17T17:23,u4691@contoso.example,Azure Portal,65001,Consent not granted,9 Assignment and consent,Mobile Apps and Desktop clients,DE
2026-08-17T17:36,u1644@contoso.example,Service Desk,50074,"MFA required, not completed",2 MFA problems,Mobile Apps and Desktop clients,DE
2026-08-17T17:36,u3604@contoso.example,Microsoft Teams,70043,Sign-in frequency expired,6 Repeated prompts,Browser,US
2026-08-17T17:40,u3699@contoso.example,Service Desk,53000,Device not compliant,15 Compliance and PRT,Mobile Apps and Desktop clients,IN
2026-08-17T17:47,u1104@contoso.example,VPN,50074,"MFA required, not completed",2 MFA problems,Browser,US
2026-08-17T18:16,u4775@contoso.example,Service Desk,50053,Account locked (smart lockout),5 Lockout loop,Mobile Apps and Desktop clients,SG
2026-08-17T18:20,u1903@contoso.example,Service Desk,50126,Invalid username or password,1 Sign-in fails,Browser,DE
2026-08-17T18:39,u3123@contoso.example,Office 365 Exchange Online,500121,MFA challenge failed,2 MFA problems,Browser,GB
2026-08-17T18:39,u1607@contoso.example,CRM,53003,Blocked by Conditional Access,3 Conditional Access,Browser,IN
2026-08-17T18:45,u1313@contoso.example,Microsoft Teams,50126,Invalid username or password,1 Sign-in fails,Mobile Apps and Desktop clients,GB
2026-08-17T18:54,u4342@contoso.example,Payroll,53003,Blocked by Conditional Access,3 Conditional Access,IMAP4,DE
2026-08-17T18:54,u4751@contoso.example,Service Desk,50053,Account locked (smart lockout),5 Lockout loop,Mobile Apps and Desktop clients,IN
2026-08-17T18:58,u3962@contoso.example,SharePoint Online,50074,"MFA required, not completed",2 MFA problems,Browser,DE
2026-08-17T19:07,u2862@contoso.example,CRM,53003,Blocked by Conditional Access,3 Conditional Access,Browser,IN
2026-08-17T19:07,u4253@contoso.example,Office 365 Exchange Online,50057,Account disabled,1 Sign-in fails,Mobile Apps and Desktop clients,IN
2026-08-17T19:43,u2011@contoso.example,VPN,50126,Invalid username or password,1 Sign-in fails,Exchange ActiveSync,SG
2026-08-17T19:44,u4315@contoso.example,VPN,500121,MFA challenge failed,2 MFA problems,Mobile Apps and Desktop clients,DE
2026-08-17T19:50,u4052@contoso.example,HR Portal,53000,Device not compliant,15 Compliance and PRT,Browser,GB
2026-08-17T19:53,u4308@contoso.example,SharePoint Online,53003,Blocked by Conditional Access,3 Conditional Access,Browser,US
2026-08-17T20:00,u3760@contoso.example,CRM,50074,"MFA required, not completed",2 MFA problems,Browser,IN
2026-08-17T20:11,u2448@contoso.example,Payroll,50126,Invalid username or password,1 Sign-in fails,Browser,IN
2026-08-17T20:22,u3290@contoso.example,Payroll,500121,MFA challenge failed,2 MFA problems,Browser,SG
2026-08-17T20:29,u1280@contoso.example,SharePoint Online,500121,MFA challenge failed,2 MFA problems,Mobile Apps and Desktop clients,US
2026-08-17T20:34,u2292@contoso.example,SharePoint Online,50074,"MFA required, not completed",2 MFA problems,Mobile Apps and Desktop clients,IN
2026-08-17T20:39,u4756@contoso.example,Azure Portal,50126,Invalid username or password,1 Sign-in fails,Browser,US
2026-08-17T20:47,u4863@contoso.example,Microsoft Teams,50074,"MFA required, not completed",2 MFA problems,Browser,IN
2026-08-17T20:55,u3311@contoso.example,CRM,50126,Invalid username or password,1 Sign-in fails,IMAP4,IN
2026-08-17T21:02,u3138@contoso.example,Service Desk,50126,Invalid username or password,1 Sign-in fails,Mobile Apps and Desktop clients,IN
2026-08-17T21:10,u4765@contoso.example,HR Portal,53003,Blocked by Conditional Access,3 Conditional Access,Browser,DE
2026-08-17T21:11,u2225@contoso.example,Microsoft Teams,53003,Blocked by Conditional Access,3 Conditional Access,Mobile Apps and Desktop clients,US
2026-08-17T21:13,u3667@contoso.example,CRM,50105,User not assigned to app,9 Assignment and consent,Browser,IN
2026-08-17T21:13,u1611@contoso.example,Microsoft Teams,53000,Device not compliant,15 Compliance and PRT,Browser,IN
2026-08-17T21:14,u3746@contoso.example,Payroll,50055,Password expired,1 Sign-in fails,Browser,US
2026-08-17T21:15,u3328@contoso.example,CRM,50011,Reply URL mismatch,7 App authentication,Mobile Apps and Desktop clients,IN
2026-08-17T21:28,u4901@contoso.example,CRM,50053,Account locked (smart lockout),5 Lockout loop,Browser,IN
2026-08-17T21:30,u3127@contoso.example,Service Desk,50105,User not assigned to app,9 Assignment and consent,Browser,IN
2026-08-17T21:39,u2899@contoso.example,Office 365 Exchange Online,500121,MFA challenge failed,2 MFA problems,Browser,GB
2026-08-17T21:48,u1377@contoso.example,Payroll,53003,Blocked by Conditional Access,3 Conditional Access,Exchange ActiveSync,GB
2026-08-17T22:16,u1467@contoso.example,Service Desk,70043,Sign-in frequency expired,6 Repeated prompts,Browser,US
2026-08-17T22:17,u1594@contoso.example,VPN,53003,Blocked by Conditional Access,3 Conditional Access,Browser,IN
2026-08-17T22:26,u4068@contoso.example,Service Desk,53000,Device not compliant,15 Compliance and PRT,Mobile Apps and Desktop clients,DE
2026-08-17T22:30,u4753@contoso.example,Azure Portal,50074,"MFA required, not completed",2 MFA problems,Browser,IN
2026-08-17T22:39,u2495@contoso.example,Azure Portal,53003,Blocked by Conditional Access,3 Conditional Access,Browser,IN
2026-08-17T22:43,u4639@contoso.example,Microsoft Teams,50126,Invalid username or password,1 Sign-in fails,Browser,IN
2026-08-17T22:43,u3446@contoso.example,HR Portal,53000,Device not compliant,15 Compliance and PRT,Mobile Apps and Desktop clients,IN
2026-08-17T22:44,u1950@contoso.example,Azure Portal,50126,Invalid username or password,1 Sign-in fails,Browser,IN
2026-08-17T22:47,u3929@contoso.example,Azure Portal,50126,Invalid username or password,1 Sign-in fails,Browser,US
2026-08-17T22:51,u3204@contoso.example,SharePoint Online,50126,Invalid username or password,1 Sign-in fails,Mobile Apps and Desktop clients,IN
2026-08-17T22:52,u3618@contoso.example,HR Portal,50105,User not assigned to app,9 Assignment and consent,Mobile Apps and Desktop clients,DE
2026-08-17T22:52,u1921@contoso.example,Microsoft Teams,70043,Sign-in frequency expired,6 Repeated prompts,Mobile Apps and Desktop clients,US
2026-08-17T22:54,u3657@contoso.example,VPN,50126,Invalid username or password,1 Sign-in fails,Browser,GB
2026-08-17T23:01,u4325@contoso.example,SharePoint Online,50126,Invalid username or password,1 Sign-in fails,Mobile Apps and Desktop clients,US
2026-08-17T23:03,u1896@contoso.example,Service Desk,50053,Account locked (smart lockout),5 Lockout loop,Browser,IN
2026-08-17T23:16,u3916@contoso.example,SharePoint Online,50074,"MFA required, not completed",2 MFA problems,Browser,IN
2026-08-17T23:22,u1591@contoso.example,Microsoft Teams,50074,"MFA required, not completed",2 MFA problems,Mobile Apps and Desktop clients,US
2026-08-17T23:24,u3998@contoso.example,CRM,500121,MFA challenge failed,2 MFA problems,Mobile Apps and Desktop clients,IN
2026-08-17T23:31,u4891@contoso.example,Office 365 Exchange Online,50126,Invalid username or password,1 Sign-in fails,Mobile Apps and Desktop clients,GB
2026-08-17T23:34,u2573@contoso.example,CRM,90072,Guest account not in tenant,22 Guest access,Browser,SG
2026-08-17T23:39,u3461@contoso.example,VPN,50126,Invalid username or password,1 Sign-in fails,Browser,IN
2026-08-17T23:44,u2038@contoso.example,Office 365 Exchange Online,53003,Blocked by Conditional Access,3 Conditional Access,Browser,IN
2026-08-17T23:56,u1096@contoso.example,VPN,50053,Account locked (smart lockout),5 Lockout loop,Browser,IN
2026-08-17T23:56,u1066@contoso.example,Azure Portal,90072,Guest account not in tenant,22 Guest access,IMAP4,SG
2026-08-18T00:05,u2703@contoso.example,Payroll,90072,Guest account not in tenant,22 Guest access,Mobile Apps and Desktop clients,GB
2026-08-18T00:14,u3288@contoso.example,Microsoft Teams,50126,Invalid username or password,1 Sign-in fails,Browser,SG
2026-08-18T00:22,u3152@contoso.example,CRM,50126,Invalid username or password,1 Sign-in fails,Mobile Apps and Desktop clients,IN
2026-08-18T00:37,u2042@contoso.example,Payroll,50074,"MFA required, not completed",2 MFA problems,Browser,GB
2026-08-18T00:42,u3514@contoso.example,Azure Portal,50126,Invalid username or password,1 Sign-in fails,Mobile Apps and Desktop clients,US
2026-08-18T00:45,u3299@contoso.example,Service Desk,50158,External MFA challenge not met,2 MFA problems,Browser,IN
2026-08-18T00:47,u3012@contoso.example,Azure Portal,53003,Blocked by Conditional Access,3 Conditional Access,Exchange ActiveSync,DE
2026-08-18T00:47,u1020@contoso.example,CRM,50074,"MFA required, not completed",2 MFA problems,Browser,IN
2026-08-18T00:47,u1047@contoso.example,CRM,50011,Reply URL mismatch,7 App authentication,Mobile Apps and Desktop clients,IN
2026-08-18T00:47,u3012@contoso.example,Service Desk,50126,Invalid username or password,1 Sign-in fails,Mobile Apps and Desktop clients,IN
2026-08-18T00:50,u2225@contoso.example,VPN,500121,MFA challenge failed,2 MFA problems,Browser,IN
2026-08-18T00:50,u3517@contoso.example,Microsoft Teams,50126,Invalid username or password,1 Sign-in fails,Browser,US
2026-08-18T00:57,u4443@contoso.example,Payroll,50126,Invalid username or password,1 Sign-in fails,Mobile Apps and Desktop clients,US
2026-08-18T01:00,u2242@contoso.example,Service Desk,50053,Account locked (smart lockout),5 Lockout loop,Browser,GB
2026-08-18T01:01,u1650@contoso.example,Microsoft Teams,500121,MFA challenge failed,2 MFA problems,Mobile Apps and Desktop clients,US
2026-08-18T01:08,u2918@contoso.example,Office 365 Exchange Online,500121,MFA challenge failed,2 MFA problems,Mobile Apps and Desktop clients,IN
2026-08-18T01:30,u1853@contoso.example,Service Desk,50053,Account locked (smart lockout),5 Lockout loop,Browser,US
2026-08-18T01:31,u1068@contoso.example,Payroll,50074,"MFA required, not completed",2 MFA problems,Mobile Apps and Desktop clients,IN
2026-08-18T01:33,u4530@contoso.example,HR Portal,50074,"MFA required, not completed",2 MFA problems,Browser,IN
2026-08-18T01:45,u3302@contoso.example,CRM,500121,MFA challenge failed,2 MFA problems,Browser,IN
2026-08-18T01:48,u4590@contoso.example,Service Desk,53000,Device not compliant,15 Compliance and PRT,Mobile Apps and Desktop clients,US
2026-08-18T01:51,u3566@contoso.example,Payroll,50053,Account locked (smart lockout),5 Lockout loop,Mobile Apps and Desktop clients,US
2026-08-18T02:06,u1659@contoso.example,Microsoft Teams,50053,Account locked (smart lockout),5 Lockout loop,Mobile Apps and Desktop clients,DE
2026-08-18T02:36,u4779@contoso.example,Office 365 Exchange Online,53000,Device not compliant,15 Compliance and PRT,Browser,SG
2026-08-18T02:50,u4185@contoso.example,SharePoint Online,53003,Blocked by Conditional Access,3 Conditional Access,Browser,IN
2026-08-18T02:54,u2494@contoso.example,Azure Portal,500121,MFA challenge failed,2 MFA problems,Browser,IN
2026-08-18T03:03,u2536@contoso.example,Service Desk,50126,Invalid username or password,1 Sign-in fails,Mobile Apps and Desktop clients,US
2026-08-18T03:08,u4276@contoso.example,CRM,65001,Consent not granted,9 Assignment and consent,Mobile Apps and Desktop clients,US
2026-08-18T03:11,u1753@contoso.example,Payroll,50126,Invalid username or password,1 Sign-in fails,Browser,GB
2026-08-18T03:12,u4488@contoso.example,VPN,50053,Account locked (smart lockout),5 Lockout loop,Browser,IN
2026-08-18T03:28,u4142@contoso.example,Office 365 Exchange Online,53003,Blocked by Conditional Access,3 Conditional Access,Mobile Apps and Desktop clients,IN
2026-08-18T03:40,u4332@contoso.example,Office 365 Exchange Online,50053,Account locked (smart lockout),5 Lockout loop,Browser,IN
2026-08-18T03:46,u4235@contoso.example,Office 365 Exchange Online,53003,Blocked by Conditional Access,3 Conditional Access,Browser,US
2026-08-18T03:50,u1095@contoso.example,HR Portal,50074,"MFA required, not completed",2 MFA problems,Browser,DE
2026-08-18T04:07,u4169@contoso.example,Azure Portal,50074,"MFA required, not completed",2 MFA problems,Mobile Apps and Desktop clients,IN
2026-08-18T04:11,u3462@contoso.example,VPN,500121,MFA challenge failed,2 MFA problems,Browser,GB
2026-08-18T04:12,u4142@contoso.example,HR Portal,50126,Invalid username or password,1 Sign-in fails,Exchange ActiveSync,IN
2026-08-18T04:19,u2538@contoso.example,Microsoft Teams,500121,MFA challenge failed,2 MFA problems,Mobile Apps and Desktop clients,US
2026-08-18T04:25,u1642@contoso.example,SharePoint Online,500121,MFA challenge failed,2 MFA problems,Browser,IN
2026-08-18T04:27,u1338@contoso.example,Microsoft Teams,70043,Sign-in frequency expired,6 Repeated prompts,Mobile Apps and Desktop clients,GB
2026-08-18T04:29,u4079@contoso.example,CRM,50053,Account locked (smart lockout),5 Lockout loop,Browser,IN
2026-08-18T04:34,u1510@contoso.example,Service Desk,50053,Account locked (smart lockout),5 Lockout loop,Browser,IN
2026-08-18T04:35,u3336@contoso.example,Azure Portal,90072,Guest account not in tenant,22 Guest access,Browser,IN
2026-08-18T04:38,u3616@contoso.example,Microsoft Teams,50126,Invalid username or password,1 Sign-in fails,Exchange ActiveSync,DE
2026-08-18T04:39,u3526@contoso.example,VPN,500121,MFA challenge failed,2 MFA problems,Mobile Apps and Desktop clients,IN
2026-08-18T04:47,u2352@contoso.example,CRM,50011,Reply URL mismatch,7 App authentication,Mobile Apps and Desktop clients,US
2026-08-18T04:51,u4544@contoso.example,CRM,500121,MFA challenge failed,2 MFA problems,Mobile Apps and Desktop clients,DE
2026-08-18T05:01,u2115@contoso.example,Service Desk,500121,MFA challenge failed,2 MFA problems,Mobile Apps and Desktop clients,IN
2026-08-18T05:06,u2678@contoso.example,Office 365 Exchange Online,53000,Device not compliant,15 Compliance and PRT,Browser,IN
2026-08-18T05:16,u1903@contoso.example,Service Desk,50055,Password expired,1 Sign-in fails,Browser,US
2026-08-18T05:25,u4965@contoso.example,CRM,50053,Account locked (smart lockout),5 Lockout loop,Mobile Apps and Desktop clients,GB
2026-08-18T05:26,u2496@contoso.example,Microsoft Teams,50055,Password expired,1 Sign-in fails,Mobile Apps and Desktop clients,IN
2026-08-18T05:28,u4353@contoso.example,Payroll,70043,Sign-in frequency expired,6 Repeated prompts,Mobile Apps and Desktop clients,US
2026-08-18T05:28,u2739@contoso.example,SharePoint Online,50053,Account locked (smart lockout),5 Lockout loop,Mobile Apps and Desktop clients,IN
2026-08-18T05:30,u4173@contoso.example,Payroll,70043,Sign-in frequency expired,6 Repeated prompts,Mobile Apps and Desktop clients,IN
2026-08-18T05:39,u2438@contoso.example,Payroll,500121,MFA challenge failed,2 MFA problems,Browser,GB
2026-08-18T05:46,u1061@contoso.example,SharePoint Online,50074,"MFA required, not completed",2 MFA problems,Browser,IN
2026-08-18T06:04,u4687@contoso.example,Payroll,7000222,Client secret expired,7 App authentication,Mobile Apps and Desktop clients,IN
2026-08-18T06:06,u2972@contoso.example,Payroll,7000222,Client secret expired,7 App authentication,Browser,GB
2026-08-18T06:07,u3774@contoso.example,SharePoint Online,50126,Invalid username or password,1 Sign-in fails,Mobile Apps and Desktop clients,IN
2026-08-18T06:07,u3912@contoso.example,Payroll,7000222,Client secret expired,7 App authentication,Browser,IN
2026-08-18T06:07,u3894@contoso.example,Payroll,7000222,Client secret expired,7 App authentication,Mobile Apps and Desktop clients,IN
2026-08-18T06:08,u2018@contoso.example,Payroll,7000222,Client secret expired,7 App authentication,Mobile Apps and Desktop clients,GB
2026-08-18T06:10,u2703@contoso.example,Payroll,7000222,Client secret expired,7 App authentication,Mobile Apps and Desktop clients,IN
2026-08-18T06:15,u1867@contoso.example,Payroll,7000222,Client secret expired,7 App authentication,Exchange ActiveSync,SG
2026-08-18T06:18,u3891@contoso.example,Service Desk,50053,Account locked (smart lockout),5 Lockout loop,Browser,IN
2026-08-18T06:19,u3624@contoso.example,Payroll,7000222,Client secret expired,7 App authentication,Browser,IN
2026-08-18T06:23,u2278@contoso.example,Payroll,7000222,Client secret expired,7 App authentication,Mobile Apps and Desktop clients,GB
2026-08-18T06:34,u4896@contoso.example,Payroll,7000222,Client secret expired,7 App authentication,Mobile Apps and Desktop clients,US
2026-08-18T06:40,u4637@contoso.example,Payroll,7000222,Client secret expired,7 App authentication,Browser,IN
2026-08-18T06:42,u1004@contoso.example,Payroll,7000222,Client secret expired,7 App authentication,Mobile Apps and Desktop clients,SG
2026-08-18T06:44,u3476@contoso.example,Payroll,7000222,Client secret expired,7 App authentication,Browser,IN
2026-08-18T06:48,u2487@contoso.example,Payroll,7000222,Client secret expired,7 App authentication,Browser,IN
2026-08-18T06:48,u2240@contoso.example,Payroll,50057,Account disabled,1 Sign-in fails,Browser,DE
2026-08-18T06:52,u2188@contoso.example,HR Portal,50126,Invalid username or password,1 Sign-in fails,Browser,US
2026-08-18T06:53,u4943@contoso.example,Payroll,7000222,Client secret expired,7 App authentication,Mobile Apps and Desktop clients,IN
2026-08-18T06:54,u3794@contoso.example,VPN,50011,Reply URL mismatch,7 App authentication,Browser,IN
2026-08-18T07:01,u3139@contoso.example,Payroll,7000222,Client secret expired,7 App authentication,Browser,IN
2026-08-18T07:04,u3682@contoso.example,Payroll,7000222,Client secret expired,7 App authentication,Browser,IN
2026-08-18T07:07,u4971@contoso.example,Payroll,7000222,Client secret expired,7 App authentication,Browser,GB
2026-08-18T07:07,u2235@contoso.example,Payroll,7000222,Client secret expired,7 App authentication,Mobile Apps and Desktop clients,GB
2026-08-18T07:07,u3331@contoso.example,Payroll,7000222,Client secret expired,7 App authentication,Browser,GB
2026-08-18T07:07,u2695@contoso.example,Payroll,7000222,Client secret expired,7 App authentication,Mobile Apps and Desktop clients,IN
2026-08-18T07:11,u2138@contoso.example,CRM,70043,Sign-in frequency expired,6 Repeated prompts,Mobile Apps and Desktop clients,IN
2026-08-18T07:13,u1244@contoso.example,Payroll,7000222,Client secret expired,7 App authentication,Browser,IN
2026-08-18T07:15,u2213@contoso.example,Office 365 Exchange Online,50105,User not assigned to app,9 Assignment and consent,Mobile Apps and Desktop clients,IN
2026-08-18T07:16,u3363@contoso.example,Office 365 Exchange Online,50053,Account locked (smart lockout),5 Lockout loop,Browser,US
2026-08-18T07:20,u3469@contoso.example,Payroll,7000222,Client secret expired,7 App authentication,Browser,IN
2026-08-18T07:23,u4336@contoso.example,Payroll,7000222,Client secret expired,7 App authentication,Mobile Apps and Desktop clients,GB
2026-08-18T07:25,u3592@contoso.example,Payroll,7000222,Client secret expired,7 App authentication,Mobile Apps and Desktop clients,IN
2026-08-18T07:26,u2924@contoso.example,Payroll,7000222,Client secret expired,7 App authentication,Browser,IN
2026-08-18T07:29,u2589@contoso.example,Payroll,7000222,Client secret expired,7 App authentication,Mobile Apps and Desktop clients,US
2026-08-18T07:29,u4301@contoso.example,Payroll,7000222,Client secret expired,7 App authentication,Mobile Apps and Desktop clients,IN
2026-08-18T07:31,u3223@contoso.example,CRM,50126,Invalid username or password,1 Sign-in fails,Mobile Apps and Desktop clients,IN
2026-08-18T07:32,u1356@contoso.example,Payroll,7000222,Client secret expired,7 App authentication,Browser,IN
2026-08-18T07:36,u3417@contoso.example,Microsoft Teams,50126,Invalid username or password,1 Sign-in fails,Browser,IN
2026-08-18T07:40,u1548@contoso.example,Payroll,7000222,Client secret expired,7 App authentication,Browser,IN
2026-08-18T07:41,u4478@contoso.example,Payroll,7000222,Client secret expired,7 App authentication,IMAP4,IN
2026-08-18T07:42,u2212@contoso.example,Payroll,7000222,Client secret expired,7 App authentication,Mobile Apps and Desktop clients,IN
2026-08-18T07:44,u1892@contoso.example,Payroll,7000222,Client secret expired,7 App authentication,Browser,IN
2026-08-18T07:45,u1142@contoso.example,Payroll,7000222,Client secret expired,7 App authentication,Browser,US
2026-08-18T07:45,u1119@contoso.example,Payroll,7000222,Client secret expired,7 App authentication,Browser,GB
2026-08-18T07:47,u3319@contoso.example,Office 365 Exchange Online,50126,Invalid username or password,1 Sign-in fails,Mobile Apps and Desktop clients,IN
2026-08-18T07:51,u2884@contoso.example,Payroll,7000222,Client secret expired,7 App authentication,Browser,DE
2026-08-18T07:53,u3834@contoso.example,Payroll,7000222,Client secret expired,7 App authentication,Browser,IN
2026-08-18T07:55,u3996@contoso.example,Payroll,7000222,Client secret expired,7 App authentication,Browser,IN
2026-08-18T08:00,u3616@contoso.example,Payroll,7000222,Client secret expired,7 App authentication,Mobile Apps and Desktop clients,IN
2026-08-18T08:03,u1098@contoso.example,Payroll,7000222,Client secret expired,7 App authentication,Browser,US
2026-08-18T08:03,u3529@contoso.example,Payroll,7000222,Client secret expired,7 App authentication,Mobile Apps and Desktop clients,IN
2026-08-18T08:04,u1667@contoso.example,Payroll,7000222,Client secret expired,7 App authentication,Mobile Apps and Desktop clients,IN
2026-08-18T08:10,u3325@contoso.example,Payroll,7000222,Client secret expired,7 App authentication,Mobile Apps and Desktop clients,DE
2026-08-18T08:15,u1930@contoso.example,VPN,53000,Device not compliant,15 Compliance and PRT,Browser,IN
2026-08-18T08:19,u4218@contoso.example,Payroll,50011,Reply URL mismatch,7 App authentication,Browser,IN
2026-08-18T08:20,u2107@contoso.example,Payroll,7000222,Client secret expired,7 App authentication,Browser,IN
2026-08-18T08:20,u4725@contoso.example,Payroll,7000222,Client secret expired,7 App authentication,Browser,US
2026-08-18T08:23,u1014@contoso.example,Office 365 Exchange Online,50126,Invalid username or password,1 Sign-in fails,Mobile Apps and Desktop clients,GB
2026-08-18T08:24,u1393@contoso.example,Payroll,7000222,Client secret expired,7 App authentication,Browser,GB
2026-08-18T08:25,u4459@contoso.example,Payroll,7000222,Client secret expired,7 App authentication,IMAP4,IN
2026-08-18T08:26,u1720@contoso.example,CRM,53000,Device not compliant,15 Compliance and PRT,Browser,US
2026-08-18T08:30,u1460@contoso.example,Payroll,7000222,Client secret expired,7 App authentication,Browser,IN
2026-08-18T08:33,u1664@contoso.example,Payroll,7000222,Client secret expired,7 App authentication,Mobile Apps and Desktop clients,IN
2026-08-18T08:33,u4712@contoso.example,Payroll,7000222,Client secret expired,7 App authentication,IMAP4,US
2026-08-18T08:34,u1719@contoso.example,Payroll,7000222,Client secret expired,7 App authentication,Mobile Apps and Desktop clients,IN
2026-08-18T08:36,u2750@contoso.example,Microsoft Teams,50126,Invalid username or password,1 Sign-in fails,Mobile Apps and Desktop clients,DE
2026-08-18T08:38,u2513@contoso.example,SharePoint Online,50126,Invalid username or password,1 Sign-in fails,Browser,IN
2026-08-18T08:38,u3408@contoso.example,Payroll,7000222,Client secret expired,7 App authentication,Mobile Apps and Desktop clients,US
2026-08-18T08:40,u1881@contoso.example,Office 365 Exchange Online,500121,MFA challenge failed,2 MFA problems,Browser,IN
2026-08-18T08:43,u1916@contoso.example,Payroll,7000222,Client secret expired,7 App authentication,Mobile Apps and Desktop clients,GB
2026-08-18T08:46,u4998@contoso.example,Payroll,7000222,Client secret expired,7 App authentication,Mobile Apps and Desktop clients,IN
2026-08-18T08:47,u2700@contoso.example,Payroll,7000222,Client secret expired,7 App authentication,Browser,DE
2026-08-18T08:47,u1389@contoso.example,Payroll,7000222,Client secret expired,7 App authentication,Mobile Apps and Desktop clients,IN
2026-08-18T08:50,u3142@contoso.example,Azure Portal,500121,MFA challenge failed,2 MFA problems,IMAP4,IN
2026-08-18T08:54,u4532@contoso.example,Payroll,7000222,Client secret expired,7 App authentication,Mobile Apps and Desktop clients,DE
2026-08-18T08:55,u2031@contoso.example,Payroll,7000222,Client secret expired,7 App authentication,Exchange ActiveSync,US
2026-08-18T08:57,u3992@contoso.example,Payroll,7000222,Client secret expired,7 App authentication,Mobile Apps and Desktop clients,IN
2026-08-18T08:59,u3276@contoso.example,Payroll,7000222,Client secret expired,7 App authentication,Browser,US
2026-08-18T09:05,u2535@contoso.example,Payroll,7000222,Client secret expired,7 App authentication,Mobile Apps and Desktop clients,IN
2026-08-18T09:10,u4409@contoso.example,Payroll,7000222,Client secret expired,7 App authentication,Browser,US
2026-08-18T09:13,u1764@contoso.example,Payroll,7000222,Client secret expired,7 App authentication,Mobile Apps and Desktop clients,IN
2026-08-18T09:18,u2405@contoso.example,Payroll,7000222,Client secret expired,7 App authentication,Browser,IN
2026-08-18T09:23,u2072@contoso.example,Payroll,7000222,Client secret expired,7 App authentication,Mobile Apps and Desktop clients,IN
2026-08-18T09:24,u3807@contoso.example,Payroll,7000222,Client secret expired,7 App authentication,Browser,GB
2026-08-18T09:26,u1071@contoso.example,Payroll,7000222,Client secret expired,7 App authentication,Browser,IN
2026-08-18T09:27,u1472@contoso.example,Payroll,7000222,Client secret expired,7 App authentication,Mobile Apps and Desktop clients,US
2026-08-18T09:28,u4465@contoso.example,Payroll,7000222,Client secret expired,7 App authentication,Browser,GB
2026-08-18T09:29,u2844@contoso.example,Payroll,7000222,Client secret expired,7 App authentication,Mobile Apps and Desktop clients,IN
2026-08-18T09:29,u3912@contoso.example,Azure Portal,50126,Invalid username or password,1 Sign-in fails,Browser,US
2026-08-18T09:35,u3148@contoso.example,Payroll,7000222,Client secret expired,7 App authentication,Mobile Apps and Desktop clients,IN
2026-08-18T09:36,u3133@contoso.example,Payroll,7000222,Client secret expired,7 App authentication,Mobile Apps and Desktop clients,US
2026-08-18T09:39,u2660@contoso.example,Payroll,7000222,Client secret expired,7 App authentication,Browser,IN
2026-08-18T09:42,u3258@contoso.example,VPN,53003,Blocked by Conditional Access,3 Conditional Access,Mobile Apps and Desktop clients,IN
2026-08-18T09:43,u1172@contoso.example,Payroll,7000222,Client secret expired,7 App authentication,Browser,IN
2026-08-18T09:48,u4663@contoso.example,Payroll,7000222,Client secret expired,7 App authentication,Mobile Apps and Desktop clients,US
2026-08-18T09:55,u2445@contoso.example,Service Desk,50126,Invalid username or password,1 Sign-in fails,Browser,IN
2026-08-18T10:05,u3318@contoso.example,Payroll,7000222,Client secret expired,7 App authentication,Browser,SG
2026-08-18T10:06,u3701@contoso.example,Payroll,7000222,Client secret expired,7 App authentication,Mobile Apps and Desktop clients,GB
2026-08-18T10:06,u3636@contoso.example,Payroll,7000222,Client secret expired,7 App authentication,Mobile Apps and Desktop clients,IN
2026-08-18T10:07,u4095@contoso.example,Payroll,7000222,Client secret expired,7 App authentication,Browser,GB
2026-08-18T10:08,u2956@contoso.example,Payroll,7000222,Client secret expired,7 App authentication,Browser,GB
2026-08-18T10:09,u3879@contoso.example,Payroll,7000222,Client secret expired,7 App authentication,Mobile Apps and Desktop clients,IN
2026-08-18T10:09,u1651@contoso.example,Payroll,7000222,Client secret expired,7 App authentication,Mobile Apps and Desktop clients,US
2026-08-18T10:14,u1511@contoso.example,Payroll,7000222,Client secret expired,7 App authentication,Browser,IN
2026-08-18T10:18,u3227@contoso.example,Payroll,7000222,Client secret expired,7 App authentication,Browser,IN
2026-08-18T10:22,u3842@contoso.example,SharePoint Online,50126,Invalid username or password,1 Sign-in fails,Mobile Apps and Desktop clients,IN
2026-08-18T10:23,u2057@contoso.example,Payroll,7000222,Client secret expired,7 App authentication,Browser,IN
2026-08-18T10:31,u1957@contoso.example,Azure Portal,70043,Sign-in frequency expired,6 Repeated prompts,Exchange ActiveSync,IN
2026-08-18T10:34,u4034@contoso.example,Payroll,7000222,Client secret expired,7 App authentication,Exchange ActiveSync,DE
2026-08-18T10:35,u1348@contoso.example,Payroll,7000222,Client secret expired,7 App authentication,IMAP4,US
2026-08-18T10:37,u4383@contoso.example,Payroll,7000222,Client secret expired,7 App authentication,Browser,IN
2026-08-18T10:37,u3943@contoso.example,Service Desk,53003,Blocked by Conditional Access,3 Conditional Access,Mobile Apps and Desktop clients,IN
2026-08-18T10:39,u2597@contoso.example,Payroll,7000222,Client secret expired,7 App authentication,Mobile Apps and Desktop clients,US
2026-08-18T10:40,u3361@contoso.example,Payroll,7000222,Client secret expired,7 App authentication,Browser,IN
2026-08-18T10:51,u3974@contoso.example,Payroll,7000222,Client secret expired,7 App authentication,Mobile Apps and Desktop clients,DE
2026-08-18T10:51,u4564@contoso.example,Microsoft Teams,50057,Account disabled,1 Sign-in fails,Browser,IN
2026-08-18T10:57,u1964@contoso.example,CRM,50126,Invalid username or password,1 Sign-in fails,Mobile Apps and Desktop clients,SG
2026-08-18T10:58,u3716@contoso.example,Service Desk,50053,Account locked (smart lockout),5 Lockout loop,Mobile Apps and Desktop clients,IN
2026-08-18T11:00,u3486@contoso.example,Payroll,7000222,Client secret expired,7 App authentication,Browser,IN
2026-08-18T11:01,u1775@contoso.example,Payroll,7000222,Client secret expired,7 App authentication,Browser,US
2026-08-18T11:02,u3488@contoso.example,Payroll,7000222,Client secret expired,7 App authentication,Mobile Apps and Desktop clients,US
2026-08-18T11:05,u2662@contoso.example,Payroll,7000222,Client secret expired,7 App authentication,Mobile Apps and Desktop clients,IN
2026-08-18T11:10,u1301@contoso.example,Payroll,7000222,Client secret expired,7 App authentication,Browser,DE
2026-08-18T11:12,u3603@contoso.example,Payroll,7000222,Client secret expired,7 App authentication,Mobile Apps and Desktop clients,DE
2026-08-18T11:12,u3057@contoso.example,Payroll,7000222,Client secret expired,7 App authentication,Mobile Apps and Desktop clients,IN
2026-08-18T11:17,u1839@contoso.example,Payroll,7000222,Client secret expired,7 App authentication,Exchange ActiveSync,US
2026-08-18T11:24,u3968@contoso.example,Payroll,7000222,Client secret expired,7 App authentication,Browser,US
2026-08-18T11:26,u3365@contoso.example,Payroll,7000222,Client secret expired,7 App authentication,Mobile Apps and Desktop clients,US
2026-08-18T11:26,u4528@contoso.example,Payroll,7000222,Client secret expired,7 App authentication,Mobile Apps and Desktop clients,IN
2026-08-18T11:28,u1116@contoso.example,Payroll,7000222,Client secret expired,7 App authentication,Mobile Apps and Desktop clients,IN
2026-08-18T11:31,u4095@contoso.example,Azure Portal,53003,Blocked by Conditional Access,3 Conditional Access,Exchange ActiveSync,IN
2026-08-18T11:33,u3658@contoso.example,Payroll,7000222,Client secret expired,7 App authentication,Mobile Apps and Desktop clients,SG
2026-08-18T11:36,u3706@contoso.example,HR Portal,50126,Invalid username or password,1 Sign-in fails,Browser,IN
2026-08-18T11:39,u1364@contoso.example,Payroll,7000222,Client secret expired,7 App authentication,Browser,IN
2026-08-18T11:44,u4838@contoso.example,Payroll,50126,Invalid username or password,1 Sign-in fails,Browser,DE
2026-08-18T11:48,u2628@contoso.example,Microsoft Teams,53003,Blocked by Conditional Access,3 Conditional Access,Mobile Apps and Desktop clients,IN
2026-08-18T11:49,u1301@contoso.example,Payroll,50126,Invalid username or password,1 Sign-in fails,Browser,IN
2026-08-18T11:49,u2628@contoso.example,Payroll,7000222,Client secret expired,7 App authentication,Mobile Apps and Desktop clients,US
2026-08-18T11:51,u3758@contoso.example,Payroll,7000222,Client secret expired,7 App authentication,Mobile Apps and Desktop clients,IN
2026-08-18T11:54,u1289@contoso.example,Payroll,7000222,Client secret expired,7 App authentication,Exchange ActiveSync,US
2026-08-18T11:56,u4183@contoso.example,Service Desk,50055,Password expired,1 Sign-in fails,Mobile Apps and Desktop clients,US
2026-08-18T11:59,u1464@contoso.example,Payroll,7000222,Client secret expired,7 App authentication,Browser,IN
2026-08-18T11:59,u4822@contoso.example,Payroll,53003,Blocked by Conditional Access,3 Conditional Access,Browser,DE
2026-08-18T12:04,u4454@contoso.example,VPN,50126,Invalid username or password,1 Sign-in fails,Mobile Apps and Desktop clients,IN
2026-08-18T12:11,u4495@contoso.example,CRM,50053,Account locked (smart lockout),5 Lockout loop,Browser,IN
2026-08-18T12:14,u3615@contoso.example,Payroll,7000222,Client secret expired,7 App authentication,Exchange ActiveSync,IN
2026-08-18T12:21,u3345@contoso.example,Payroll,7000222,Client secret expired,7 App authentication,Exchange ActiveSync,IN
2026-08-18T12:29,u3826@contoso.example,Payroll,7000222,Client secret expired,7 App authentication,Mobile Apps and Desktop clients,IN
2026-08-18T12:31,u3779@contoso.example,Payroll,7000222,Client secret expired,7 App authentication,Browser,IN
2026-08-18T12:31,u3093@contoso.example,Payroll,7000222,Client secret expired,7 App authentication,Mobile Apps and Desktop clients,IN
2026-08-18T12:32,u4138@contoso.example,Payroll,7000222,Client secret expired,7 App authentication,Browser,US
2026-08-18T12:32,u1421@contoso.example,Payroll,7000222,Client secret expired,7 App authentication,Mobile Apps and Desktop clients,IN
2026-08-18T12:33,u2608@contoso.example,Payroll,7000222,Client secret expired,7 App authentication,Browser,GB
2026-08-18T12:35,u2050@contoso.example,Payroll,7000222,Client secret expired,7 App authentication,Mobile Apps and Desktop clients,IN
2026-08-18T12:36,u1530@contoso.example,Payroll,7000222,Client secret expired,7 App authentication,Mobile Apps and Desktop clients,IN
2026-08-18T12:40,u2561@contoso.example,Payroll,7000222,Client secret expired,7 App authentication,Browser,IN
2026-08-18T12:40,u1795@contoso.example,Payroll,7000222,Client secret expired,7 App authentication,Mobile Apps and Desktop clients,GB
2026-08-18T12:44,u3032@contoso.example,Payroll,7000222,Client secret expired,7 App authentication,Browser,US
2026-08-18T12:53,u1551@contoso.example,Azure Portal,50105,User not assigned to app,9 Assignment and consent,Mobile Apps and Desktop clients,IN
2026-08-18T12:55,u2445@contoso.example,Payroll,7000222,Client secret expired,7 App authentication,Mobile Apps and Desktop clients,IN
2026-08-18T12:56,u2796@contoso.example,VPN,50105,User not assigned to app,9 Assignment and consent,Mobile Apps and Desktop clients,US
2026-08-18T12:58,u4491@contoso.example,Payroll,7000222,Client secret expired,7 App authentication,Mobile Apps and Desktop clients,IN
2026-08-18T12:58,u3051@contoso.example,VPN,50074,"MFA required, not completed",2 MFA problems,Mobile Apps and Desktop clients,IN
2026-08-18T12:59,u2911@contoso.example,Payroll,7000222,Client secret expired,7 App authentication,Mobile Apps and Desktop clients,IN
2026-08-18T13:01,u3355@contoso.example,Payroll,7000222,Client secret expired,7 App authentication,Mobile Apps and Desktop clients,IN
2026-08-18T13:02,u3870@contoso.example,Payroll,7000222,Client secret expired,7 App authentication,Mobile Apps and Desktop clients,IN
2026-08-18T13:07,u1157@contoso.example,Payroll,7000222,Client secret expired,7 App authentication,Mobile Apps and Desktop clients,US
2026-08-18T13:13,u1568@contoso.example,Payroll,7000222,Client secret expired,7 App authentication,Browser,GB
2026-08-18T13:14,u3773@contoso.example,Payroll,7000222,Client secret expired,7 App authentication,Mobile Apps and Desktop clients,US
2026-08-18T13:17,u3276@contoso.example,Payroll,7000222,Client secret expired,7 App authentication,Browser,SG
2026-08-18T13:17,u3599@contoso.example,Payroll,7000222,Client secret expired,7 App authentication,Mobile Apps and Desktop clients,IN
2026-08-18T13:19,u2250@contoso.example,Payroll,7000222,Client secret expired,7 App authentication,Mobile Apps and Desktop clients,IN
2026-08-18T13:25,u2606@contoso.example,Payroll,7000222,Client secret expired,7 App authentication,Browser,DE
2026-08-18T13:28,u4548@contoso.example,Payroll,53003,Blocked by Conditional Access,3 Conditional Access,Browser,US
2026-08-18T13:28,u4843@contoso.example,HR Portal,53003,Blocked by Conditional Access,3 Conditional Access,Mobile Apps and Desktop clients,IN
2026-08-18T13:31,u2502@contoso.example,Payroll,7000222,Client secret expired,7 App authentication,Mobile Apps and Desktop clients,US
2026-08-18T13:32,u2460@contoso.example,Payroll,7000222,Client secret expired,7 App authentication,IMAP4,US
2026-08-18T13:33,u4717@contoso.example,Payroll,7000222,Client secret expired,7 App authentication,Browser,IN
2026-08-18T13:34,u2708@contoso.example,Payroll,7000222,Client secret expired,7 App authentication,Browser,IN
2026-08-18T13:34,u2323@contoso.example,Payroll,7000222,Client secret expired,7 App authentication,Mobile Apps and Desktop clients,GB
2026-08-18T13:34,u4098@contoso.example,Payroll,7000222,Client secret expired,7 App authentication,Mobile Apps and Desktop clients,US
2026-08-18T13:37,u3563@contoso.example,Payroll,7000222,Client secret expired,7 App authentication,Browser,IN
2026-08-18T13:47,u1334@contoso.example,VPN,50055,Password expired,1 Sign-in fails,Browser,IN
2026-08-18T13:47,u2211@contoso.example,VPN,53003,Blocked by Conditional Access,3 Conditional Access,Mobile Apps and Desktop clients,IN
2026-08-18T13:48,u3387@contoso.example,Payroll,7000222,Client secret expired,7 App authentication,Browser,IN
2026-08-18T13:52,u4086@contoso.example,Payroll,7000222,Client secret expired,7 App authentication,Mobile Apps and Desktop clients,IN
2026-08-18T13:53,u1821@contoso.example,Payroll,7000222,Client secret expired,7 App authentication,Mobile Apps and Desktop clients,IN
2026-08-18T13:54,u3974@contoso.example,Payroll,7000222,Client secret expired,7 App authentication,Mobile Apps and Desktop clients,US
2026-08-18T13:56,u1115@contoso.example,Payroll,7000222,Client secret expired,7 App authentication,Mobile Apps and Desktop clients,IN
2026-08-18T13:59,u1537@contoso.example,Payroll,7000222,Client secret expired,7 App authentication,Mobile Apps and Desktop clients,US
2026-08-18T14:03,u1550@contoso.example,Payroll,7000222,Client secret expired,7 App authentication,Mobile Apps and Desktop clients,IN
2026-08-18T14:06,u4417@contoso.example,Payroll,7000222,Client secret expired,7 App authentication,Mobile Apps and Desktop clients,US
2026-08-18T14:07,u2955@contoso.example,Payroll,7000222,Client secret expired,7 App authentication,Mobile Apps and Desktop clients,GB
2026-08-18T14:07,u3192@contoso.example,Payroll,7000222,Client secret expired,7 App authentication,Browser,GB
2026-08-18T14:07,u4222@contoso.example,Payroll,7000222,Client secret expired,7 App authentication,Browser,IN
2026-08-18T14:07,u3947@contoso.example,Payroll,7000222,Client secret expired,7 App authentication,Browser,GB
2026-08-18T14:08,u4265@contoso.example,Payroll,7000222,Client secret expired,7 App authentication,Exchange ActiveSync,SG
2026-08-18T14:10,u1111@contoso.example,Payroll,7000222,Client secret expired,7 App authentication,Mobile Apps and Desktop clients,IN
2026-08-18T14:11,u3917@contoso.example,Payroll,7000222,Client secret expired,7 App authentication,Mobile Apps and Desktop clients,US
2026-08-18T14:13,u4633@contoso.example,Azure Portal,500121,MFA challenge failed,2 MFA problems,Browser,IN
2026-08-18T14:15,u3478@contoso.example,Payroll,7000222,Client secret expired,7 App authentication,Browser,GB
2026-08-18T14:16,u1497@contoso.example,Payroll,7000222,Client secret expired,7 App authentication,Browser,US
2026-08-18T14:17,u2845@contoso.example,Payroll,7000222,Client secret expired,7 App authentication,Browser,US
2026-08-18T14:20,u1800@contoso.example,Payroll,7000222,Client secret expired,7 App authentication,Browser,US
2026-08-18T14:22,u2345@contoso.example,Payroll,7000222,Client secret expired,7 App authentication,Mobile Apps and Desktop clients,US
2026-08-18T14:24,u1548@contoso.example,Microsoft Teams,53003,Blocked by Conditional Access,3 Conditional Access,Browser,IN
2026-08-18T14:25,u1610@contoso.example,Payroll,7000222,Client secret expired,7 App authentication,Exchange ActiveSync,GB
2026-08-18T14:25,u4553@contoso.example,Payroll,7000222,Client secret expired,7 App authentication,Browser,IN
2026-08-18T14:26,u1485@contoso.example,Payroll,7000222,Client secret expired,7 App authentication,Browser,IN
2026-08-18T14:31,u3733@contoso.example,Payroll,7000222,Client secret expired,7 App authentication,Mobile Apps and Desktop clients,DE
2026-08-18T14:34,u1968@contoso.example,Payroll,7000222,Client secret expired,7 App authentication,IMAP4,IN
2026-08-18T14:38,u2173@contoso.example,Payroll,7000222,Client secret expired,7 App authentication,Mobile Apps and Desktop clients,IN
2026-08-18T14:40,u1358@contoso.example,Payroll,7000222,Client secret expired,7 App authentication,Mobile Apps and Desktop clients,IN
2026-08-18T14:43,u1080@contoso.example,VPN,50158,External MFA challenge not met,2 MFA problems,Mobile Apps and Desktop clients,IN
2026-08-18T14:44,u1911@contoso.example,Payroll,7000222,Client secret expired,7 App authentication,Browser,DE
2026-08-18T14:46,u4288@contoso.example,Payroll,7000222,Client secret expired,7 App authentication,Mobile Apps and Desktop clients,IN
2026-08-18T14:47,u2135@contoso.example,Payroll,7000222,Client secret expired,7 App authentication,Mobile Apps and Desktop clients,IN
2026-08-18T14:48,u4254@contoso.example,Payroll,7000222,Client secret expired,7 App authentication,Mobile Apps and Desktop clients,DE
2026-08-18T14:53,u4647@contoso.example,Office 365 Exchange Online,50126,Invalid username or password,1 Sign-in fails,Exchange ActiveSync,DE
2026-08-18T14:56,u4678@contoso.example,Payroll,7000222,Client secret expired,7 App authentication,Browser,IN
2026-08-18T14:56,u2658@contoso.example,Payroll,7000222,Client secret expired,7 App authentication,Mobile Apps and Desktop clients,GB
2026-08-18T15:01,u2225@contoso.example,Payroll,7000222,Client secret expired,7 App authentication,Mobile Apps and Desktop clients,IN
2026-08-18T15:01,u3768@contoso.example,Payroll,7000222,Client secret expired,7 App authentication,Mobile Apps and Desktop clients,IN
2026-08-18T15:03,u3425@contoso.example,Payroll,7000222,Client secret expired,7 App authentication,Browser,GB
2026-08-18T15:06,u2732@contoso.example,Payroll,7000222,Client secret expired,7 App authentication,Mobile Apps and Desktop clients,IN
2026-08-18T15:07,u4551@contoso.example,Payroll,7000222,Client secret expired,7 App authentication,Browser,IN
2026-08-18T15:07,u4135@contoso.example,Payroll,7000222,Client secret expired,7 App authentication,Mobile Apps and Desktop clients,US
2026-08-18T15:10,u1918@contoso.example,Payroll,7000222,Client secret expired,7 App authentication,Browser,IN
2026-08-18T15:11,u4296@contoso.example,Azure Portal,53003,Blocked by Conditional Access,3 Conditional Access,Browser,IN
2026-08-18T15:15,u3071@contoso.example,Payroll,7000222,Client secret expired,7 App authentication,Browser,US
2026-08-18T15:18,u1751@contoso.example,Payroll,7000222,Client secret expired,7 App authentication,Browser,DE
2026-08-18T15:19,u2451@contoso.example,Payroll,7000222,Client secret expired,7 App authentication,Mobile Apps and Desktop clients,GB
2026-08-18T15:22,u1880@contoso.example,Payroll,7000222,Client secret expired,7 App authentication,Mobile Apps and Desktop clients,US
2026-08-18T15:28,u3848@contoso.example,Payroll,7000222,Client secret expired,7 App authentication,Browser,US
2026-08-18T15:31,u4766@contoso.example,Payroll,7000222,Client secret expired,7 App authentication,Mobile Apps and Desktop clients,IN
2026-08-18T15:33,u2213@contoso.example,Payroll,7000222,Client secret expired,7 App authentication,Mobile Apps and Desktop clients,IN
2026-08-18T15:34,u1927@contoso.example,Payroll,7000222,Client secret expired,7 App authentication,Mobile Apps and Desktop clients,IN
2026-08-18T15:35,u4065@contoso.example,Service Desk,500121,MFA challenge failed,2 MFA problems,Browser,US
2026-08-18T15:37,u3695@contoso.example,Payroll,7000222,Client secret expired,7 App authentication,Browser,DE
2026-08-18T15:37,u4744@contoso.example,Payroll,7000222,Client secret expired,7 App authentication,Mobile Apps and Desktop clients,IN
2026-08-18T15:43,u1384@contoso.example,HR Portal,500121,MFA challenge failed,2 MFA problems,Browser,IN
2026-08-18T15:44,u4621@contoso.example,SharePoint Online,70043,Sign-in frequency expired,6 Repeated prompts,Mobile Apps and Desktop clients,DE
2026-08-18T15:45,u2657@contoso.example,Payroll,7000222,Client secret expired,7 App authentication,Mobile Apps and Desktop clients,IN
2026-08-18T15:45,u2253@contoso.example,Payroll,7000222,Client secret expired,7 App authentication,Mobile Apps and Desktop clients,IN
2026-08-18T15:48,u1236@contoso.example,Payroll,7000222,Client secret expired,7 App authentication,IMAP4,SG
2026-08-18T15:50,u3710@contoso.example,Payroll,7000222,Client secret expired,7 App authentication,Browser,GB
2026-08-18T15:52,u1755@contoso.example,Microsoft Teams,50126,Invalid username or password,1 Sign-in fails,Mobile Apps and Desktop clients,GB
2026-08-18T15:55,u4077@contoso.example,Payroll,50126,Invalid username or password,1 Sign-in fails,Browser,IN
2026-08-18T15:55,u3407@contoso.example,Payroll,7000222,Client secret expired,7 App authentication,Mobile Apps and Desktop clients,IN
2026-08-18T15:55,u3834@contoso.example,Payroll,7000222,Client secret expired,7 App authentication,IMAP4,IN
2026-08-18T15:56,u3860@contoso.example,Service Desk,50074,"MFA required, not completed",2 MFA problems,Browser,GB
2026-08-18T15:57,u2735@contoso.example,VPN,50126,Invalid username or password,1 Sign-in fails,Mobile Apps and Desktop clients,GB
2026-08-18T15:59,u2785@contoso.example,Payroll,7000222,Client secret expired,7 App authentication,Mobile Apps and Desktop clients,IN
2026-08-18T16:13,u1147@contoso.example,Service Desk,500121,MFA challenge failed,2 MFA problems,Mobile Apps and Desktop clients,IN
2026-08-18T16:16,u1788@contoso.example,Payroll,50074,"MFA required, not completed",2 MFA problems,Browser,IN
2026-08-18T16:25,u3776@contoso.example,SharePoint Online,90072,Guest account not in tenant,22 Guest access,Browser,US
2026-08-18T16:26,u2362@contoso.example,Office 365 Exchange Online,50126,Invalid username or password,1 Sign-in fails,Browser,GB
2026-08-18T16:27,u4450@contoso.example,Service Desk,53003,Blocked by Conditional Access,3 Conditional Access,Browser,IN
2026-08-18T16:43,u1538@contoso.example,Microsoft Teams,50105,User not assigned to app,9 Assignment and consent,Exchange ActiveSync,GB
2026-08-18T16:57,u1221@contoso.example,SharePoint Online,500121,MFA challenge failed,2 MFA problems,Browser,IN
2026-08-18T16:57,u1002@contoso.example,Payroll,50126,Invalid username or password,1 Sign-in fails,Mobile Apps and Desktop clients,DE
2026-08-18T17:04,u1046@contoso.example,HR Portal,500121,MFA challenge failed,2 MFA problems,Browser,IN
2026-08-18T17:30,u1740@contoso.example,VPN,50126,Invalid username or password,1 Sign-in fails,Mobile Apps and Desktop clients,US
2026-08-18T17:34,u2297@contoso.example,VPN,53003,Blocked by Conditional Access,3 Conditional Access,Browser,IN
2026-08-18T17:41,u2113@contoso.example,VPN,50053,Account locked (smart lockout),5 Lockout loop,Browser,DE
2026-08-18T17:47,u4699@contoso.example,VPN,50074,"MFA required, not completed",2 MFA problems,Mobile Apps and Desktop clients,DE
2026-08-18T17:49,u3030@contoso.example,SharePoint Online,50126,Invalid username or password,1 Sign-in fails,Browser,IN
2026-08-18T17:53,u4385@contoso.example,HR Portal,90072,Guest account not in tenant,22 Guest access,Browser,GB
2026-08-18T17:54,u2728@contoso.example,Service Desk,500121,MFA challenge failed,2 MFA problems,Browser,IN
2026-08-18T17:58,u3970@contoso.example,SharePoint Online,500121,MFA challenge failed,2 MFA problems,Mobile Apps and Desktop clients,IN
2026-08-18T18:10,u4906@contoso.example,HR Portal,53003,Blocked by Conditional Access,3 Conditional Access,Browser,IN
2026-08-18T18:26,u4696@contoso.example,Microsoft Teams,500121,MFA challenge failed,2 MFA problems,Mobile Apps and Desktop clients,US
2026-08-18T18:30,u2091@contoso.example,SharePoint Online,50011,Reply URL mismatch,7 App authentication,Mobile Apps and Desktop clients,DE
2026-08-18T18:39,u3827@contoso.example,Service Desk,70043,Sign-in frequency expired,6 Repeated prompts,Browser,US
2026-08-18T18:41,u3972@contoso.example,VPN,50053,Account locked (smart lockout),5 Lockout loop,IMAP4,US
2026-08-18T18:49,u1720@contoso.example,Office 365 Exchange Online,50126,Invalid username or password,1 Sign-in fails,Mobile Apps and Desktop clients,IN
2026-08-18T18:50,u2543@contoso.example,VPN,50126,Invalid username or password,1 Sign-in fails,Mobile Apps and Desktop clients,GB
2026-08-18T18:51,u1784@contoso.example,VPN,50055,Password expired,1 Sign-in fails,Browser,IN
2026-08-18T19:15,u1752@contoso.example,Service Desk,50126,Invalid username or password,1 Sign-in fails,Browser,IN
2026-08-18T19:21,u2902@contoso.example,Office 365 Exchange Online,50126,Invalid username or password,1 Sign-in fails,Browser,IN
2026-08-18T19:56,u2323@contoso.example,SharePoint Online,500121,MFA challenge failed,2 MFA problems,Mobile Apps and Desktop clients,IN
2026-08-18T20:19,u4944@contoso.example,Service Desk,50053,Account locked (smart lockout),5 Lockout loop,Browser,IN
2026-08-18T20:48,u2290@contoso.example,HR Portal,65001,Consent not granted,9 Assignment and consent,Browser,IN
2026-08-18T20:54,u2179@contoso.example,HR Portal,50126,Invalid username or password,1 Sign-in fails,Exchange ActiveSync,GB
2026-08-18T20:56,u3004@contoso.example,SharePoint Online,53000,Device not compliant,15 Compliance and PRT,Mobile Apps and Desktop clients,IN
2026-08-18T21:08,u1883@contoso.example,CRM,50126,Invalid username or password,1 Sign-in fails,Mobile Apps and Desktop clients,IN
2026-08-18T21:08,u1945@contoso.example,CRM,50126,Invalid username or password,1 Sign-in fails,Mobile Apps and Desktop clients,IN
2026-08-18T21:12,u3525@contoso.example,Service Desk,50053,Account locked (smart lockout),5 Lockout loop,Mobile Apps and Desktop clients,IN
2026-08-18T21:12,u4923@contoso.example,CRM,65001,Consent not granted,9 Assignment and consent,Mobile Apps and Desktop clients,IN
2026-08-18T21:14,u4799@contoso.example,Service Desk,50126,Invalid username or password,1 Sign-in fails,Browser,DE
2026-08-18T21:36,u4393@contoso.example,Office 365 Exchange Online,50074,"MFA required, not completed",2 MFA problems,Mobile Apps and Desktop clients,US
2026-08-18T21:39,u3780@contoso.example,VPN,50126,Invalid username or password,1 Sign-in fails,Browser,IN
2026-08-18T21:51,u4355@contoso.example,Payroll,50053,Account locked (smart lockout),5 Lockout loop,Mobile Apps and Desktop clients,US
2026-08-18T21:56,u4755@contoso.example,SharePoint Online,50053,Account locked (smart lockout),5 Lockout loop,Browser,DE
2026-08-18T22:02,u2482@contoso.example,VPN,500121,MFA challenge failed,2 MFA problems,Browser,US
2026-08-18T22:24,u3862@contoso.example,HR Portal,500121,MFA challenge failed,2 MFA problems,Mobile Apps and Desktop clients,US
2026-08-18T22:27,u4537@contoso.example,Azure Portal,53000,Device not compliant,15 Compliance and PRT,Mobile Apps and Desktop clients,IN
2026-08-18T22:49,u3806@contoso.example,Payroll,50126,Invalid username or password,1 Sign-in fails,Browser,IN
2026-08-18T22:55,u3566@contoso.example,Azure Portal,50074,"MFA required, not completed",2 MFA problems,Exchange ActiveSync,IN
2026-08-18T22:56,u4352@contoso.example,VPN,70043,Sign-in frequency expired,6 Repeated prompts,Exchange ActiveSync,GB
2026-08-18T23:02,u1113@contoso.example,HR Portal,50053,Account locked (smart lockout),5 Lockout loop,Mobile Apps and Desktop clients,DE
2026-08-18T23:04,u3602@contoso.example,Service Desk,50126,Invalid username or password,1 Sign-in fails,Mobile Apps and Desktop clients,IN
2026-08-18T23:06,u3749@contoso.example,VPN,50055,Password expired,1 Sign-in fails,Browser,DE
2026-08-18T23:13,u4697@contoso.example,Office 365 Exchange Online,50053,Account locked (smart lockout),5 Lockout loop,Mobile Apps and Desktop clients,DE
2026-08-18T23:14,u2640@contoso.example,Microsoft Teams,50126,Invalid username or password,1 Sign-in fails,Mobile Apps and Desktop clients,DE
2026-08-18T23:24,u3142@contoso.example,Azure Portal,500121,MFA challenge failed,2 MFA problems,Browser,IN
2026-08-18T23:26,u4295@contoso.example,Service Desk,50074,"MFA required, not completed",2 MFA problems,Browser,IN
2026-08-18T23:31,u1646@contoso.example,VPN,500121,MFA challenge failed,2 MFA problems,Browser,IN
2026-08-18T23:37,u1955@contoso.example,Service Desk,53003,Blocked by Conditional Access,3 Conditional Access,Browser,IN
2026-08-18T23:37,u2476@contoso.example,Service Desk,50057,Account disabled,1 Sign-in fails,Browser,US
2026-08-18T23:56,u2111@contoso.example,CRM,50074,"MFA required, not completed",2 MFA problems,Mobile Apps and Desktop clients,DE
2026-08-18T23:57,u4037@contoso.example,CRM,53000,Device not compliant,15 Compliance and PRT,Browser,IN
2026-08-19T00:04,u1119@contoso.example,HR Portal,53003,Blocked by Conditional Access,3 Conditional Access,Browser,IN
2026-08-19T00:05,u3400@contoso.example,Microsoft Teams,50055,Password expired,1 Sign-in fails,Browser,IN
2026-08-19T00:18,u1536@contoso.example,Service Desk,50126,Invalid username or password,1 Sign-in fails,Browser,DE
2026-08-19T00:19,u1078@contoso.example,Payroll,53000,Device not compliant,15 Compliance and PRT,Mobile Apps and Desktop clients,IN
2026-08-19T00:23,u1807@contoso.example,Office 365 Exchange Online,50057,Account disabled,1 Sign-in fails,Mobile Apps and Desktop clients,GB
2026-08-19T00:43,u1153@contoso.example,Azure Portal,50053,Account locked (smart lockout),5 Lockout loop,Exchange ActiveSync,IN
2026-08-19T00:46,u2018@contoso.example,SharePoint Online,50126,Invalid username or password,1 Sign-in fails,Browser,IN
2026-08-19T00:53,u3949@contoso.example,Office 365 Exchange Online,500121,MFA challenge failed,2 MFA problems,Mobile Apps and Desktop clients,IN
2026-08-19T00:54,u3562@contoso.example,Service Desk,50126,Invalid username or password,1 Sign-in fails,Mobile Apps and Desktop clients,GB
2026-08-19T01:27,u2619@contoso.example,Office 365 Exchange Online,50126,Invalid username or password,1 Sign-in fails,Browser,IN
2026-08-19T01:36,u1009@contoso.example,Azure Portal,500121,MFA challenge failed,2 MFA problems,Browser,IN
2026-08-19T02:07,u4092@contoso.example,HR Portal,50053,Account locked (smart lockout),5 Lockout loop,Browser,GB
2026-08-19T02:10,u3027@contoso.example,Payroll,53000,Device not compliant,15 Compliance and PRT,Mobile Apps and Desktop clients,SG
2026-08-19T02:14,u3813@contoso.example,HR Portal,70043,Sign-in frequency expired,6 Repeated prompts,Mobile Apps and Desktop clients,US
2026-08-19T02:29,u3339@contoso.example,Azure Portal,53003,Blocked by Conditional Access,3 Conditional Access,Exchange ActiveSync,DE
2026-08-19T02:38,u4968@contoso.example,CRM,50053,Account locked (smart lockout),5 Lockout loop,Mobile Apps and Desktop clients,SG
2026-08-19T02:41,u3863@contoso.example,Service Desk,50126,Invalid username or password,1 Sign-in fails,Browser,IN
2026-08-19T02:49,u3886@contoso.example,SharePoint Online,50126,Invalid username or password,1 Sign-in fails,Mobile Apps and Desktop clients,IN
2026-08-19T02:51,u4013@contoso.example,SharePoint Online,50074,"MFA required, not completed",2 MFA problems,Mobile Apps and Desktop clients,US
2026-08-19T02:52,u2130@contoso.example,HR Portal,50053,Account locked (smart lockout),5 Lockout loop,Exchange ActiveSync,DE
2026-08-19T02:53,u1297@contoso.example,CRM,50055,Password expired,1 Sign-in fails,Exchange ActiveSync,US
2026-08-19T02:59,u1226@contoso.example,CRM,70043,Sign-in frequency expired,6 Repeated prompts,Mobile Apps and Desktop clients,GB
2026-08-19T03:04,u3459@contoso.example,Microsoft Teams,50053,Account locked (smart lockout),5 Lockout loop,Browser,IN
2026-08-19T03:14,u3522@contoso.example,SharePoint Online,50126,Invalid username or password,1 Sign-in fails,Mobile Apps and Desktop clients,GB
2026-08-19T03:15,u3565@contoso.example,Microsoft Teams,53003,Blocked by Conditional Access,3 Conditional Access,Exchange ActiveSync,IN
2026-08-19T03:22,u2320@contoso.example,VPN,500121,MFA challenge failed,2 MFA problems,Mobile Apps and Desktop clients,IN
2026-08-19T03:42,u1601@contoso.example,Microsoft Teams,53003,Blocked by Conditional Access,3 Conditional Access,Exchange ActiveSync,IN
2026-08-19T03:57,u3836@contoso.example,VPN,50126,Invalid username or password,1 Sign-in fails,Browser,US
2026-08-19T04:01,u2075@contoso.example,Microsoft Teams,50126,Invalid username or password,1 Sign-in fails,Browser,IN
2026-08-19T04:03,u2140@contoso.example,VPN,50074,"MFA required, not completed",2 MFA problems,Mobile Apps and Desktop clients,IN
2026-08-19T04:17,u3935@contoso.example,Payroll,50126,Invalid username or password,1 Sign-in fails,Mobile Apps and Desktop clients,IN
2026-08-19T04:30,u1152@contoso.example,Microsoft Teams,500121,MFA challenge failed,2 MFA problems,Browser,IN
2026-08-19T04:35,u2096@contoso.example,HR Portal,53003,Blocked by Conditional Access,3 Conditional Access,Browser,IN
2026-08-19T04:36,u2222@contoso.example,Service Desk,50126,Invalid username or password,1 Sign-in fails,Mobile Apps and Desktop clients,IN
2026-08-19T04:39,u2853@contoso.example,Azure Portal,50053,Account locked (smart lockout),5 Lockout loop,Browser,US
2026-08-19T04:42,u3277@contoso.example,Payroll,500121,MFA challenge failed,2 MFA problems,Browser,IN
2026-08-19T04:46,u4167@contoso.example,VPN,50011,Reply URL mismatch,7 App authentication,Mobile Apps and Desktop clients,GB
2026-08-19T04:47,u3749@contoso.example,Azure Portal,50074,"MFA required, not completed",2 MFA problems,Mobile Apps and Desktop clients,IN
2026-08-19T04:50,u3135@contoso.example,VPN,500121,MFA challenge failed,2 MFA problems,Mobile Apps and Desktop clients,US
2026-08-19T04:52,u2150@contoso.example,Azure Portal,50126,Invalid username or password,1 Sign-in fails,Browser,US
2026-08-19T04:55,u4588@contoso.example,Payroll,50053,Account locked (smart lockout),5 Lockout loop,Mobile Apps and Desktop clients,US
2026-08-19T04:58,u2683@contoso.example,SharePoint Online,50011,Reply URL mismatch,7 App authentication,IMAP4,SG
2026-08-19T05:07,u4137@contoso.example,CRM,50055,Password expired,1 Sign-in fails,Browser,IN
2026-08-19T05:16,u1326@contoso.example,Payroll,53000,Device not compliant,15 Compliance and PRT,Mobile Apps and Desktop clients,IN
2026-08-19T05:23,u1991@contoso.example,CRM,50074,"MFA required, not completed",2 MFA problems,Browser,US
2026-08-19T05:24,u1042@contoso.example,Service Desk,50126,Invalid username or password,1 Sign-in fails,Mobile Apps and Desktop clients,US
2026-08-19T05:34,u1226@contoso.example,Microsoft Teams,53003,Blocked by Conditional Access,3 Conditional Access,Browser,GB
2026-08-19T05:34,u2361@contoso.example,Office 365 Exchange Online,500121,MFA challenge failed,2 MFA problems,Mobile Apps and Desktop clients,IN
2026-08-19T05:36,u3514@contoso.example,Payroll,50055,Password expired,1 Sign-in fails,Browser,SG
2026-08-19T05:37,u1819@contoso.example,Service Desk,50126,Invalid username or password,1 Sign-in fails,Browser,IN
2026-08-19T05:40,u2891@contoso.example,Payroll,53003,Blocked by Conditional Access,3 Conditional Access,Browser,IN
2026-08-19T05:43,u1537@contoso.example,Service Desk,50055,Password expired,1 Sign-in fails,Mobile Apps and Desktop clients,IN
2026-08-19T05:54,u2219@contoso.example,CRM,500121,MFA challenge failed,2 MFA problems,Mobile Apps and Desktop clients,DE
2026-08-19T05:56,u3613@contoso.example,Office 365 Exchange Online,50126,Invalid username or password,1 Sign-in fails,Browser,DE
2026-08-19T06:02,u4696@contoso.example,Office 365 Exchange Online,50126,Invalid username or password,1 Sign-in fails,Browser,IN
2026-08-19T06:11,u3561@contoso.example,VPN,50126,Invalid username or password,1 Sign-in fails,Browser,IN
2026-08-19T06:21,u2055@contoso.example,Service Desk,50126,Invalid username or password,1 Sign-in fails,Browser,US
2026-08-19T06:30,u2220@contoso.example,Office 365 Exchange Online,500121,MFA challenge failed,2 MFA problems,Browser,US
2026-08-19T06:33,u1704@contoso.example,SharePoint Online,50126,Invalid username or password,1 Sign-in fails,Browser,IN
2026-08-19T06:46,u2730@contoso.example,Office 365 Exchange Online,53003,Blocked by Conditional Access,3 Conditional Access,Browser,IN
2026-08-19T06:52,u3970@contoso.example,SharePoint Online,70043,Sign-in frequency expired,6 Repeated prompts,Browser,IN
2026-08-19T07:06,u2328@contoso.example,Microsoft Teams,50053,Account locked (smart lockout),5 Lockout loop,IMAP4,US
2026-08-19T07:19,u4125@contoso.example,SharePoint Online,53000,Device not compliant,15 Compliance and PRT,Mobile Apps and Desktop clients,SG
2026-08-19T07:23,u1337@contoso.example,Payroll,50057,Account disabled,1 Sign-in fails,Mobile Apps and Desktop clients,IN
2026-08-19T07:24,u2642@contoso.example,Azure Portal,50126,Invalid username or password,1 Sign-in fails,Browser,IN
2026-08-19T07:26,u3854@contoso.example,Payroll,50053,Account locked (smart lockout),5 Lockout loop,Browser,IN
2026-08-19T07:33,u1151@contoso.example,Microsoft Teams,53003,Blocked by Conditional Access,3 Conditional Access,Browser,IN
2026-08-19T07:35,u1869@contoso.example,SharePoint Online,50105,User not assigned to app,9 Assignment and consent,Browser,US
2026-08-19T07:38,u4861@contoso.example,Service Desk,50053,Account locked (smart lockout),5 Lockout loop,Mobile Apps and Desktop clients,IN
2026-08-19T07:58,u4850@contoso.example,SharePoint Online,53003,Blocked by Conditional Access,3 Conditional Access,Browser,IN
2026-08-19T08:01,u1744@contoso.example,HR Portal,50126,Invalid username or password,1 Sign-in fails,Mobile Apps and Desktop clients,US
2026-08-19T08:31,u3114@contoso.example,VPN,50126,Invalid username or password,1 Sign-in fails,Browser,IN
2026-08-19T08:46,u4616@contoso.example,Service Desk,50105,User not assigned to app,9 Assignment and consent,Exchange ActiveSync,US
2026-08-19T08:53,u4081@contoso.example,Office 365 Exchange Online,50053,Account locked (smart lockout),5 Lockout loop,Browser,DE
2026-08-19T09:14,u3026@contoso.example,CRM,50126,Invalid username or password,1 Sign-in fails,Browser,DE
2026-08-19T09:16,u1848@contoso.example,HR Portal,50055,Password expired,1 Sign-in fails,Browser,IN
2026-08-19T09:21,u1226@contoso.example,Azure Portal,50057,Account disabled,1 Sign-in fails,Browser,GB
2026-08-19T09:28,u4542@contoso.example,Payroll,50126,Invalid username or password,1 Sign-in fails,Mobile Apps and Desktop clients,IN
2026-08-19T09:30,u1228@contoso.example,Office 365 Exchange Online,50053,Account locked (smart lockout),5 Lockout loop,Browser,IN
2026-08-19T09:37,u3966@contoso.example,SharePoint Online,53003,Blocked by Conditional Access,3 Conditional Access,Mobile Apps and Desktop clients,DE
2026-08-19T09:42,u3833@contoso.example,HR Portal,50053,Account locked (smart lockout),5 Lockout loop,Browser,US
2026-08-19T09:42,u4500@contoso.example,CRM,50126,Invalid username or password,1 Sign-in fails,Mobile Apps and Desktop clients,US
2026-08-19T09:45,u2773@contoso.example,VPN,500121,MFA challenge failed,2 MFA problems,Browser,US
2026-08-19T09:45,u4587@contoso.example,Azure Portal,50055,Password expired,1 Sign-in fails,Mobile Apps and Desktop clients,GB
2026-08-19T09:46,u2164@contoso.example,Microsoft Teams,50053,Account locked (smart lockout),5 Lockout loop,Browser,US
2026-08-19T09:49,u4176@contoso.example,HR Portal,53000,Device not compliant,15 Compliance and PRT,Mobile Apps and Desktop clients,IN
2026-08-19T09:51,u4229@contoso.example,SharePoint Online,500121,MFA challenge failed,2 MFA problems,Browser,IN
2026-08-19T09:52,u2929@contoso.example,Microsoft Teams,50126,Invalid username or password,1 Sign-in fails,Mobile Apps and Desktop clients,IN
2026-08-19T09:53,u2605@contoso.example,Azure Portal,53003,Blocked by Conditional Access,3 Conditional Access,Browser,US
2026-08-19T09:53,u2981@contoso.example,SharePoint Online,50126,Invalid username or password,1 Sign-in fails,Mobile Apps and Desktop clients,GB
2026-08-19T09:58,u4490@contoso.example,Service Desk,70043,Sign-in frequency expired,6 Repeated prompts,Browser,IN
2026-08-19T10:03,u1210@contoso.example,Service Desk,50053,Account locked (smart lockout),5 Lockout loop,Mobile Apps and Desktop clients,IN
2026-08-19T10:11,u1781@contoso.example,Payroll,50126,Invalid username or password,1 Sign-in fails,Mobile Apps and Desktop clients,IN
2026-08-19T10:26,u4370@contoso.example,Office 365 Exchange Online,50074,"MFA required, not completed",2 MFA problems,Browser,IN
2026-08-19T10:35,u4078@contoso.example,Service Desk,53003,Blocked by Conditional Access,3 Conditional Access,Mobile Apps and Desktop clients,IN
2026-08-19T10:36,u3405@contoso.example,Service Desk,50126,Invalid username or password,1 Sign-in fails,Browser,IN
2026-08-19T10:38,u1652@contoso.example,Azure Portal,50074,"MFA required, not completed",2 MFA problems,Mobile Apps and Desktop clients,GB
2026-08-19T10:45,u1757@contoso.example,VPN,50126,Invalid username or password,1 Sign-in fails,Mobile Apps and Desktop clients,US
2026-08-19T10:51,u3454@contoso.example,Office 365 Exchange Online,50126,Invalid username or password,1 Sign-in fails,Mobile Apps and Desktop clients,US
2026-08-19T11:10,u1688@contoso.example,Service Desk,50011,Reply URL mismatch,7 App authentication,Browser,US
2026-08-19T11:11,u4366@contoso.example,Office 365 Exchange Online,50158,External MFA challenge not met,2 MFA problems,Browser,IN
2026-08-19T11:18,u2687@contoso.example,Office 365 Exchange Online,50074,"MFA required, not completed",2 MFA problems,Browser,IN
2026-08-19T11:35,u2566@contoso.example,HR Portal,50126,Invalid username or password,1 Sign-in fails,Browser,SG
2026-08-19T11:42,u2382@contoso.example,Payroll,53000,Device not compliant,15 Compliance and PRT,Mobile Apps and Desktop clients,IN
2026-08-19T11:44,u3408@contoso.example,Service Desk,500121,MFA challenge failed,2 MFA problems,Mobile Apps and Desktop clients,IN
2026-08-19T11:44,u2456@contoso.example,VPN,50126,Invalid username or password,1 Sign-in fails,Browser,IN
2026-08-19T11:45,u1591@contoso.example,Azure Portal,50074,"MFA required, not completed",2 MFA problems,Browser,IN
2026-08-19T11:46,u2694@contoso.example,Service Desk,53000,Device not compliant,15 Compliance and PRT,Exchange ActiveSync,GB
2026-08-19T11:49,u3297@contoso.example,Service Desk,50126,Invalid username or password,1 Sign-in fails,Browser,DE
2026-08-19T12:02,u4736@contoso.example,Payroll,50126,Invalid username or password,1 Sign-in fails,IMAP4,IN
2026-08-19T12:08,u4890@contoso.example,HR Portal,50126,Invalid username or password,1 Sign-in fails,Browser,IN
2026-08-19T12:14,u2212@contoso.example,Office 365 Exchange Online,53000,Device not compliant,15 Compliance and PRT,Mobile Apps and Desktop clients,US
2026-08-19T12:17,u2814@contoso.example,VPN,50053,Account locked (smart lockout),5 Lockout loop,Browser,US
2026-08-19T12:18,u1270@contoso.example,VPN,53003,Blocked by Conditional Access,3 Conditional Access,Mobile Apps and Desktop clients,IN
2026-08-19T12:19,u3561@contoso.example,SharePoint Online,50126,Invalid username or password,1 Sign-in fails,Browser,SG
2026-08-19T12:42,u1590@contoso.example,Payroll,70043,Sign-in frequency expired,6 Repeated prompts,IMAP4,US
2026-08-19T12:43,u3872@contoso.example,VPN,53003,Blocked by Conditional Access,3 Conditional Access,Browser,IN
2026-08-19T12:44,u4034@contoso.example,CRM,500121,MFA challenge failed,2 MFA problems,Mobile Apps and Desktop clients,GB
2026-08-19T12:47,u2226@contoso.example,SharePoint Online,50126,Invalid username or password,1 Sign-in fails,Mobile Apps and Desktop clients,IN
2026-08-19T12:47,u3915@contoso.example,Service Desk,50126,Invalid username or password,1 Sign-in fails,Browser,DE
2026-08-19T12:51,u2190@contoso.example,Azure Portal,50126,Invalid username or password,1 Sign-in fails,Browser,IN
2026-08-19T12:51,u3779@contoso.example,SharePoint Online,50126,Invalid username or password,1 Sign-in fails,Browser,SG
2026-08-19T12:51,u4672@contoso.example,Payroll,50126,Invalid username or password,1 Sign-in fails,Browser,GB
2026-08-19T12:59,u2556@contoso.example,Office 365 Exchange Online,50053,Account locked (smart lockout),5 Lockout loop,Browser,GB
2026-08-19T13:09,u4947@contoso.example,CRM,50126,Invalid username or password,1 Sign-in fails,Mobile Apps and Desktop clients,US
2026-08-19T13:20,u1521@contoso.example,Payroll,53003,Blocked by Conditional Access,3 Conditional Access,Mobile Apps and Desktop clients,US
2026-08-19T13:20,u1277@contoso.example,HR Portal,53003,Blocked by Conditional Access,3 Conditional Access,Mobile Apps and Desktop clients,DE
2026-08-19T13:38,u1602@contoso.example,Microsoft Teams,50053,Account locked (smart lockout),5 Lockout loop,Exchange ActiveSync,DE
2026-08-19T13:50,u1541@contoso.example,Azure Portal,50105,User not assigned to app,9 Assignment and consent,Browser,IN
2026-08-19T13:51,u3459@contoso.example,HR Portal,50055,Password expired,1 Sign-in fails,Browser,IN
2026-08-19T13:52,u2535@contoso.example,Service Desk,53000,Device not compliant,15 Compliance and PRT,Browser,IN
2026-08-19T14:04,u2336@contoso.example,Azure Portal,50053,Account locked (smart lockout),5 Lockout loop,Mobile Apps and Desktop clients,US
2026-08-19T14:04,u1096@contoso.example,Office 365 Exchange Online,50126,Invalid username or password,1 Sign-in fails,Browser,US
2026-08-19T14:11,u2724@contoso.example,Payroll,50126,Invalid username or password,1 Sign-in fails,IMAP4,US
2026-08-19T14:14,u4246@contoso.example,Service Desk,50126,Invalid username or password,1 Sign-in fails,Mobile Apps and Desktop clients,US
2026-08-19T14:30,u2805@contoso.example,Microsoft Teams,90072,Guest account not in tenant,22 Guest access,Mobile Apps and Desktop clients,IN
2026-08-19T14:42,u1323@contoso.example,CRM,50126,Invalid username or password,1 Sign-in fails,Mobile Apps and Desktop clients,IN
2026-08-19T14:46,u2526@contoso.example,Azure Portal,50126,Invalid username or password,1 Sign-in fails,Browser,IN
2026-08-19T14:55,u3217@contoso.example,Office 365 Exchange Online,50105,User not assigned to app,9 Assignment and consent,Mobile Apps and Desktop clients,SG
2026-08-19T15:17,u3102@contoso.example,Office 365 Exchange Online,50126,Invalid username or password,1 Sign-in fails,Mobile Apps and Desktop clients,SG
2026-08-19T15:33,u2209@contoso.example,SharePoint Online,50053,Account locked (smart lockout),5 Lockout loop,Browser,IN
2026-08-19T15:36,u3625@contoso.example,VPN,50053,Account locked (smart lockout),5 Lockout loop,Browser,IN
2026-08-19T15:42,u1129@contoso.example,SharePoint Online,53003,Blocked by Conditional Access,3 Conditional Access,Mobile Apps and Desktop clients,IN
2026-08-19T15:44,u2482@contoso.example,Microsoft Teams,50126,Invalid username or password,1 Sign-in fails,Browser,IN
2026-08-19T15:44,u2080@contoso.example,Office 365 Exchange Online,50126,Invalid username or password,1 Sign-in fails,Mobile Apps and Desktop clients,US
2026-08-19T15:52,u1097@contoso.example,HR Portal,50126,Invalid username or password,1 Sign-in fails,Mobile Apps and Desktop clients,US
2026-08-19T16:09,u1773@contoso.example,Office 365 Exchange Online,90072,Guest account not in tenant,22 Guest access,Mobile Apps and Desktop clients,IN
2026-08-19T16:14,u3910@contoso.example,Payroll,50126,Invalid username or password,1 Sign-in fails,Mobile Apps and Desktop clients,SG
2026-08-19T16:37,u2065@contoso.example,Payroll,50074,"MFA required, not completed",2 MFA problems,Browser,IN
2026-08-19T16:37,u2121@contoso.example,Service Desk,50158,External MFA challenge not met,2 MFA problems,Mobile Apps and Desktop clients,IN
2026-08-19T16:47,u4719@contoso.example,Azure Portal,50053,Account locked (smart lockout),5 Lockout loop,Exchange ActiveSync,IN
2026-08-19T16:56,u1841@contoso.example,Payroll,500121,MFA challenge failed,2 MFA problems,Browser,IN
2026-08-19T17:02,u1122@contoso.example,CRM,50053,Account locked (smart lockout),5 Lockout loop,Browser,DE
2026-08-19T17:08,u2045@contoso.example,CRM,53003,Blocked by Conditional Access,3 Conditional Access,Browser,IN
2026-08-19T17:13,u1424@contoso.example,CRM,50126,Invalid username or password,1 Sign-in fails,Mobile Apps and Desktop clients,US
2026-08-19T17:17,u1048@contoso.example,Office 365 Exchange Online,500121,MFA challenge failed,2 MFA problems,Mobile Apps and Desktop clients,IN
2026-08-19T17:30,u4730@contoso.example,Service Desk,90072,Guest account not in tenant,22 Guest access,Browser,US
2026-08-19T17:33,u2276@contoso.example,SharePoint Online,90072,Guest account not in tenant,22 Guest access,Exchange ActiveSync,IN
2026-08-19T17:34,u4763@contoso.example,Office 365 Exchange Online,50126,Invalid username or password,1 Sign-in fails,IMAP4,GB
2026-08-19T17:37,u3841@contoso.example,CRM,50126,Invalid username or password,1 Sign-in fails,Browser,DE
2026-08-19T17:40,u4510@contoso.example,Payroll,50126,Invalid username or password,1 Sign-in fails,Browser,SG
2026-08-19T17:41,u3523@contoso.example,CRM,50126,Invalid username or password,1 Sign-in fails,Mobile Apps and Desktop clients,IN
2026-08-19T17:42,u3782@contoso.example,Service Desk,50105,User not assigned to app,9 Assignment and consent,Browser,IN
2026-08-19T17:54,u4083@contoso.example,Azure Portal,50126,Invalid username or password,1 Sign-in fails,Browser,DE
2026-08-19T17:56,u2438@contoso.example,Office 365 Exchange Online,50158,External MFA challenge not met,2 MFA problems,Mobile Apps and Desktop clients,IN
2026-08-19T18:02,u1979@contoso.example,SharePoint Online,500121,MFA challenge failed,2 MFA problems,Mobile Apps and Desktop clients,IN
2026-08-19T18:08,u1208@contoso.example,HR Portal,70043,Sign-in frequency expired,6 Repeated prompts,Browser,US
2026-08-19T18:24,u3191@contoso.example,Microsoft Teams,50126,Invalid username or password,1 Sign-in fails,Browser,SG
2026-08-19T18:38,u3268@contoso.example,HR Portal,53003,Blocked by Conditional Access,3 Conditional Access,Browser,IN
2026-08-19T18:38,u1098@contoso.example,Payroll,50126,Invalid username or password,1 Sign-in fails,Mobile Apps and Desktop clients,IN
2026-08-19T18:39,u4202@contoso.example,HR Portal,50126,Invalid username or password,1 Sign-in fails,Browser,GB
2026-08-19T18:53,u2517@contoso.example,VPN,53003,Blocked by Conditional Access,3 Conditional Access,Browser,US
2026-08-19T19:00,u1770@contoso.example,Microsoft Teams,50105,User not assigned to app,9 Assignment and consent,Browser,IN
2026-08-19T19:04,u3439@contoso.example,VPN,50126,Invalid username or password,1 Sign-in fails,Browser,IN
2026-08-19T19:07,u1387@contoso.example,CRM,500121,MFA challenge failed,2 MFA problems,Mobile Apps and Desktop clients,US
2026-08-19T19:10,u2978@contoso.example,Office 365 Exchange Online,53000,Device not compliant,15 Compliance and PRT,Browser,IN
2026-08-19T19:14,u3704@contoso.example,HR Portal,500121,MFA challenge failed,2 MFA problems,Browser,US
2026-08-19T19:25,u3608@contoso.example,CRM,50074,"MFA required, not completed",2 MFA problems,Mobile Apps and Desktop clients,IN
2026-08-19T19:44,u4753@contoso.example,Service Desk,50105,User not assigned to app,9 Assignment and consent,Mobile Apps and Desktop clients,IN
2026-08-19T19:52,u3117@contoso.example,Microsoft Teams,500121,MFA challenge failed,2 MFA problems,Mobile Apps and Desktop clients,GB
2026-08-19T19:57,u4376@contoso.example,SharePoint Online,90072,Guest account not in tenant,22 Guest access,Mobile Apps and Desktop clients,US
2026-08-19T20:03,u1355@contoso.example,CRM,50126,Invalid username or password,1 Sign-in fails,Mobile Apps and Desktop clients,IN
2026-08-19T20:03,u4418@contoso.example,VPN,50074,"MFA required, not completed",2 MFA problems,Browser,US
2026-08-19T20:12,u3090@contoso.example,Service Desk,500121,MFA challenge failed,2 MFA problems,Browser,IN
2026-08-19T20:16,u1005@contoso.example,Service Desk,500121,MFA challenge failed,2 MFA problems,Mobile Apps and Desktop clients,GB
2026-08-19T20:22,u4631@contoso.example,Payroll,50011,Reply URL mismatch,7 App authentication,Mobile Apps and Desktop clients,IN
2026-08-19T20:33,u3691@contoso.example,SharePoint Online,50126,Invalid username or password,1 Sign-in fails,Browser,IN
2026-08-19T20:42,u1190@contoso.example,Microsoft Teams,50053,Account locked (smart lockout),5 Lockout loop,Mobile Apps and Desktop clients,IN
2026-08-19T20:52,u3253@contoso.example,SharePoint Online,50074,"MFA required, not completed",2 MFA problems,Mobile Apps and Desktop clients,GB
2026-08-19T20:53,u2695@contoso.example,Office 365 Exchange Online,50074,"MFA required, not completed",2 MFA problems,Browser,US
2026-08-19T21:09,u3682@contoso.example,Microsoft Teams,50126,Invalid username or password,1 Sign-in fails,Mobile Apps and Desktop clients,US
2026-08-19T21:09,u4372@contoso.example,SharePoint Online,50055,Password expired,1 Sign-in fails,Browser,IN
2026-08-19T21:13,u3252@contoso.example,Microsoft Teams,53003,Blocked by Conditional Access,3 Conditional Access,Browser,US
2026-08-19T21:20,u2020@contoso.example,SharePoint Online,50105,User not assigned to app,9 Assignment and consent,Mobile Apps and Desktop clients,US
2026-08-19T21:22,u4506@contoso.example,Payroll,500121,MFA challenge failed,2 MFA problems,Browser,GB
2026-08-19T21:22,u1971@contoso.example,CRM,50011,Reply URL mismatch,7 App authentication,Mobile Apps and Desktop clients,DE
2026-08-19T21:30,u1522@contoso.example,Service Desk,50126,Invalid username or password,1 Sign-in fails,Mobile Apps and Desktop clients,IN
2026-08-19T21:42,u1082@contoso.example,Office 365 Exchange Online,500121,MFA challenge failed,2 MFA problems,Mobile Apps and Desktop clients,IN
2026-08-19T21:45,u2871@contoso.example,Office 365 Exchange Online,50126,Invalid username or password,1 Sign-in fails,Mobile Apps and Desktop clients,US
2026-08-19T21:50,u4754@contoso.example,Office 365 Exchange Online,65001,Consent not granted,9 Assignment and consent,Mobile Apps and Desktop clients,US
2026-08-19T21:57,u4291@contoso.example,CRM,500121,MFA challenge failed,2 MFA problems,Browser,GB
2026-08-19T21:59,u2050@contoso.example,Azure Portal,50053,Account locked (smart lockout),5 Lockout loop,Mobile Apps and Desktop clients,IN
2026-08-19T22:02,u3066@contoso.example,Azure Portal,53003,Blocked by Conditional Access,3 Conditional Access,Mobile Apps and Desktop clients,IN
2026-08-19T22:05,u2866@contoso.example,HR Portal,50105,User not assigned to app,9 Assignment and consent,Browser,IN
2026-08-19T22:09,u1381@contoso.example,CRM,65001,Consent not granted,9 Assignment and consent,Mobile Apps and Desktop clients,IN
2026-08-19T22:13,u4523@contoso.example,CRM,50126,Invalid username or password,1 Sign-in fails,Mobile Apps and Desktop clients,US
2026-08-19T22:20,u1292@contoso.example,Azure Portal,50074,"MFA required, not completed",2 MFA problems,Mobile Apps and Desktop clients,IN
2026-08-19T22:21,u3927@contoso.example,Azure Portal,50105,User not assigned to app,9 Assignment and consent,Browser,GB
2026-08-19T22:23,u1357@contoso.example,SharePoint Online,50057,Account disabled,1 Sign-in fails,Browser,IN
2026-08-19T22:28,u1239@contoso.example,VPN,53000,Device not compliant,15 Compliance and PRT,Mobile Apps and Desktop clients,US
2026-08-19T22:34,u3483@contoso.example,HR Portal,50074,"MFA required, not completed",2 MFA problems,Mobile Apps and Desktop clients,IN
2026-08-19T22:48,u2646@contoso.example,Microsoft Teams,53000,Device not compliant,15 Compliance and PRT,Browser,US
2026-08-19T22:55,u1613@contoso.example,SharePoint Online,50074,"MFA required, not completed",2 MFA problems,Browser,IN
2026-08-19T22:55,u4408@contoso.example,CRM,50074,"MFA required, not completed",2 MFA problems,Browser,SG
2026-08-19T22:59,u2705@contoso.example,Service Desk,50074,"MFA required, not completed",2 MFA problems,Browser,IN
2026-08-19T23:00,u4918@contoso.example,VPN,50055,Password expired,1 Sign-in fails,Exchange ActiveSync,IN
2026-08-19T23:08,u3650@contoso.example,SharePoint Online,65001,Consent not granted,9 Assignment and consent,Mobile Apps and Desktop clients,IN
2026-08-19T23:13,u2819@contoso.example,Azure Portal,53003,Blocked by Conditional Access,3 Conditional Access,Browser,IN
2026-08-19T23:19,u4412@contoso.example,VPN,50055,Password expired,1 Sign-in fails,Mobile Apps and Desktop clients,GB
2026-08-19T23:28,u4792@contoso.example,Microsoft Teams,70043,Sign-in frequency expired,6 Repeated prompts,Browser,IN
2026-08-19T23:29,u1873@contoso.example,Service Desk,70043,Sign-in frequency expired,6 Repeated prompts,Mobile Apps and Desktop clients,SG
2026-08-19T23:44,u4805@contoso.example,CRM,50126,Invalid username or password,1 Sign-in fails,Mobile Apps and Desktop clients,US
2026-08-19T23:49,u1271@contoso.example,Payroll,50074,"MFA required, not completed",2 MFA problems,Browser,DE
2026-08-19T23:59,u3761@contoso.example,Payroll,50011,Reply URL mismatch,7 App authentication,Browser,GB
2026-08-20T00:07,u4001@contoso.example,Microsoft Teams,50053,Account locked (smart lockout),5 Lockout loop,Mobile Apps and Desktop clients,US
2026-08-20T00:13,u2185@contoso.example,Microsoft Teams,53003,Blocked by Conditional Access,3 Conditional Access,Browser,SG
2026-08-20T00:13,u4446@contoso.example,Azure Portal,70043,Sign-in frequency expired,6 Repeated prompts,Browser,GB
2026-08-20T00:24,u2840@contoso.example,VPN,500121,MFA challenge failed,2 MFA problems,Browser,US
2026-08-20T00:26,u3912@contoso.example,CRM,53000,Device not compliant,15 Compliance and PRT,Browser,DE
2026-08-20T00:29,u4450@contoso.example,SharePoint Online,50126,Invalid username or password,1 Sign-in fails,Mobile Apps and Desktop clients,US
2026-08-20T00:32,u4305@contoso.example,HR Portal,50105,User not assigned to app,9 Assignment and consent,Mobile Apps and Desktop clients,GB
2026-08-20T00:39,u3207@contoso.example,Microsoft Teams,53003,Blocked by Conditional Access,3 Conditional Access,Mobile Apps and Desktop clients,IN
2026-08-20T00:48,u1701@contoso.example,VPN,500121,MFA challenge failed,2 MFA problems,Browser,IN
2026-08-20T00:53,u3226@contoso.example,Office 365 Exchange Online,70043,Sign-in frequency expired,6 Repeated prompts,Mobile Apps and Desktop clients,IN
2026-08-20T00:54,u3881@contoso.example,Azure Portal,500121,MFA challenge failed,2 MFA problems,Exchange ActiveSync,DE
2026-08-20T00:56,u4894@contoso.example,HR Portal,53003,Blocked by Conditional Access,3 Conditional Access,Mobile Apps and Desktop clients,IN
2026-08-20T00:57,u1329@contoso.example,Azure Portal,50126,Invalid username or password,1 Sign-in fails,Browser,IN
2026-08-20T01:00,u4163@contoso.example,VPN,50126,Invalid username or password,1 Sign-in fails,Mobile Apps and Desktop clients,IN
2026-08-20T01:05,u2330@contoso.example,Office 365 Exchange Online,50126,Invalid username or password,1 Sign-in fails,Browser,IN
2026-08-20T01:07,u4207@contoso.example,VPN,50126,Invalid username or password,1 Sign-in fails,Mobile Apps and Desktop clients,DE
2026-08-20T01:09,u2841@contoso.example,Office 365 Exchange Online,50074,"MFA required, not completed",2 MFA problems,IMAP4,US
2026-08-20T01:17,u4957@contoso.example,SharePoint Online,500121,MFA challenge failed,2 MFA problems,Mobile Apps and Desktop clients,GB
2026-08-20T01:17,u3250@contoso.example,CRM,50126,Invalid username or password,1 Sign-in fails,Mobile Apps and Desktop clients,IN
2026-08-20T01:18,u4843@contoso.example,Microsoft Teams,500121,MFA challenge failed,2 MFA problems,Mobile Apps and Desktop clients,GB
2026-08-20T01:22,u2378@contoso.example,Service Desk,50126,Invalid username or password,1 Sign-in fails,Browser,IN
2026-08-20T01:23,u4936@contoso.example,Office 365 Exchange Online,50074,"MFA required, not completed",2 MFA problems,Mobile Apps and Desktop clients,US
2026-08-20T01:24,u2805@contoso.example,HR Portal,53003,Blocked by Conditional Access,3 Conditional Access,Mobile Apps and Desktop clients,IN
2026-08-20T01:40,u3204@contoso.example,Payroll,70043,Sign-in frequency expired,6 Repeated prompts,Mobile Apps and Desktop clients,DE
2026-08-20T02:17,u2261@contoso.example,Service Desk,53003,Blocked by Conditional Access,3 Conditional Access,Mobile Apps and Desktop clients,SG
2026-08-20T02:18,u1460@contoso.example,Azure Portal,500121,MFA challenge failed,2 MFA problems,Browser,US
2026-08-20T02:26,u3149@contoso.example,HR Portal,500121,MFA challenge failed,2 MFA problems,Mobile Apps and Desktop clients,IN
2026-08-20T02:45,u4442@contoso.example,SharePoint Online,50126,Invalid username or password,1 Sign-in fails,Browser,IN
2026-08-20T02:48,u4368@contoso.example,CRM,50126,Invalid username or password,1 Sign-in fails,Browser,SG
2026-08-20T02:49,u3180@contoso.example,CRM,50053,Account locked (smart lockout),5 Lockout loop,Browser,IN
2026-08-20T02:59,u2044@contoso.example,CRM,70043,Sign-in frequency expired,6 Repeated prompts,Browser,IN
2026-08-20T03:08,u1444@contoso.example,Microsoft Teams,500121,MFA challenge failed,2 MFA problems,Mobile Apps and Desktop clients,IN
2026-08-20T03:09,u2882@contoso.example,HR Portal,50055,Password expired,1 Sign-in fails,Browser,GB
2026-08-20T03:16,u4228@contoso.example,VPN,70043,Sign-in frequency expired,6 Repeated prompts,Browser,US
2026-08-20T03:26,u2680@contoso.example,CRM,53003,Blocked by Conditional Access,3 Conditional Access,Mobile Apps and Desktop clients,US
2026-08-20T03:27,u1867@contoso.example,HR Portal,50053,Account locked (smart lockout),5 Lockout loop,Mobile Apps and Desktop clients,US
2026-08-20T03:28,u3627@contoso.example,VPN,53003,Blocked by Conditional Access,3 Conditional Access,Browser,IN
2026-08-20T03:32,u3033@contoso.example,VPN,53000,Device not compliant,15 Compliance and PRT,Browser,US
2026-08-20T03:32,u3010@contoso.example,VPN,50053,Account locked (smart lockout),5 Lockout loop,Browser,US
2026-08-20T03:32,u3914@contoso.example,Azure Portal,50057,Account disabled,1 Sign-in fails,Browser,IN
2026-08-20T03:35,u3600@contoso.example,VPN,500121,MFA challenge failed,2 MFA problems,Mobile Apps and Desktop clients,IN
2026-08-20T03:39,u4201@contoso.example,Office 365 Exchange Online,70043,Sign-in frequency expired,6 Repeated prompts,Exchange ActiveSync,DE
2026-08-20T03:48,u3340@contoso.example,Azure Portal,50126,Invalid username or password,1 Sign-in fails,Mobile Apps and Desktop clients,DE
2026-08-20T03:49,u4527@contoso.example,SharePoint Online,500121,MFA challenge failed,2 MFA problems,Browser,GB
2026-08-20T03:54,u4047@contoso.example,VPN,50126,Invalid username or password,1 Sign-in fails,Mobile Apps and Desktop clients,IN
2026-08-20T03:55,u1993@contoso.example,HR Portal,70043,Sign-in frequency expired,6 Repeated prompts,Mobile Apps and Desktop clients,IN
2026-08-20T03:57,u4701@contoso.example,HR Portal,50053,Account locked (smart lockout),5 Lockout loop,Mobile Apps and Desktop clients,DE
2026-08-20T04:01,u2092@contoso.example,Office 365 Exchange Online,50074,"MFA required, not completed",2 MFA problems,Mobile Apps and Desktop clients,US
2026-08-20T04:06,u2287@contoso.example,HR Portal,50055,Password expired,1 Sign-in fails,Browser,US
2026-08-20T04:17,u2947@contoso.example,VPN,50126,Invalid username or password,1 Sign-in fails,Browser,DE
2026-08-20T04:27,u2033@contoso.example,Microsoft Teams,53000,Device not compliant,15 Compliance and PRT,Browser,US
2026-08-20T04:32,u3875@contoso.example,Service Desk,70043,Sign-in frequency expired,6 Repeated prompts,Mobile Apps and Desktop clients,IN
2026-08-20T04:49,u1974@contoso.example,Payroll,50126,Invalid username or password,1 Sign-in fails,IMAP4,IN
2026-08-20T04:52,u3288@contoso.example,Azure Portal,50053,Account locked (smart lockout),5 Lockout loop,Mobile Apps and Desktop clients,IN
2026-08-20T04:52,u2160@contoso.example,VPN,50074,"MFA required, not completed",2 MFA problems,Browser,US
2026-08-20T05:00,u2408@contoso.example,HR Portal,70043,Sign-in frequency expired,6 Repeated prompts,IMAP4,US
2026-08-20T05:16,u3842@contoso.example,SharePoint Online,50105,User not assigned to app,9 Assignment and consent,Browser,IN
2026-08-20T05:22,u2986@contoso.example,Azure Portal,50011,Reply URL mismatch,7 App authentication,Mobile Apps and Desktop clients,IN
2026-08-20T05:26,u1883@contoso.example,Service Desk,50126,Invalid username or password,1 Sign-in fails,Browser,IN
2026-08-20T05:36,u2393@contoso.example,Service Desk,50105,User not assigned to app,9 Assignment and consent,Browser,SG
2026-08-20T05:45,u3069@contoso.example,Microsoft Teams,53000,Device not compliant,15 Compliance and PRT,Mobile Apps and Desktop clients,GB
2026-08-20T05:57,u4555@contoso.example,Office 365 Exchange Online,50011,Reply URL mismatch,7 App authentication,Exchange ActiveSync,US
2026-08-20T05:57,u1673@contoso.example,Office 365 Exchange Online,500121,MFA challenge failed,2 MFA problems,Mobile Apps and Desktop clients,IN
2026-08-20T06:05,u4871@contoso.example,Office 365 Exchange Online,500121,MFA challenge failed,2 MFA problems,Browser,IN
2026-08-20T06:06,u1369@contoso.example,Azure Portal,50074,"MFA required, not completed",2 MFA problems,Mobile Apps and Desktop clients,US
2026-08-20T06:12,u4038@contoso.example,VPN,53003,Blocked by Conditional Access,3 Conditional Access,Browser,IN
2026-08-20T06:13,u3945@contoso.example,SharePoint Online,50055,Password expired,1 Sign-in fails,Mobile Apps and Desktop clients,IN
2026-08-20T06:17,u4650@contoso.example,SharePoint Online,50126,Invalid username or password,1 Sign-in fails,Browser,US
2026-08-20T06:30,u3340@contoso.example,Office 365 Exchange Online,50126,Invalid username or password,1 Sign-in fails,Mobile Apps and Desktop clients,IN
2026-08-20T06:45,u4815@contoso.example,SharePoint Online,53003,Blocked by Conditional Access,3 Conditional Access,Browser,IN
2026-08-20T06:50,u3442@contoso.example,Service Desk,70043,Sign-in frequency expired,6 Repeated prompts,Mobile Apps and Desktop clients,US
2026-08-20T06:56,u3984@contoso.example,Azure Portal,90072,Guest account not in tenant,22 Guest access,Browser,US
2026-08-20T07:00,u3338@contoso.example,HR Portal,50011,Reply URL mismatch,7 App authentication,Browser,GB
2026-08-20T07:04,u3218@contoso.example,Payroll,50126,Invalid username or password,1 Sign-in fails,Browser,IN
2026-08-20T07:16,u1366@contoso.example,Azure Portal,500121,MFA challenge failed,2 MFA problems,Browser,IN
2026-08-20T07:25,u3255@contoso.example,Payroll,500121,MFA challenge failed,2 MFA problems,Mobile Apps and Desktop clients,IN
2026-08-20T07:27,u1117@contoso.example,Payroll,50126,Invalid username or password,1 Sign-in fails,Browser,IN
2026-08-20T07:39,u4504@contoso.example,Microsoft Teams,50074,"MFA required, not completed",2 MFA problems,Browser,IN
2026-08-20T07:40,u2667@contoso.example,VPN,50105,User not assigned to app,9 Assignment and consent,Browser,IN
2026-08-20T07:46,u3445@contoso.example,Azure Portal,53003,Blocked by Conditional Access,3 Conditional Access,Mobile Apps and Desktop clients,IN
2026-08-20T08:02,u2028@contoso.example,Service Desk,53003,Blocked by Conditional Access,3 Conditional Access,Mobile Apps and Desktop clients,US
2026-08-20T08:03,u1474@contoso.example,SharePoint Online,50126,Invalid username or password,1 Sign-in fails,Browser,IN
2026-08-20T08:07,u1388@contoso.example,Payroll,53003,Blocked by Conditional Access,3 Conditional Access,Browser,US
2026-08-20T08:16,u4781@contoso.example,Microsoft Teams,500121,MFA challenge failed,2 MFA problems,Mobile Apps and Desktop clients,GB
2026-08-20T08:22,u1896@contoso.example,SharePoint Online,70043,Sign-in frequency expired,6 Repeated prompts,Mobile Apps and Desktop clients,US
2026-08-20T08:22,u1419@contoso.example,HR Portal,50126,Invalid username or password,1 Sign-in fails,Browser,SG
2026-08-20T08:22,u3098@contoso.example,Office 365 Exchange Online,53000,Device not compliant,15 Compliance and PRT,Browser,IN
2026-08-20T08:43,u1251@contoso.example,CRM,50126,Invalid username or password,1 Sign-in fails,Mobile Apps and Desktop clients,US
2026-08-20T08:45,u1656@contoso.example,SharePoint Online,50011,Reply URL mismatch,7 App authentication,Browser,IN
2026-08-20T08:57,u3275@contoso.example,SharePoint Online,53003,Blocked by Conditional Access,3 Conditional Access,Mobile Apps and Desktop clients,IN
2026-08-20T08:58,u4393@contoso.example,Azure Portal,50126,Invalid username or password,1 Sign-in fails,Browser,IN
2026-08-20T09:08,u3142@contoso.example,VPN,50105,User not assigned to app,9 Assignment and consent,Browser,IN
2026-08-20T09:11,u4083@contoso.example,Service Desk,50126,Invalid username or password,1 Sign-in fails,Mobile Apps and Desktop clients,US
2026-08-20T09:19,u1380@contoso.example,Office 365 Exchange Online,500121,MFA challenge failed,2 MFA problems,Mobile Apps and Desktop clients,SG
2026-08-20T09:25,u2847@contoso.example,CRM,50074,"MFA required, not completed",2 MFA problems,Browser,IN
2026-08-20T09:29,u3393@contoso.example,Service Desk,50105,User not assigned to app,9 Assignment and consent,Browser,GB
2026-08-20T09:36,u3507@contoso.example,Azure Portal,50057,Account disabled,1 Sign-in fails,Mobile Apps and Desktop clients,IN
2026-08-20T09:39,u2655@contoso.example,Azure Portal,50011,Reply URL mismatch,7 App authentication,Browser,IN
2026-08-20T09:51,u3998@contoso.example,CRM,50011,Reply URL mismatch,7 App authentication,Mobile Apps and Desktop clients,GB
2026-08-20T09:52,u3630@contoso.example,Office 365 Exchange Online,53000,Device not compliant,15 Compliance and PRT,Exchange ActiveSync,IN
2026-08-20T09:52,u2027@contoso.example,VPN,50053,Account locked (smart lockout),5 Lockout loop,Mobile Apps and Desktop clients,IN
2026-08-20T09:55,u2227@contoso.example,HR Portal,53003,Blocked by Conditional Access,3 Conditional Access,IMAP4,GB
2026-08-20T10:15,u2035@contoso.example,Service Desk,50057,Account disabled,1 Sign-in fails,Mobile Apps and Desktop clients,IN
2026-08-20T10:15,u1581@contoso.example,CRM,500121,MFA challenge failed,2 MFA problems,Mobile Apps and Desktop clients,IN
2026-08-20T10:30,u1859@contoso.example,VPN,500121,MFA challenge failed,2 MFA problems,Mobile Apps and Desktop clients,US
2026-08-20T10:30,u4274@contoso.example,VPN,65001,Consent not granted,9 Assignment and consent,Mobile Apps and Desktop clients,US
2026-08-20T10:33,u2961@contoso.example,Microsoft Teams,50105,User not assigned to app,9 Assignment and consent,Mobile Apps and Desktop clients,IN
2026-08-20T10:36,u4828@contoso.example,Microsoft Teams,53000,Device not compliant,15 Compliance and PRT,Mobile Apps and Desktop clients,US
2026-08-20T10:44,u2094@contoso.example,Office 365 Exchange Online,70043,Sign-in frequency expired,6 Repeated prompts,Browser,SG
2026-08-20T10:45,u4454@contoso.example,Payroll,50105,User not assigned to app,9 Assignment and consent,Browser,IN
2026-08-20T11:05,u2514@contoso.example,Azure Portal,50126,Invalid username or password,1 Sign-in fails,Browser,IN
2026-08-20T11:14,u4208@contoso.example,CRM,50126,Invalid username or password,1 Sign-in fails,Browser,GB
2026-08-20T11:23,u4846@contoso.example,CRM,50126,Invalid username or password,1 Sign-in fails,IMAP4,GB
2026-08-20T11:27,u2609@contoso.example,Service Desk,50126,Invalid username or password,1 Sign-in fails,Browser,IN
2026-08-20T11:54,u3812@contoso.example,CRM,50053,Account locked (smart lockout),5 Lockout loop,Mobile Apps and Desktop clients,US
2026-08-20T11:58,u2993@contoso.example,HR Portal,50158,External MFA challenge not met,2 MFA problems,Browser,US
2026-08-20T12:02,u4101@contoso.example,HR Portal,50053,Account locked (smart lockout),5 Lockout loop,Mobile Apps and Desktop clients,IN
2026-08-20T12:03,u2356@contoso.example,HR Portal,65001,Consent not granted,9 Assignment and consent,Browser,IN
2026-08-20T12:09,u1555@contoso.example,CRM,50126,Invalid username or password,1 Sign-in fails,Browser,IN
2026-08-20T12:11,u3849@contoso.example,Service Desk,53003,Blocked by Conditional Access,3 Conditional Access,Browser,GB
2026-08-20T12:13,u3139@contoso.example,Payroll,65001,Consent not granted,9 Assignment and consent,Browser,IN
2026-08-20T12:24,u3101@contoso.example,Service Desk,50105,User not assigned to app,9 Assignment and consent,Mobile Apps and Desktop clients,IN
2026-08-20T12:28,u3459@contoso.example,Service Desk,50057,Account disabled,1 Sign-in fails,Browser,SG
2026-08-20T12:31,u2014@contoso.example,SharePoint Online,500121,MFA challenge failed,2 MFA problems,Mobile Apps and Desktop clients,IN
2026-08-20T12:32,u1939@contoso.example,CRM,53003,Blocked by Conditional Access,3 Conditional Access,Mobile Apps and Desktop clients,IN
2026-08-20T12:36,u4953@contoso.example,CRM,50057,Account disabled,1 Sign-in fails,Browser,IN
2026-08-20T12:37,u1956@contoso.example,Service Desk,50126,Invalid username or password,1 Sign-in fails,Browser,US
2026-08-20T12:42,u4461@contoso.example,Payroll,50074,"MFA required, not completed",2 MFA problems,IMAP4,GB
2026-08-20T12:43,u4671@contoso.example,Payroll,50055,Password expired,1 Sign-in fails,IMAP4,US
2026-08-20T12:55,u1818@contoso.example,VPN,50074,"MFA required, not completed",2 MFA problems,Browser,US
2026-08-20T12:58,u1127@contoso.example,VPN,50126,Invalid username or password,1 Sign-in fails,Mobile Apps and Desktop clients,IN
2026-08-20T13:01,u2913@contoso.example,Service Desk,50126,Invalid username or password,1 Sign-in fails,Browser,US
2026-08-20T13:04,u2378@contoso.example,VPN,50053,Account locked (smart lockout),5 Lockout loop,Mobile Apps and Desktop clients,IN
2026-08-20T13:31,u3213@contoso.example,Azure Portal,50126,Invalid username or password,1 Sign-in fails,IMAP4,US
2026-08-20T13:32,u4121@contoso.example,HR Portal,500121,MFA challenge failed,2 MFA problems,Mobile Apps and Desktop clients,IN
2026-08-20T13:53,u1370@contoso.example,VPN,90072,Guest account not in tenant,22 Guest access,Mobile Apps and Desktop clients,IN
2026-08-20T14:11,u3273@contoso.example,Payroll,50053,Account locked (smart lockout),5 Lockout loop,Mobile Apps and Desktop clients,SG
2026-08-20T14:20,u3467@contoso.example,SharePoint Online,50057,Account disabled,1 Sign-in fails,Mobile Apps and Desktop clients,IN
2026-08-20T14:21,u3445@contoso.example,VPN,50053,Account locked (smart lockout),5 Lockout loop,Mobile Apps and Desktop clients,IN
2026-08-20T14:32,u4473@contoso.example,SharePoint Online,50126,Invalid username or password,1 Sign-in fails,Browser,IN
2026-08-20T14:39,u1163@contoso.example,Azure Portal,70043,Sign-in frequency expired,6 Repeated prompts,Browser,SG
2026-08-20T14:49,u2451@contoso.example,Azure Portal,50126,Invalid username or password,1 Sign-in fails,Browser,GB
2026-08-20T15:13,u3018@contoso.example,Azure Portal,500121,MFA challenge failed,2 MFA problems,Mobile Apps and Desktop clients,IN
2026-08-20T15:20,u2701@contoso.example,Office 365 Exchange Online,50053,Account locked (smart lockout),5 Lockout loop,Mobile Apps and Desktop clients,IN
2026-08-20T15:32,u3876@contoso.example,Azure Portal,50126,Invalid username or password,1 Sign-in fails,Mobile Apps and Desktop clients,US
2026-08-20T15:36,u1276@contoso.example,Service Desk,50105,User not assigned to app,9 Assignment and consent,Mobile Apps and Desktop clients,IN
2026-08-20T15:49,u1863@contoso.example,Payroll,50158,External MFA challenge not met,2 MFA problems,Exchange ActiveSync,IN
2026-08-20T15:50,u2729@contoso.example,Azure Portal,50126,Invalid username or password,1 Sign-in fails,Browser,US
2026-08-20T15:54,u3397@contoso.example,Microsoft Teams,53003,Blocked by Conditional Access,3 Conditional Access,Browser,IN
2026-08-20T16:02,u1630@contoso.example,Azure Portal,50057,Account disabled,1 Sign-in fails,Browser,IN
2026-08-20T16:12,u2231@contoso.example,CRM,53003,Blocked by Conditional Access,3 Conditional Access,Browser,GB
2026-08-20T16:22,u2727@contoso.example,Office 365 Exchange Online,500121,MFA challenge failed,2 MFA problems,Mobile Apps and Desktop clients,GB
2026-08-20T16:23,u4401@contoso.example,CRM,50126,Invalid username or password,1 Sign-in fails,Browser,SG
2026-08-20T16:44,u4435@contoso.example,CRM,50074,"MFA required, not completed",2 MFA problems,Exchange ActiveSync,GB
2026-08-20T16:55,u4242@contoso.example,HR Portal,50126,Invalid username or password,1 Sign-in fails,Browser,US
2026-08-20T16:57,u2335@contoso.example,Service Desk,50126,Invalid username or password,1 Sign-in fails,Browser,DE
2026-08-20T17:19,u4955@contoso.example,SharePoint Online,50074,"MFA required, not completed",2 MFA problems,Browser,IN
2026-08-20T17:25,u4114@contoso.example,SharePoint Online,500121,MFA challenge failed,2 MFA problems,Mobile Apps and Desktop clients,GB
2026-08-20T17:43,u1988@contoso.example,Service Desk,500121,MFA challenge failed,2 MFA problems,Mobile Apps and Desktop clients,DE
2026-08-20T17:45,u1435@contoso.example,Microsoft Teams,50074,"MFA required, not completed",2 MFA problems,Mobile Apps and Desktop clients,IN
2026-08-20T17:49,u4025@contoso.example,Payroll,500121,MFA challenge failed,2 MFA problems,Mobile Apps and Desktop clients,IN
2026-08-20T17:53,u2420@contoso.example,Service Desk,50158,External MFA challenge not met,2 MFA problems,Browser,US
2026-08-20T17:54,u2552@contoso.example,SharePoint Online,50057,Account disabled,1 Sign-in fails,Exchange ActiveSync,SG
2026-08-20T18:00,u4396@contoso.example,Office 365 Exchange Online,50055,Password expired,1 Sign-in fails,Browser,IN
2026-08-20T18:07,u4546@contoso.example,Azure Portal,50105,User not assigned to app,9 Assignment and consent,Mobile Apps and Desktop clients,DE
2026-08-20T18:22,u2706@contoso.example,Microsoft Teams,50053,Account locked (smart lockout),5 Lockout loop,Mobile Apps and Desktop clients,IN
2026-08-20T18:27,u2435@contoso.example,Azure Portal,500121,MFA challenge failed,2 MFA problems,Mobile Apps and Desktop clients,US
2026-08-20T18:44,u4077@contoso.example,HR Portal,53003,Blocked by Conditional Access,3 Conditional Access,Browser,IN
2026-08-20T18:45,u4178@contoso.example,VPN,50126,Invalid username or password,1 Sign-in fails,Mobile Apps and Desktop clients,IN
2026-08-20T18:53,u3639@contoso.example,VPN,50074,"MFA required, not completed",2 MFA problems,Mobile Apps and Desktop clients,IN
2026-08-20T19:00,u1198@contoso.example,CRM,70043,Sign-in frequency expired,6 Repeated prompts,Browser,IN
2026-08-20T19:02,u2766@contoso.example,CRM,50074,"MFA required, not completed",2 MFA problems,Browser,IN
2026-08-20T19:04,u2124@contoso.example,Office 365 Exchange Online,50074,"MFA required, not completed",2 MFA problems,Browser,US
2026-08-20T19:15,u4880@contoso.example,SharePoint Online,500121,MFA challenge failed,2 MFA problems,Browser,US
2026-08-20T19:15,u4192@contoso.example,Payroll,50126,Invalid username or password,1 Sign-in fails,Browser,GB
2026-08-20T19:16,u1534@contoso.example,CRM,50053,Account locked (smart lockout),5 Lockout loop,Browser,IN
2026-08-20T19:20,u3232@contoso.example,HR Portal,50057,Account disabled,1 Sign-in fails,Mobile Apps and Desktop clients,IN
2026-08-20T19:20,u3014@contoso.example,Service Desk,50074,"MFA required, not completed",2 MFA problems,Mobile Apps and Desktop clients,GB
2026-08-20T19:21,u2301@contoso.example,VPN,53003,Blocked by Conditional Access,3 Conditional Access,Browser,IN
2026-08-20T19:23,u3648@contoso.example,Microsoft Teams,50105,User not assigned to app,9 Assignment and consent,Mobile Apps and Desktop clients,IN
2026-08-20T19:30,u2678@contoso.example,Microsoft Teams,53003,Blocked by Conditional Access,3 Conditional Access,Exchange ActiveSync,US
2026-08-20T19:30,u3966@contoso.example,SharePoint Online,50126,Invalid username or password,1 Sign-in fails,Browser,US
2026-08-20T19:33,u1827@contoso.example,SharePoint Online,50057,Account disabled,1 Sign-in fails,Mobile Apps and Desktop clients,IN
2026-08-20T19:33,u1032@contoso.example,HR Portal,500121,MFA challenge failed,2 MFA problems,Browser,IN
2026-08-20T19:34,u1380@contoso.example,VPN,50126,Invalid username or password,1 Sign-in fails,Browser,IN
2026-08-20T19:39,u4189@contoso.example,VPN,50057,Account disabled,1 Sign-in fails,Browser,IN
2026-08-20T19:53,u2184@contoso.example,CRM,53000,Device not compliant,15 Compliance and PRT,Mobile Apps and Desktop clients,US
2026-08-20T20:04,u1593@contoso.example,HR Portal,50126,Invalid username or password,1 Sign-in fails,Exchange ActiveSync,IN
2026-08-20T20:09,u1382@contoso.example,Microsoft Teams,53003,Blocked by Conditional Access,3 Conditional Access,Browser,DE
2026-08-20T20:17,u3099@contoso.example,Azure Portal,50105,User not assigned to app,9 Assignment and consent,Exchange ActiveSync,IN
2026-08-20T20:23,u4823@contoso.example,HR Portal,50105,User not assigned to app,9 Assignment and consent,Mobile Apps and Desktop clients,IN
2026-08-20T20:28,u1085@contoso.example,SharePoint Online,500121,MFA challenge failed,2 MFA problems,Browser,IN
2026-08-20T20:33,u4920@contoso.example,Service Desk,50126,Invalid username or password,1 Sign-in fails,Mobile Apps and Desktop clients,GB
2026-08-20T20:35,u4483@contoso.example,Microsoft Teams,50126,Invalid username or password,1 Sign-in fails,Mobile Apps and Desktop clients,GB
2026-08-20T20:39,u3483@contoso.example,Payroll,53000,Device not compliant,15 Compliance and PRT,Browser,DE
2026-08-20T20:44,u3071@contoso.example,CRM,50074,"MFA required, not completed",2 MFA problems,Mobile Apps and Desktop clients,IN
2026-08-20T20:58,u2184@contoso.example,Microsoft Teams,53000,Device not compliant,15 Compliance and PRT,Mobile Apps and Desktop clients,DE
2026-08-20T21:02,u2412@contoso.example,Microsoft Teams,50053,Account locked (smart lockout),5 Lockout loop,Mobile Apps and Desktop clients,IN
2026-08-20T21:05,u2452@contoso.example,Azure Portal,53000,Device not compliant,15 Compliance and PRT,Mobile Apps and Desktop clients,US
2026-08-20T21:10,u4243@contoso.example,CRM,90072,Guest account not in tenant,22 Guest access,Mobile Apps and Desktop clients,IN
2026-08-20T21:15,u2125@contoso.example,SharePoint Online,53000,Device not compliant,15 Compliance and PRT,Browser,US
2026-08-20T21:26,u2616@contoso.example,HR Portal,70043,Sign-in frequency expired,6 Repeated prompts,Browser,US
2026-08-20T21:51,u3597@contoso.example,Service Desk,50105,User not assigned to app,9 Assignment and consent,Mobile Apps and Desktop clients,DE
2026-08-20T22:06,u4912@contoso.example,Service Desk,50053,Account locked (smart lockout),5 Lockout loop,Mobile Apps and Desktop clients,IN
2026-08-20T22:06,u1574@contoso.example,CRM,50126,Invalid username or password,1 Sign-in fails,Mobile Apps and Desktop clients,GB
2026-08-20T22:06,u4981@contoso.example,Azure Portal,50126,Invalid username or password,1 Sign-in fails,Mobile Apps and Desktop clients,DE
2026-08-20T22:14,u3670@contoso.example,Azure Portal,50126,Invalid username or password,1 Sign-in fails,Mobile Apps and Desktop clients,IN
2026-08-20T22:18,u4597@contoso.example,CRM,50074,"MFA required, not completed",2 MFA problems,Mobile Apps and Desktop clients,IN
2026-08-20T22:33,u4706@contoso.example,SharePoint Online,500121,MFA challenge failed,2 MFA problems,Browser,IN
2026-08-20T22:39,u4000@contoso.example,Azure Portal,50126,Invalid username or password,1 Sign-in fails,Exchange ActiveSync,DE
2026-08-20T22:42,u3217@contoso.example,Service Desk,50074,"MFA required, not completed",2 MFA problems,Browser,US
2026-08-20T23:09,u2843@contoso.example,Payroll,50057,Account disabled,1 Sign-in fails,Browser,IN
2026-08-20T23:16,u3971@contoso.example,HR Portal,50074,"MFA required, not completed",2 MFA problems,Mobile Apps and Desktop clients,IN
2026-08-20T23:21,u1103@contoso.example,CRM,50053,Account locked (smart lockout),5 Lockout loop,Browser,IN
2026-08-20T23:28,u1056@contoso.example,Service Desk,50074,"MFA required, not completed",2 MFA problems,Browser,US
2026-08-21T00:18,u4664@contoso.example,Azure Portal,70043,Sign-in frequency expired,6 Repeated prompts,Browser,IN
2026-08-21T00:26,u1482@contoso.example,Service Desk,50126,Invalid username or password,1 Sign-in fails,Mobile Apps and Desktop clients,IN
2026-08-21T00:35,u1217@contoso.example,HR Portal,53003,Blocked by Conditional Access,3 Conditional Access,Browser,IN
2026-08-21T00:41,u3822@contoso.example,CRM,53003,Blocked by Conditional Access,3 Conditional Access,Mobile Apps and Desktop clients,IN
2026-08-21T00:47,u3973@contoso.example,SharePoint Online,50055,Password expired,1 Sign-in fails,Browser,US
2026-08-21T00:51,u4490@contoso.example,CRM,53003,Blocked by Conditional Access,3 Conditional Access,Mobile Apps and Desktop clients,IN
2026-08-21T00:56,u3375@contoso.example,VPN,500121,MFA challenge failed,2 MFA problems,Browser,US
2026-08-21T00:59,u4983@contoso.example,Payroll,50126,Invalid username or password,1 Sign-in fails,Browser,DE
2026-08-21T00:59,u1547@contoso.example,Azure Portal,50126,Invalid username or password,1 Sign-in fails,Browser,GB
2026-08-21T01:02,u1796@contoso.example,VPN,50126,Invalid username or password,1 Sign-in fails,Browser,IN
2026-08-21T01:16,u3227@contoso.example,HR Portal,50105,User not assigned to app,9 Assignment and consent,Exchange ActiveSync,IN
2026-08-21T01:20,u1188@contoso.example,Microsoft Teams,70043,Sign-in frequency expired,6 Repeated prompts,Browser,IN
2026-08-21T01:34,u2066@contoso.example,VPN,50074,"MFA required, not completed",2 MFA problems,Browser,US
2026-08-21T01:47,u4006@contoso.example,Service Desk,50055,Password expired,1 Sign-in fails,Mobile Apps and Desktop clients,IN
2026-08-21T02:05,u4017@contoso.example,Microsoft Teams,50126,Invalid username or password,1 Sign-in fails,Browser,IN
2026-08-21T02:16,u4184@contoso.example,Service Desk,50126,Invalid username or password,1 Sign-in fails,Exchange ActiveSync,IN
2026-08-21T02:18,u2550@contoso.example,CRM,53000,Device not compliant,15 Compliance and PRT,Browser,US
2026-08-21T02:49,u2696@contoso.example,Service Desk,500121,MFA challenge failed,2 MFA problems,Browser,IN
2026-08-21T02:49,u3663@contoso.example,SharePoint Online,50126,Invalid username or password,1 Sign-in fails,Exchange ActiveSync,SG
2026-08-21T02:51,u3635@contoso.example,Service Desk,500121,MFA challenge failed,2 MFA problems,Browser,US
2026-08-21T02:52,u2478@contoso.example,Payroll,50126,Invalid username or password,1 Sign-in fails,Browser,US
2026-08-21T02:56,u4580@contoso.example,Service Desk,90072,Guest account not in tenant,22 Guest access,Browser,GB
2026-08-21T03:09,u1292@contoso.example,Azure Portal,50126,Invalid username or password,1 Sign-in fails,Mobile Apps and Desktop clients,IN
2026-08-21T03:21,u1615@contoso.example,Azure Portal,53003,Blocked by Conditional Access,3 Conditional Access,Mobile Apps and Desktop clients,GB
2026-08-21T03:32,u1929@contoso.example,HR Portal,50126,Invalid username or password,1 Sign-in fails,Mobile Apps and Desktop clients,US
2026-08-21T03:43,u3671@contoso.example,Microsoft Teams,50126,Invalid username or password,1 Sign-in fails,Mobile Apps and Desktop clients,GB
2026-08-21T03:58,u2392@contoso.example,Payroll,500121,MFA challenge failed,2 MFA problems,Mobile Apps and Desktop clients,US
2026-08-21T03:59,u3944@contoso.example,Microsoft Teams,50074,"MFA required, not completed",2 MFA problems,Browser,GB
2026-08-21T04:05,u2402@contoso.example,Payroll,50126,Invalid username or password,1 Sign-in fails,Mobile Apps and Desktop clients,IN
2026-08-21T04:16,u3134@contoso.example,Microsoft Teams,50126,Invalid username or password,1 Sign-in fails,Mobile Apps and Desktop clients,GB
2026-08-21T04:17,u1162@contoso.example,SharePoint Online,50055,Password expired,1 Sign-in fails,Browser,IN
2026-08-21T04:29,u1301@contoso.example,Microsoft Teams,53003,Blocked by Conditional Access,3 Conditional Access,Browser,IN
2026-08-21T04:45,u1463@contoso.example,Payroll,50126,Invalid username or password,1 Sign-in fails,Browser,IN
2026-08-21T05:00,u1285@contoso.example,Microsoft Teams,50126,Invalid username or password,1 Sign-in fails,Browser,IN
2026-08-21T05:11,u3500@contoso.example,Service Desk,53003,Blocked by Conditional Access,3 Conditional Access,Mobile Apps and Desktop clients,GB
2026-08-21T05:18,u1956@contoso.example,CRM,53003,Blocked by Conditional Access,3 Conditional Access,Browser,US
2026-08-21T05:20,u4023@contoso.example,Service Desk,50126,Invalid username or password,1 Sign-in fails,Mobile Apps and Desktop clients,US
2026-08-21T05:27,u4942@contoso.example,Office 365 Exchange Online,50126,Invalid username or password,1 Sign-in fails,Mobile Apps and Desktop clients,IN
2026-08-21T05:39,u2026@contoso.example,HR Portal,50074,"MFA required, not completed",2 MFA problems,Mobile Apps and Desktop clients,IN
2026-08-21T05:48,u1631@contoso.example,HR Portal,50074,"MFA required, not completed",2 MFA problems,Browser,IN
2026-08-21T05:51,u3187@contoso.example,Payroll,50126,Invalid username or password,1 Sign-in fails,Browser,IN
2026-08-21T06:06,u2098@contoso.example,CRM,50074,"MFA required, not completed",2 MFA problems,Browser,US
2026-08-21T06:07,u3604@contoso.example,Service Desk,500121,MFA challenge failed,2 MFA problems,Browser,DE
2026-08-21T06:13,u2436@contoso.example,HR Portal,50053,Account locked (smart lockout),5 Lockout loop,Browser,IN
2026-08-21T06:15,u3753@contoso.example,Microsoft Teams,50105,User not assigned to app,9 Assignment and consent,Browser,GB
2026-08-21T06:31,u3434@contoso.example,SharePoint Online,50126,Invalid username or password,1 Sign-in fails,Browser,IN
2026-08-21T06:41,u4581@contoso.example,Payroll,50053,Account locked (smart lockout),5 Lockout loop,Browser,US
2026-08-21T07:01,u1076@contoso.example,CRM,50126,Invalid username or password,1 Sign-in fails,Browser,US
2026-08-21T07:07,u1343@contoso.example,Payroll,50074,"MFA required, not completed",2 MFA problems,Browser,SG
2026-08-21T07:13,u4305@contoso.example,Office 365 Exchange Online,50158,External MFA challenge not met,2 MFA problems,Browser,GB
2026-08-21T07:15,u3702@contoso.example,Payroll,53003,Blocked by Conditional Access,3 Conditional Access,Browser,IN
2026-08-21T07:19,u1874@contoso.example,HR Portal,50105,User not assigned to app,9 Assignment and consent,Browser,IN
2026-08-21T07:48,u4207@contoso.example,SharePoint Online,53000,Device not compliant,15 Compliance and PRT,Browser,IN
2026-08-21T07:57,u1323@contoso.example,SharePoint Online,50105,User not assigned to app,9 Assignment and consent,Browser,IN
2026-08-21T08:16,u2923@contoso.example,Microsoft Teams,50105,User not assigned to app,9 Assignment and consent,Mobile Apps and Desktop clients,GB
2026-08-21T08:35,u2035@contoso.example,Service Desk,53003,Blocked by Conditional Access,3 Conditional Access,Browser,IN
2026-08-21T08:42,u4195@contoso.example,HR Portal,500121,MFA challenge failed,2 MFA problems,Browser,IN
2026-08-21T08:44,u2169@contoso.example,Payroll,50126,Invalid username or password,1 Sign-in fails,Mobile Apps and Desktop clients,US
2026-08-21T09:08,u2094@contoso.example,VPN,50053,Account locked (smart lockout),5 Lockout loop,Mobile Apps and Desktop clients,US
2026-08-21T09:22,u1420@contoso.example,VPN,53003,Blocked by Conditional Access,3 Conditional Access,Browser,GB
2026-08-21T09:33,u3153@contoso.example,Payroll,500121,MFA challenge failed,2 MFA problems,Mobile Apps and Desktop clients,GB
2026-08-21T09:36,u3613@contoso.example,Microsoft Teams,50158,External MFA challenge not met,2 MFA problems,Browser,IN
2026-08-21T09:37,u4963@contoso.example,HR Portal,50053,Account locked (smart lockout),5 Lockout loop,Browser,GB
2026-08-21T10:24,u3539@contoso.example,VPN,50055,Password expired,1 Sign-in fails,Browser,IN
2026-08-21T10:43,u4925@contoso.example,Payroll,53003,Blocked by Conditional Access,3 Conditional Access,Browser,DE
2026-08-21T10:45,u4959@contoso.example,Office 365 Exchange Online,65001,Consent not granted,9 Assignment and consent,Browser,IN
2026-08-21T11:16,u3207@contoso.example,CRM,50057,Account disabled,1 Sign-in fails,Browser,GB
2026-08-21T11:16,u2806@contoso.example,Payroll,50053,Account locked (smart lockout),5 Lockout loop,Browser,US
2026-08-21T11:27,u4543@contoso.example,SharePoint Online,53000,Device not compliant,15 Compliance and PRT,Mobile Apps and Desktop clients,IN
2026-08-21T11:29,u3412@contoso.example,Payroll,500121,MFA challenge failed,2 MFA problems,Mobile Apps and Desktop clients,IN
2026-08-21T11:35,u2061@contoso.example,HR Portal,70043,Sign-in frequency expired,6 Repeated prompts,Mobile Apps and Desktop clients,IN
2026-08-21T11:54,u4130@contoso.example,Payroll,50055,Password expired,1 Sign-in fails,Browser,SG
2026-08-21T12:07,u3009@contoso.example,HR Portal,53003,Blocked by Conditional Access,3 Conditional Access,Browser,DE
2026-08-21T12:23,u1998@contoso.example,CRM,50126,Invalid username or password,1 Sign-in fails,Mobile Apps and Desktop clients,US
2026-08-21T12:23,u3248@contoso.example,Service Desk,500121,MFA challenge failed,2 MFA problems,Browser,SG
2026-08-21T12:55,u4642@contoso.example,SharePoint Online,50053,Account locked (smart lockout),5 Lockout loop,Mobile Apps and Desktop clients,IN
2026-08-21T12:55,u2126@contoso.example,VPN,50126,Invalid username or password,1 Sign-in fails,Browser,IN
2026-08-21T12:56,u4064@contoso.example,Service Desk,50074,"MFA required, not completed",2 MFA problems,Browser,GB
2026-08-21T13:35,u2067@contoso.example,Service Desk,50053,Account locked (smart lockout),5 Lockout loop,Mobile Apps and Desktop clients,US
2026-08-21T13:37,u2753@contoso.example,CRM,50126,Invalid username or password,1 Sign-in fails,Mobile Apps and Desktop clients,IN
2026-08-21T13:41,u1309@contoso.example,Microsoft Teams,50057,Account disabled,1 Sign-in fails,Browser,US
2026-08-21T14:02,u2818@contoso.example,Azure Portal,50057,Account disabled,1 Sign-in fails,Browser,IN
2026-08-21T14:19,u2618@contoso.example,VPN,53003,Blocked by Conditional Access,3 Conditional Access,Mobile Apps and Desktop clients,IN
2026-08-21T14:21,u1419@contoso.example,Payroll,50053,Account locked (smart lockout),5 Lockout loop,Mobile Apps and Desktop clients,US
2026-08-21T14:24,u2441@contoso.example,Service Desk,53003,Blocked by Conditional Access,3 Conditional Access,Browser,US
2026-08-21T14:54,u2045@contoso.example,SharePoint Online,50126,Invalid username or password,1 Sign-in fails,Browser,US
2026-08-21T14:57,u1177@contoso.example,Microsoft Teams,50105,User not assigned to app,9 Assignment and consent,Mobile Apps and Desktop clients,DE
2026-08-21T15:03,u3718@contoso.example,Microsoft Teams,50055,Password expired,1 Sign-in fails,Browser,IN
2026-08-21T15:18,u3443@contoso.example,Microsoft Teams,50053,Account locked (smart lockout),5 Lockout loop,Browser,IN
2026-08-21T15:25,u2566@contoso.example,Payroll,53000,Device not compliant,15 Compliance and PRT,Browser,IN
2026-08-21T15:30,u2396@contoso.example,SharePoint Online,50055,Password expired,1 Sign-in fails,Browser,US
2026-08-21T15:32,u1556@contoso.example,CRM,500121,MFA challenge failed,2 MFA problems,Browser,IN
2026-08-21T15:36,u2109@contoso.example,Service Desk,50053,Account locked (smart lockout),5 Lockout loop,Browser,IN
2026-08-21T15:37,u4905@contoso.example,SharePoint Online,500121,MFA challenge failed,2 MFA problems,Mobile Apps and Desktop clients,IN
2026-08-21T15:44,u1950@contoso.example,Microsoft Teams,50126,Invalid username or password,1 Sign-in fails,Exchange ActiveSync,SG
2026-08-21T15:50,u3962@contoso.example,HR Portal,50105,User not assigned to app,9 Assignment and consent,Mobile Apps and Desktop clients,US
2026-08-21T15:54,u3684@contoso.example,SharePoint Online,50011,Reply URL mismatch,7 App authentication,Mobile Apps and Desktop clients,IN
2026-08-21T15:55,u1291@contoso.example,HR Portal,50053,Account locked (smart lockout),5 Lockout loop,Exchange ActiveSync,GB
2026-08-21T15:58,u3118@contoso.example,VPN,53000,Device not compliant,15 Compliance and PRT,Mobile Apps and Desktop clients,IN
2026-08-21T16:12,u3269@contoso.example,Service Desk,53003,Blocked by Conditional Access,3 Conditional Access,Mobile Apps and Desktop clients,IN
2026-08-21T16:17,u1629@contoso.example,Microsoft Teams,53000,Device not compliant,15 Compliance and PRT,Mobile Apps and Desktop clients,GB
2026-08-21T16:20,u4502@contoso.example,Office 365 Exchange Online,70043,Sign-in frequency expired,6 Repeated prompts,Mobile Apps and Desktop clients,IN
2026-08-21T16:21,u3661@contoso.example,Payroll,50053,Account locked (smart lockout),5 Lockout loop,Browser,IN
2026-08-21T16:21,u1886@contoso.example,Service Desk,50126,Invalid username or password,1 Sign-in fails,Mobile Apps and Desktop clients,US
2026-08-21T16:31,u1156@contoso.example,Payroll,50126,Invalid username or password,1 Sign-in fails,Browser,IN
2026-08-21T16:34,u1442@contoso.example,Microsoft Teams,50126,Invalid username or password,1 Sign-in fails,Browser,IN
2026-08-21T16:39,u2338@contoso.example,VPN,50053,Account locked (smart lockout),5 Lockout loop,Mobile Apps and Desktop clients,IN
2026-08-21T16:44,u2509@contoso.example,Service Desk,500121,MFA challenge failed,2 MFA problems,Mobile Apps and Desktop clients,GB
2026-08-21T16:47,u4271@contoso.example,SharePoint Online,50126,Invalid username or password,1 Sign-in fails,Browser,IN
2026-08-21T16:57,u2962@contoso.example,SharePoint Online,90072,Guest account not in tenant,22 Guest access,Browser,DE
2026-08-21T16:59,u2168@contoso.example,Azure Portal,50055,Password expired,1 Sign-in fails,Mobile Apps and Desktop clients,US
2026-08-21T17:26,u2697@contoso.example,HR Portal,53000,Device not compliant,15 Compliance and PRT,Mobile Apps and Desktop clients,IN
2026-08-21T17:55,u1201@contoso.example,HR Portal,50074,"MFA required, not completed",2 MFA problems,Browser,IN
2026-08-21T18:04,u4268@contoso.example,CRM,90072,Guest account not in tenant,22 Guest access,Browser,IN
2026-08-21T18:07,u1048@contoso.example,HR Portal,65001,Consent not granted,9 Assignment and consent,Mobile Apps and Desktop clients,IN
2026-08-21T18:24,u2420@contoso.example,Service Desk,70043,Sign-in frequency expired,6 Repeated prompts,Browser,GB
2026-08-21T18:27,u4893@contoso.example,CRM,50053,Account locked (smart lockout),5 Lockout loop,Browser,IN
2026-08-21T18:38,u1002@contoso.example,Azure Portal,50126,Invalid username or password,1 Sign-in fails,Browser,US
2026-08-21T18:45,u4479@contoso.example,Service Desk,50105,User not assigned to app,9 Assignment and consent,Browser,US
2026-08-21T18:48,u4135@contoso.example,HR Portal,50126,Invalid username or password,1 Sign-in fails,Mobile Apps and Desktop clients,US
2026-08-21T18:52,u2074@contoso.example,VPN,53003,Blocked by Conditional Access,3 Conditional Access,Browser,US
2026-08-21T18:53,u4039@contoso.example,Payroll,500121,MFA challenge failed,2 MFA problems,Exchange ActiveSync,US
2026-08-21T18:55,u3257@contoso.example,SharePoint Online,500121,MFA challenge failed,2 MFA problems,Browser,DE
2026-08-21T19:06,u3459@contoso.example,Service Desk,50055,Password expired,1 Sign-in fails,Mobile Apps and Desktop clients,GB
2026-08-21T19:20,u3815@contoso.example,HR Portal,50126,Invalid username or password,1 Sign-in fails,Browser,GB
2026-08-21T19:22,u4999@contoso.example,Microsoft Teams,53000,Device not compliant,15 Compliance and PRT,Mobile Apps and Desktop clients,IN
2026-08-21T19:38,u4399@contoso.example,Microsoft Teams,50126,Invalid username or password,1 Sign-in fails,Browser,US
2026-08-21T19:43,u2903@contoso.example,Azure Portal,50105,User not assigned to app,9 Assignment and consent,Mobile Apps and Desktop clients,IN
2026-08-21T19:54,u1151@contoso.example,Service Desk,50126,Invalid username or password,1 Sign-in fails,Browser,GB
2026-08-21T19:58,u1914@contoso.example,Service Desk,50057,Account disabled,1 Sign-in fails,Browser,IN
2026-08-21T20:01,u1749@contoso.example,CRM,50074,"MFA required, not completed",2 MFA problems,IMAP4,GB
2026-08-21T20:07,u1807@contoso.example,Service Desk,50126,Invalid username or password,1 Sign-in fails,Browser,SG
2026-08-21T20:08,u1925@contoso.example,Microsoft Teams,53003,Blocked by Conditional Access,3 Conditional Access,Exchange ActiveSync,US
2026-08-21T20:08,u4956@contoso.example,Payroll,50126,Invalid username or password,1 Sign-in fails,Browser,US
2026-08-21T20:10,u2245@contoso.example,Azure Portal,50053,Account locked (smart lockout),5 Lockout loop,Mobile Apps and Desktop clients,IN
2026-08-21T20:18,u4800@contoso.example,VPN,50126,Invalid username or password,1 Sign-in fails,Browser,SG
2026-08-21T20:33,u1354@contoso.example,Office 365 Exchange Online,500121,MFA challenge failed,2 MFA problems,Browser,DE
2026-08-21T20:48,u2772@contoso.example,Microsoft Teams,50126,Invalid username or password,1 Sign-in fails,Browser,IN
2026-08-21T20:53,u4839@contoso.example,HR Portal,50126,Invalid username or password,1 Sign-in fails,Mobile Apps and Desktop clients,GB
2026-08-21T21:05,u1403@contoso.example,HR Portal,500121,MFA challenge failed,2 MFA problems,Mobile Apps and Desktop clients,GB
2026-08-21T21:06,u1026@contoso.example,Payroll,50126,Invalid username or password,1 Sign-in fails,Browser,GB
2026-08-21T21:11,u3736@contoso.example,SharePoint Online,50126,Invalid username or password,1 Sign-in fails,Browser,SG
2026-08-21T21:18,u1099@contoso.example,HR Portal,53003,Blocked by Conditional Access,3 Conditional Access,Browser,US
2026-08-21T21:27,u2819@contoso.example,CRM,50126,Invalid username or password,1 Sign-in fails,Browser,IN
2026-08-21T21:28,u1186@contoso.example,Payroll,50126,Invalid username or password,1 Sign-in fails,Browser,US
2026-08-21T21:45,u4486@contoso.example,Service Desk,50105,User not assigned to app,9 Assignment and consent,Browser,DE
2026-08-21T22:00,u4324@contoso.example,VPN,50126,Invalid username or password,1 Sign-in fails,Mobile Apps and Desktop clients,SG
2026-08-21T22:01,u1165@contoso.example,HR Portal,50126,Invalid username or password,1 Sign-in fails,Browser,IN
2026-08-21T22:02,u4114@contoso.example,Service Desk,50053,Account locked (smart lockout),5 Lockout loop,Mobile Apps and Desktop clients,IN
2026-08-21T22:04,u1147@contoso.example,Office 365 Exchange Online,50055,Password expired,1 Sign-in fails,Browser,US
2026-08-21T22:09,u3897@contoso.example,SharePoint Online,53003,Blocked by Conditional Access,3 Conditional Access,Browser,US
2026-08-21T22:39,u2895@contoso.example,Office 365 Exchange Online,70043,Sign-in frequency expired,6 Repeated prompts,Mobile Apps and Desktop clients,IN
2026-08-21T22:40,u1272@contoso.example,VPN,50053,Account locked (smart lockout),5 Lockout loop,Mobile Apps and Desktop clients,IN
2026-08-21T22:42,u3379@contoso.example,Azure Portal,50126,Invalid username or password,1 Sign-in fails,Browser,US
2026-08-21T22:44,u2485@contoso.example,VPN,500121,MFA challenge failed,2 MFA problems,Exchange ActiveSync,IN
2026-08-21T23:07,u2417@contoso.example,SharePoint Online,50126,Invalid username or password,1 Sign-in fails,Browser,DE
2026-08-21T23:08,u4761@contoso.example,Payroll,50057,Account disabled,1 Sign-in fails,Mobile Apps and Desktop clients,IN
2026-08-21T23:12,u1491@contoso.example,SharePoint Online,50126,Invalid username or password,1 Sign-in fails,Browser,IN
2026-08-21T23:13,u2413@contoso.example,SharePoint Online,50126,Invalid username or password,1 Sign-in fails,Browser,IN
2026-08-21T23:16,u3584@contoso.example,VPN,70043,Sign-in frequency expired,6 Repeated prompts,Mobile Apps and Desktop clients,IN
2026-08-21T23:27,u4989@contoso.example,SharePoint Online,50053,Account locked (smart lockout),5 Lockout loop,Mobile Apps and Desktop clients,US
2026-08-21T23:29,u3375@contoso.example,Service Desk,50053,Account locked (smart lockout),5 Lockout loop,Mobile Apps and Desktop clients,IN
2026-08-21T23:37,u2966@contoso.example,SharePoint Online,500121,MFA challenge failed,2 MFA problems,Mobile Apps and Desktop clients,IN
2026-08-21T23:43,u2880@contoso.example,HR Portal,50126,Invalid username or password,1 Sign-in fails,Mobile Apps and Desktop clients,IN
2026-08-21T23:46,u2751@contoso.example,Payroll,500121,MFA challenge failed,2 MFA problems,Browser,IN
2026-08-21T23:47,u4464@contoso.example,SharePoint Online,50053,Account locked (smart lockout),5 Lockout loop,Browser,IN
2026-08-22T00:02,u2365@contoso.example,Azure Portal,50126,Invalid username or password,1 Sign-in fails,Mobile Apps and Desktop clients,IN
2026-08-22T00:03,u2948@contoso.example,CRM,50126,Invalid username or password,1 Sign-in fails,Browser,IN
2026-08-22T00:14,u2328@contoso.example,Azure Portal,500121,MFA challenge failed,2 MFA problems,Browser,DE
2026-08-22T00:15,u1093@contoso.example,Office 365 Exchange Online,50057,Account disabled,1 Sign-in fails,Browser,US
2026-08-22T00:20,u2851@contoso.example,Office 365 Exchange Online,50126,Invalid username or password,1 Sign-in fails,Browser,GB
2026-08-22T00:31,u2561@contoso.example,VPN,50126,Invalid username or password,1 Sign-in fails,Mobile Apps and Desktop clients,GB
2026-08-22T00:31,u1362@contoso.example,Office 365 Exchange Online,53003,Blocked by Conditional Access,3 Conditional Access,Browser,IN
2026-08-22T00:36,u2692@contoso.example,Office 365 Exchange Online,70043,Sign-in frequency expired,6 Repeated prompts,Browser,IN
2026-08-22T00:41,u1949@contoso.example,Azure Portal,50057,Account disabled,1 Sign-in fails,Mobile Apps and Desktop clients,IN
2026-08-22T00:52,u1097@contoso.example,Microsoft Teams,500121,MFA challenge failed,2 MFA problems,Exchange ActiveSync,US
2026-08-22T01:00,u2863@contoso.example,HR Portal,53003,Blocked by Conditional Access,3 Conditional Access,Mobile Apps and Desktop clients,US
2026-08-22T01:06,u1872@contoso.example,Azure Portal,53000,Device not compliant,15 Compliance and PRT,Exchange ActiveSync,IN
2026-08-22T01:27,u2143@contoso.example,Office 365 Exchange Online,50074,"MFA required, not completed",2 MFA problems,Mobile Apps and Desktop clients,US
2026-08-22T01:35,u1735@contoso.example,SharePoint Online,53000,Device not compliant,15 Compliance and PRT,Mobile Apps and Desktop clients,IN
2026-08-22T01:43,u3758@contoso.example,Payroll,90072,Guest account not in tenant,22 Guest access,Browser,IN
2026-08-22T01:44,u4019@contoso.example,CRM,53003,Blocked by Conditional Access,3 Conditional Access,Browser,GB
2026-08-22T01:50,u3713@contoso.example,HR Portal,50126,Invalid username or password,1 Sign-in fails,Browser,IN
2026-08-22T01:53,u3127@contoso.example,Azure Portal,50057,Account disabled,1 Sign-in fails,Mobile Apps and Desktop clients,US
2026-08-22T02:02,u4739@contoso.example,Service Desk,65001,Consent not granted,9 Assignment and consent,Mobile Apps and Desktop clients,US
2026-08-22T02:03,u4049@contoso.example,HR Portal,50055,Password expired,1 Sign-in fails,IMAP4,GB
2026-08-22T02:14,u1349@contoso.example,SharePoint Online,65001,Consent not granted,9 Assignment and consent,Mobile Apps and Desktop clients,US
2026-08-22T02:20,u3542@contoso.example,SharePoint Online,53000,Device not compliant,15 Compliance and PRT,Browser,IN
2026-08-22T02:32,u3827@contoso.example,CRM,50074,"MFA required, not completed",2 MFA problems,Browser,US
2026-08-22T02:48,u3443@contoso.example,Service Desk,50126,Invalid username or password,1 Sign-in fails,Mobile Apps and Desktop clients,US
2026-08-22T03:04,u2985@contoso.example,CRM,53003,Blocked by Conditional Access,3 Conditional Access,Browser,IN
2026-08-22T03:06,u2620@contoso.example,Service Desk,65001,Consent not granted,9 Assignment and consent,Browser,US
2026-08-22T03:08,u1017@contoso.example,Office 365 Exchange Online,50126,Invalid username or password,1 Sign-in fails,Mobile Apps and Desktop clients,IN
2026-08-22T03:17,u1835@contoso.example,VPN,50057,Account disabled,1 Sign-in fails,Mobile Apps and Desktop clients,IN
2026-08-22T03:29,u3848@contoso.example,CRM,50105,User not assigned to app,9 Assignment and consent,Mobile Apps and Desktop clients,GB
2026-08-22T03:50,u3117@contoso.example,Microsoft Teams,53000,Device not compliant,15 Compliance and PRT,Mobile Apps and Desktop clients,US
2026-08-22T04:07,u2521@contoso.example,HR Portal,50055,Password expired,1 Sign-in fails,Browser,IN
2026-08-22T04:25,u4752@contoso.example,Payroll,50074,"MFA required, not completed",2 MFA problems,Mobile Apps and Desktop clients,IN
2026-08-22T04:42,u2719@contoso.example,Payroll,500121,MFA challenge failed,2 MFA problems,Browser,IN
2026-08-22T04:50,u4068@contoso.example,Payroll,50074,"MFA required, not completed",2 MFA problems,Mobile Apps and Desktop clients,IN
2026-08-22T05:00,u2829@contoso.example,VPN,50053,Account locked (smart lockout),5 Lockout loop,Mobile Apps and Desktop clients,IN
2026-08-22T05:13,u4885@contoso.example,HR Portal,500121,MFA challenge failed,2 MFA problems,Mobile Apps and Desktop clients,IN
2026-08-22T05:29,u3954@contoso.example,Microsoft Teams,500121,MFA challenge failed,2 MFA problems,Mobile Apps and Desktop clients,US
2026-08-22T05:34,u3555@contoso.example,HR Portal,53003,Blocked by Conditional Access,3 Conditional Access,Browser,US
2026-08-22T05:34,u2744@contoso.example,SharePoint Online,50126,Invalid username or password,1 Sign-in fails,Mobile Apps and Desktop clients,US
2026-08-22T05:35,u1430@contoso.example,VPN,50074,"MFA required, not completed",2 MFA problems,Mobile Apps and Desktop clients,DE
2026-08-22T05:36,u3415@contoso.example,VPN,500121,MFA challenge failed,2 MFA problems,Browser,IN
2026-08-22T05:40,u4940@contoso.example,Payroll,70043,Sign-in frequency expired,6 Repeated prompts,Browser,US
2026-08-22T05:42,u2369@contoso.example,CRM,90072,Guest account not in tenant,22 Guest access,Browser,GB
2026-08-22T05:59,u4188@contoso.example,Azure Portal,50055,Password expired,1 Sign-in fails,Mobile Apps and Desktop clients,US
2026-08-22T06:21,u3403@contoso.example,VPN,500121,MFA challenge failed,2 MFA problems,Browser,IN
2026-08-22T06:24,u2097@contoso.example,Payroll,53000,Device not compliant,15 Compliance and PRT,Mobile Apps and Desktop clients,GB
2026-08-22T06:24,u1049@contoso.example,HR Portal,500121,MFA challenge failed,2 MFA problems,Browser,IN
2026-08-22T06:30,u1121@contoso.example,SharePoint Online,50053,Account locked (smart lockout),5 Lockout loop,Mobile Apps and Desktop clients,IN
2026-08-22T06:40,u3390@contoso.example,Office 365 Exchange Online,50011,Reply URL mismatch,7 App authentication,Browser,IN
2026-08-22T07:04,u4614@contoso.example,CRM,65001,Consent not granted,9 Assignment and consent,Browser,SG
2026-08-22T07:14,u3167@contoso.example,Service Desk,50074,"MFA required, not completed",2 MFA problems,IMAP4,GB
2026-08-22T07:28,u1398@contoso.example,CRM,50105,User not assigned to app,9 Assignment and consent,Browser,US
2026-08-22T07:30,u4748@contoso.example,SharePoint Online,50126,Invalid username or password,1 Sign-in fails,Exchange ActiveSync,IN
2026-08-22T07:42,u3631@contoso.example,Payroll,50053,Account locked (smart lockout),5 Lockout loop,Mobile Apps and Desktop clients,IN
2026-08-22T07:56,u3434@contoso.example,SharePoint Online,50126,Invalid username or password,1 Sign-in fails,Browser,US
2026-08-22T07:57,u1201@contoso.example,SharePoint Online,50126,Invalid username or password,1 Sign-in fails,IMAP4,SG
2026-08-22T08:03,u3285@contoso.example,HR Portal,50126,Invalid username or password,1 Sign-in fails,Browser,IN
2026-08-22T08:14,u1424@contoso.example,VPN,50074,"MFA required, not completed",2 MFA problems,Browser,US
2026-08-22T08:31,u3350@contoso.example,VPN,500121,MFA challenge failed,2 MFA problems,Browser,SG
2026-08-22T08:34,u1140@contoso.example,VPN,50126,Invalid username or password,1 Sign-in fails,Browser,GB
2026-08-22T08:48,u4119@contoso.example,VPN,500121,MFA challenge failed,2 MFA problems,Mobile Apps and Desktop clients,IN
2026-08-22T08:54,u4893@contoso.example,Microsoft Teams,50126,Invalid username or password,1 Sign-in fails,Browser,GB
2026-08-22T09:02,u2561@contoso.example,SharePoint Online,50053,Account locked (smart lockout),5 Lockout loop,Browser,IN
2026-08-22T09:10,u3980@contoso.example,CRM,65001,Consent not granted,9 Assignment and consent,Browser,DE
2026-08-22T09:13,u4899@contoso.example,Office 365 Exchange Online,53003,Blocked by Conditional Access,3 Conditional Access,Mobile Apps and Desktop clients,IN
2026-08-22T09:16,u3094@contoso.example,CRM,70043,Sign-in frequency expired,6 Repeated prompts,Browser,DE
2026-08-22T09:19,u2037@contoso.example,Microsoft Teams,50126,Invalid username or password,1 Sign-in fails,Browser,US
2026-08-22T09:22,u1727@contoso.example,Payroll,50126,Invalid username or password,1 Sign-in fails,Browser,US
2026-08-22T09:43,u2658@contoso.example,VPN,50105,User not assigned to app,9 Assignment and consent,Browser,IN
2026-08-22T09:47,u3777@contoso.example,Office 365 Exchange Online,50074,"MFA required, not completed",2 MFA problems,Browser,SG
2026-08-22T09:51,u1450@contoso.example,VPN,50074,"MFA required, not completed",2 MFA problems,Mobile Apps and Desktop clients,GB
2026-08-22T09:57,u1949@contoso.example,HR Portal,53000,Device not compliant,15 Compliance and PRT,Browser,DE
2026-08-22T10:00,u2170@contoso.example,Payroll,50105,User not assigned to app,9 Assignment and consent,Browser,IN
2026-08-22T10:03,u2354@contoso.example,Service Desk,500121,MFA challenge failed,2 MFA problems,Browser,IN
2026-08-22T10:07,u1911@contoso.example,HR Portal,70043,Sign-in frequency expired,6 Repeated prompts,Mobile Apps and Desktop clients,IN
2026-08-22T10:09,u4077@contoso.example,HR Portal,50126,Invalid username or password,1 Sign-in fails,Mobile Apps and Desktop clients,IN
2026-08-22T10:14,u3488@contoso.example,CRM,70043,Sign-in frequency expired,6 Repeated prompts,Browser,IN
2026-08-22T10:23,u4720@contoso.example,VPN,50011,Reply URL mismatch,7 App authentication,IMAP4,DE
2026-08-22T10:23,u3904@contoso.example,Service Desk,53000,Device not compliant,15 Compliance and PRT,Browser,US
2026-08-22T10:34,u1951@contoso.example,CRM,50074,"MFA required, not completed",2 MFA problems,Browser,IN
2026-08-22T11:10,u2654@contoso.example,Payroll,50126,Invalid username or password,1 Sign-in fails,Mobile Apps and Desktop clients,US
2026-08-22T11:11,u1563@contoso.example,CRM,53000,Device not compliant,15 Compliance and PRT,Mobile Apps and Desktop clients,IN
2026-08-22T11:12,u2339@contoso.example,Service Desk,50057,Account disabled,1 Sign-in fails,Mobile Apps and Desktop clients,IN
2026-08-22T11:31,u4827@contoso.example,Service Desk,50011,Reply URL mismatch,7 App authentication,Browser,IN
2026-08-22T11:54,u3700@contoso.example,Payroll,50126,Invalid username or password,1 Sign-in fails,Mobile Apps and Desktop clients,IN
2026-08-22T11:58,u1039@contoso.example,Office 365 Exchange Online,50158,External MFA challenge not met,2 MFA problems,Browser,GB
2026-08-22T12:04,u3167@contoso.example,CRM,50074,"MFA required, not completed",2 MFA problems,Mobile Apps and Desktop clients,IN
2026-08-22T12:16,u1995@contoso.example,CRM,50074,"MFA required, not completed",2 MFA problems,Mobile Apps and Desktop clients,IN
2026-08-22T12:22,u2494@contoso.example,Payroll,50105,User not assigned to app,9 Assignment and consent,Browser,DE
2026-08-22T12:25,u1011@contoso.example,Office 365 Exchange Online,500121,MFA challenge failed,2 MFA problems,Browser,US
2026-08-22T12:26,u2782@contoso.example,Azure Portal,500121,MFA challenge failed,2 MFA problems,Mobile Apps and Desktop clients,US
2026-08-22T12:36,u3888@contoso.example,Azure Portal,50126,Invalid username or password,1 Sign-in fails,Browser,US
2026-08-22T12:37,u4300@contoso.example,Office 365 Exchange Online,53003,Blocked by Conditional Access,3 Conditional Access,Browser,IN
2026-08-22T12:47,u3898@contoso.example,Payroll,65001,Consent not granted,9 Assignment and consent,Mobile Apps and Desktop clients,IN
2026-08-22T12:56,u3730@contoso.example,Microsoft Teams,500121,MFA challenge failed,2 MFA problems,Mobile Apps and Desktop clients,IN
2026-08-22T13:00,u1478@contoso.example,CRM,50057,Account disabled,1 Sign-in fails,Mobile Apps and Desktop clients,US
2026-08-22T13:08,u2304@contoso.example,SharePoint Online,65001,Consent not granted,9 Assignment and consent,Mobile Apps and Desktop clients,IN
2026-08-22T13:09,u2849@contoso.example,Service Desk,50055,Password expired,1 Sign-in fails,Mobile Apps and Desktop clients,DE
2026-08-22T13:13,u3690@contoso.example,VPN,50105,User not assigned to app,9 Assignment and consent,Browser,IN
2026-08-22T13:14,u3560@contoso.example,HR Portal,53003,Blocked by Conditional Access,3 Conditional Access,Browser,US
2026-08-22T13:20,u2601@contoso.example,VPN,50053,Account locked (smart lockout),5 Lockout loop,Mobile Apps and Desktop clients,GB
2026-08-22T13:47,u4282@contoso.example,Microsoft Teams,53003,Blocked by Conditional Access,3 Conditional Access,Mobile Apps and Desktop clients,IN
2026-08-22T13:50,u4733@contoso.example,SharePoint Online,53003,Blocked by Conditional Access,3 Conditional Access,Mobile Apps and Desktop clients,US
2026-08-22T13:55,u3069@contoso.example,Service Desk,50055,Password expired,1 Sign-in fails,Mobile Apps and Desktop clients,IN
2026-08-22T14:01,u1274@contoso.example,Microsoft Teams,50126,Invalid username or password,1 Sign-in fails,Mobile Apps and Desktop clients,IN
2026-08-22T14:11,u3037@contoso.example,SharePoint Online,53003,Blocked by Conditional Access,3 Conditional Access,Browser,DE
2026-08-22T14:14,u4618@contoso.example,SharePoint Online,53000,Device not compliant,15 Compliance and PRT,Browser,IN
2026-08-22T14:22,u3403@contoso.example,Payroll,65001,Consent not granted,9 Assignment and consent,Browser,IN
2026-08-22T14:23,u2752@contoso.example,VPN,65001,Consent not granted,9 Assignment and consent,Browser,SG
2026-08-22T14:30,u2501@contoso.example,SharePoint Online,70043,Sign-in frequency expired,6 Repeated prompts,Browser,SG
2026-08-22T14:33,u2959@contoso.example,CRM,50126,Invalid username or password,1 Sign-in fails,Browser,IN
2026-08-22T14:42,u2841@contoso.example,Office 365 Exchange Online,50057,Account disabled,1 Sign-in fails,Mobile Apps and Desktop clients,IN
2026-08-22T14:49,u1077@contoso.example,Office 365 Exchange Online,53003,Blocked by Conditional Access,3 Conditional Access,Browser,IN
2026-08-22T15:01,u3487@contoso.example,Office 365 Exchange Online,53003,Blocked by Conditional Access,3 Conditional Access,Browser,US
2026-08-22T15:33,u4846@contoso.example,VPN,50105,User not assigned to app,9 Assignment and consent,Browser,SG
2026-08-22T15:49,u3302@contoso.example,SharePoint Online,50074,"MFA required, not completed",2 MFA problems,Mobile Apps and Desktop clients,IN
2026-08-22T15:55,u3835@contoso.example,SharePoint Online,50053,Account locked (smart lockout),5 Lockout loop,Browser,US
2026-08-22T15:55,u3822@contoso.example,Service Desk,50126,Invalid username or password,1 Sign-in fails,Mobile Apps and Desktop clients,US
2026-08-22T16:04,u1184@contoso.example,VPN,50053,Account locked (smart lockout),5 Lockout loop,Browser,US
2026-08-22T16:05,u2913@contoso.example,Payroll,50053,Account locked (smart lockout),5 Lockout loop,Exchange ActiveSync,IN
2026-08-22T16:11,u1879@contoso.example,CRM,70043,Sign-in frequency expired,6 Repeated prompts,Browser,US
2026-08-22T16:12,u4056@contoso.example,Payroll,500121,MFA challenge failed,2 MFA problems,Browser,US
2026-08-22T16:18,u1138@contoso.example,CRM,53000,Device not compliant,15 Compliance and PRT,Mobile Apps and Desktop clients,DE
2026-08-22T16:22,u1092@contoso.example,Office 365 Exchange Online,70043,Sign-in frequency expired,6 Repeated prompts,Browser,GB
2026-08-22T16:23,u4838@contoso.example,Azure Portal,53003,Blocked by Conditional Access,3 Conditional Access,Browser,US
2026-08-22T16:36,u4553@contoso.example,SharePoint Online,70043,Sign-in frequency expired,6 Repeated prompts,Browser,IN
2026-08-22T16:44,u4027@contoso.example,Service Desk,53003,Blocked by Conditional Access,3 Conditional Access,Mobile Apps and Desktop clients,US
2026-08-22T16:57,u3185@contoso.example,Microsoft Teams,53000,Device not compliant,15 Compliance and PRT,Browser,IN
2026-08-22T17:09,u3722@contoso.example,Office 365 Exchange Online,50158,External MFA challenge not met,2 MFA problems,Browser,US
2026-08-22T17:14,u4424@contoso.example,Service Desk,50126,Invalid username or password,1 Sign-in fails,Mobile Apps and Desktop clients,IN
2026-08-22T17:21,u2693@contoso.example,Microsoft Teams,50053,Account locked (smart lockout),5 Lockout loop,Browser,IN
2026-08-22T17:35,u2369@contoso.example,Payroll,50126,Invalid username or password,1 Sign-in fails,Mobile Apps and Desktop clients,IN
2026-08-22T17:54,u3591@contoso.example,Azure Portal,50055,Password expired,1 Sign-in fails,Browser,IN
2026-08-22T18:01,u3708@contoso.example,CRM,50126,Invalid username or password,1 Sign-in fails,IMAP4,IN
2026-08-22T18:21,u4873@contoso.example,Microsoft Teams,50126,Invalid username or password,1 Sign-in fails,Mobile Apps and Desktop clients,US
2026-08-22T18:22,u4276@contoso.example,Azure Portal,50105,User not assigned to app,9 Assignment and consent,Mobile Apps and Desktop clients,GB
2026-08-22T18:30,u3152@contoso.example,Azure Portal,50158,External MFA challenge not met,2 MFA problems,Browser,IN
2026-08-22T18:30,u1770@contoso.example,Service Desk,50053,Account locked (smart lockout),5 Lockout loop,Browser,IN
2026-08-22T18:34,u4336@contoso.example,Microsoft Teams,53000,Device not compliant,15 Compliance and PRT,Browser,IN
2026-08-22T18:36,u3564@contoso.example,Payroll,50126,Invalid username or password,1 Sign-in fails,Mobile Apps and Desktop clients,IN
2026-08-22T18:49,u3153@contoso.example,Azure Portal,53003,Blocked by Conditional Access,3 Conditional Access,Mobile Apps and Desktop clients,GB
2026-08-22T18:55,u4092@contoso.example,Payroll,50126,Invalid username or password,1 Sign-in fails,Mobile Apps and Desktop clients,IN
2026-08-22T18:59,u2962@contoso.example,HR Portal,50126,Invalid username or password,1 Sign-in fails,Mobile Apps and Desktop clients,US
2026-08-22T19:06,u4745@contoso.example,HR Portal,50126,Invalid username or password,1 Sign-in fails,Mobile Apps and Desktop clients,US
2026-08-22T19:10,u4470@contoso.example,Azure Portal,50126,Invalid username or password,1 Sign-in fails,Browser,IN
2026-08-22T19:10,u2632@contoso.example,Microsoft Teams,50126,Invalid username or password,1 Sign-in fails,Browser,US
2026-08-22T19:12,u2286@contoso.example,SharePoint Online,53003,Blocked by Conditional Access,3 Conditional Access,Exchange ActiveSync,SG
2026-08-22T19:13,u1249@contoso.example,Microsoft Teams,70043,Sign-in frequency expired,6 Repeated prompts,Browser,IN
2026-08-22T19:15,u1871@contoso.example,SharePoint Online,53003,Blocked by Conditional Access,3 Conditional Access,Browser,SG
2026-08-22T19:16,u1876@contoso.example,HR Portal,50126,Invalid username or password,1 Sign-in fails,Mobile Apps and Desktop clients,IN
2026-08-22T19:18,u4752@contoso.example,CRM,50105,User not assigned to app,9 Assignment and consent,Mobile Apps and Desktop clients,US
2026-08-22T19:22,u1830@contoso.example,Service Desk,53003,Blocked by Conditional Access,3 Conditional Access,Browser,IN
2026-08-22T19:24,u2813@contoso.example,Azure Portal,50126,Invalid username or password,1 Sign-in fails,Exchange ActiveSync,US
2026-08-22T19:31,u4930@contoso.example,Service Desk,50126,Invalid username or password,1 Sign-in fails,Browser,IN
2026-08-22T19:44,u2121@contoso.example,Microsoft Teams,90072,Guest account not in tenant,22 Guest access,Mobile Apps and Desktop clients,IN
2026-08-22T19:45,u2583@contoso.example,Office 365 Exchange Online,50105,User not assigned to app,9 Assignment and consent,Mobile Apps and Desktop clients,IN
2026-08-22T19:49,u4447@contoso.example,Microsoft Teams,50126,Invalid username or password,1 Sign-in fails,Browser,GB
2026-08-22T20:07,u4743@contoso.example,Office 365 Exchange Online,500121,MFA challenge failed,2 MFA problems,Mobile Apps and Desktop clients,IN
2026-08-22T20:19,u2056@contoso.example,Azure Portal,500121,MFA challenge failed,2 MFA problems,Browser,IN
2026-08-22T20:35,u2904@contoso.example,SharePoint Online,50074,"MFA required, not completed",2 MFA problems,Browser,SG
2026-08-22T20:43,u4689@contoso.example,Azure Portal,500121,MFA challenge failed,2 MFA problems,Browser,IN
2026-08-22T20:45,u4321@contoso.example,Microsoft Teams,90072,Guest account not in tenant,22 Guest access,Mobile Apps and Desktop clients,IN
2026-08-22T20:46,u2517@contoso.example,CRM,500121,MFA challenge failed,2 MFA problems,Browser,IN
2026-08-22T20:49,u3757@contoso.example,SharePoint Online,50053,Account locked (smart lockout),5 Lockout loop,Browser,IN
2026-08-22T20:52,u3232@contoso.example,Azure Portal,500121,MFA challenge failed,2 MFA problems,Browser,DE
2026-08-22T20:53,u1405@contoso.example,Microsoft Teams,50126,Invalid username or password,1 Sign-in fails,Mobile Apps and Desktop clients,IN
2026-08-22T21:00,u2354@contoso.example,HR Portal,50126,Invalid username or password,1 Sign-in fails,Browser,US
2026-08-22T21:05,u3672@contoso.example,Payroll,53003,Blocked by Conditional Access,3 Conditional Access,Exchange ActiveSync,IN
2026-08-22T21:10,u2079@contoso.example,Office 365 Exchange Online,50126,Invalid username or password,1 Sign-in fails,Exchange ActiveSync,IN
2026-08-22T21:30,u2883@contoso.example,Service Desk,50126,Invalid username or password,1 Sign-in fails,Mobile Apps and Desktop clients,IN
2026-08-22T21:37,u3615@contoso.example,Service Desk,50126,Invalid username or password,1 Sign-in fails,Browser,DE
2026-08-22T21:37,u3453@contoso.example,CRM,50105,User not assigned to app,9 Assignment and consent,Browser,IN
2026-08-22T22:00,u2637@contoso.example,Office 365 Exchange Online,500121,MFA challenge failed,2 MFA problems,Mobile Apps and Desktop clients,IN
2026-08-22T22:18,u4962@contoso.example,Service Desk,50126,Invalid username or password,1 Sign-in fails,Mobile Apps and Desktop clients,IN
2026-08-22T22:18,u4810@contoso.example,Office 365 Exchange Online,50126,Invalid username or password,1 Sign-in fails,Browser,IN
2026-08-22T22:23,u1790@contoso.example,Payroll,50074,"MFA required, not completed",2 MFA problems,Browser,SG
2026-08-22T22:26,u1476@contoso.example,Service Desk,70043,Sign-in frequency expired,6 Repeated prompts,Browser,US
2026-08-22T22:32,u1496@contoso.example,Payroll,50105,User not assigned to app,9 Assignment and consent,Exchange ActiveSync,IN
2026-08-22T22:37,u1754@contoso.example,Office 365 Exchange Online,500121,MFA challenge failed,2 MFA problems,Browser,IN
2026-08-22T22:38,u3705@contoso.example,VPN,53003,Blocked by Conditional Access,3 Conditional Access,Mobile Apps and Desktop clients,IN
2026-08-22T22:47,u2520@contoso.example,VPN,50126,Invalid username or password,1 Sign-in fails,Browser,SG
2026-08-22T22:58,u2249@contoso.example,Payroll,50126,Invalid username or password,1 Sign-in fails,Mobile Apps and Desktop clients,US
2026-08-22T23:07,u1860@contoso.example,Service Desk,50126,Invalid username or password,1 Sign-in fails,Browser,US
2026-08-22T23:23,u3258@contoso.example,HR Portal,50055,Password expired,1 Sign-in fails,Mobile Apps and Desktop clients,SG
2026-08-22T23:44,u2783@contoso.example,Microsoft Teams,50158,External MFA challenge not met,2 MFA problems,IMAP4,IN
2026-08-22T23:51,u2357@contoso.example,VPN,53000,Device not compliant,15 Compliance and PRT,Mobile Apps and Desktop clients,IN
2026-08-22T23:59,u3741@contoso.example,SharePoint Online,500121,MFA challenge failed,2 MFA problems,Browser,IN
2026-08-23T00:22,u2542@contoso.example,CRM,50105,User not assigned to app,9 Assignment and consent,Mobile Apps and Desktop clients,IN
2026-08-23T00:25,u4249@contoso.example,CRM,50126,Invalid username or password,1 Sign-in fails,Browser,DE
2026-08-23T00:26,u1187@contoso.example,Office 365 Exchange Online,50074,"MFA required, not completed",2 MFA problems,Browser,DE
2026-08-23T00:31,u1947@contoso.example,Microsoft Teams,50057,Account disabled,1 Sign-in fails,Mobile Apps and Desktop clients,SG
2026-08-23T00:39,u4674@contoso.example,Azure Portal,500121,MFA challenge failed,2 MFA problems,Browser,DE
2026-08-23T00:41,u1653@contoso.example,Payroll,50074,"MFA required, not completed",2 MFA problems,Browser,GB
2026-08-23T00:52,u2132@contoso.example,Payroll,50126,Invalid username or password,1 Sign-in fails,Mobile Apps and Desktop clients,SG
2026-08-23T01:05,u4066@contoso.example,Payroll,50074,"MFA required, not completed",2 MFA problems,Mobile Apps and Desktop clients,GB
2026-08-23T01:10,u2747@contoso.example,Azure Portal,50126,Invalid username or password,1 Sign-in fails,Mobile Apps and Desktop clients,GB
2026-08-23T01:15,u4505@contoso.example,Service Desk,70043,Sign-in frequency expired,6 Repeated prompts,Exchange ActiveSync,GB
2026-08-23T01:18,u3567@contoso.example,HR Portal,53000,Device not compliant,15 Compliance and PRT,Browser,IN
2026-08-23T01:19,u1559@contoso.example,HR Portal,65001,Consent not granted,9 Assignment and consent,Mobile Apps and Desktop clients,SG
2026-08-23T01:21,u4211@contoso.example,HR Portal,53003,Blocked by Conditional Access,3 Conditional Access,Browser,US
2026-08-23T01:25,u2286@contoso.example,Payroll,65001,Consent not granted,9 Assignment and consent,Browser,GB
2026-08-23T01:31,u4555@contoso.example,CRM,500121,MFA challenge failed,2 MFA problems,Browser,IN
2026-08-23T01:38,u1173@contoso.example,SharePoint Online,500121,MFA challenge failed,2 MFA problems,Browser,IN
2026-08-23T01:57,u3755@contoso.example,Microsoft Teams,50126,Invalid username or password,1 Sign-in fails,Browser,IN
2026-08-23T02:07,u4228@contoso.example,VPN,50074,"MFA required, not completed",2 MFA problems,Mobile Apps and Desktop clients,GB
2026-08-23T02:10,u3565@contoso.example,CRM,50074,"MFA required, not completed",2 MFA problems,Browser,US
2026-08-23T02:12,u1877@contoso.example,Payroll,50126,Invalid username or password,1 Sign-in fails,Browser,DE
2026-08-23T02:13,u2436@contoso.example,VPN,50126,Invalid username or password,1 Sign-in fails,Mobile Apps and Desktop clients,DE
2026-08-23T02:23,u4404@contoso.example,Payroll,50074,"MFA required, not completed",2 MFA problems,Mobile Apps and Desktop clients,US
2026-08-23T02:40,u4204@contoso.example,Office 365 Exchange Online,65001,Consent not granted,9 Assignment and consent,Browser,DE
2026-08-23T02:48,u3807@contoso.example,CRM,53003,Blocked by Conditional Access,3 Conditional Access,Browser,DE
2026-08-23T02:48,u1427@contoso.example,VPN,50055,Password expired,1 Sign-in fails,Browser,IN
2026-08-23T03:00,u3430@contoso.example,Payroll,53000,Device not compliant,15 Compliance and PRT,Mobile Apps and Desktop clients,IN
2026-08-23T03:04,u2145@contoso.example,Microsoft Teams,65001,Consent not granted,9 Assignment and consent,Browser,IN
2026-08-23T03:05,u3053@contoso.example,Payroll,50053,Account locked (smart lockout),5 Lockout loop,Mobile Apps and Desktop clients,IN
2026-08-23T03:09,u1504@contoso.example,Payroll,50126,Invalid username or password,1 Sign-in fails,Browser,IN
2026-08-23T03:13,u4269@contoso.example,Office 365 Exchange Online,50057,Account disabled,1 Sign-in fails,Mobile Apps and Desktop clients,IN
2026-08-23T03:14,u2056@contoso.example,VPN,50074,"MFA required, not completed",2 MFA problems,Mobile Apps and Desktop clients,GB
2026-08-23T03:34,u1634@contoso.example,HR Portal,53000,Device not compliant,15 Compliance and PRT,Browser,SG
2026-08-23T03:36,u3694@contoso.example,Azure Portal,53003,Blocked by Conditional Access,3 Conditional Access,IMAP4,IN
2026-08-23T03:45,u2811@contoso.example,HR Portal,50126,Invalid username or password,1 Sign-in fails,Mobile Apps and Desktop clients,GB
2026-08-23T03:46,u1057@contoso.example,Payroll,50126,Invalid username or password,1 Sign-in fails,Browser,IN
2026-08-23T03:46,u4321@contoso.example,CRM,50074,"MFA required, not completed",2 MFA problems,Browser,US
2026-08-23T03:46,u3739@contoso.example,Office 365 Exchange Online,50057,Account disabled,1 Sign-in fails,Browser,IN
2026-08-23T03:58,u2023@contoso.example,Service Desk,65001,Consent not granted,9 Assignment and consent,IMAP4,US
2026-08-23T04:03,u2056@contoso.example,SharePoint Online,53003,Blocked by Conditional Access,3 Conditional Access,Mobile Apps and Desktop clients,IN
2026-08-23T04:10,u1813@contoso.example,Office 365 Exchange Online,50126,Invalid username or password,1 Sign-in fails,Browser,GB
2026-08-23T04:15,u2794@contoso.example,Service Desk,50126,Invalid username or password,1 Sign-in fails,Browser,IN
2026-08-23T04:18,u3326@contoso.example,SharePoint Online,50126,Invalid username or password,1 Sign-in fails,Browser,GB
2026-08-23T04:23,u1028@contoso.example,SharePoint Online,50126,Invalid username or password,1 Sign-in fails,Mobile Apps and Desktop clients,IN
2026-08-23T04:27,u3902@contoso.example,Microsoft Teams,50105,User not assigned to app,9 Assignment and consent,Browser,IN
2026-08-23T04:52,u3296@contoso.example,Azure Portal,50126,Invalid username or password,1 Sign-in fails,Mobile Apps and Desktop clients,DE
2026-08-23T05:21,u4576@contoso.example,HR Portal,50074,"MFA required, not completed",2 MFA problems,Browser,IN
2026-08-23T05:42,u3600@contoso.example,VPN,50053,Account locked (smart lockout),5 Lockout loop,Mobile Apps and Desktop clients,US
2026-08-23T05:55,u1372@contoso.example,Payroll,53003,Blocked by Conditional Access,3 Conditional Access,Browser,IN
2026-08-23T06:07,u2298@contoso.example,CRM,53003,Blocked by Conditional Access,3 Conditional Access,Browser,DE
2026-08-23T06:13,u4665@contoso.example,Service Desk,50055,Password expired,1 Sign-in fails,Browser,IN
2026-08-23T06:13,u2478@contoso.example,Service Desk,50126,Invalid username or password,1 Sign-in fails,Browser,IN
2026-08-23T06:18,u3461@contoso.example,Azure Portal,50105,User not assigned to app,9 Assignment and consent,Mobile Apps and Desktop clients,IN
2026-08-23T06:18,u1478@contoso.example,VPN,53000,Device not compliant,15 Compliance and PRT,Mobile Apps and Desktop clients,GB
2026-08-23T06:22,u2786@contoso.example,Office 365 Exchange Online,50126,Invalid username or password,1 Sign-in fails,Browser,IN
2026-08-23T06:23,u2508@contoso.example,Microsoft Teams,500121,MFA challenge failed,2 MFA problems,Browser,IN
2026-08-23T06:31,u3279@contoso.example,Office 365 Exchange Online,50053,Account locked (smart lockout),5 Lockout loop,Mobile Apps and Desktop clients,IN
2026-08-23T06:33,u3474@contoso.example,CRM,50074,"MFA required, not completed",2 MFA problems,Browser,IN
2026-08-23T06:49,u4544@contoso.example,SharePoint Online,50074,"MFA required, not completed",2 MFA problems,Browser,IN
2026-08-23T06:54,u2882@contoso.example,VPN,50055,Password expired,1 Sign-in fails,Mobile Apps and Desktop clients,GB
2026-08-23T07:00,u3430@contoso.example,HR Portal,70043,Sign-in frequency expired,6 Repeated prompts,Browser,IN
2026-08-23T07:02,u3902@contoso.example,Service Desk,500121,MFA challenge failed,2 MFA problems,Browser,IN
2026-08-23T07:08,u2611@contoso.example,SharePoint Online,50053,Account locked (smart lockout),5 Lockout loop,Browser,US
2026-08-23T07:09,u3775@contoso.example,Azure Portal,500121,MFA challenge failed,2 MFA problems,Mobile Apps and Desktop clients,US
2026-08-23T07:13,u4479@contoso.example,Azure Portal,50126,Invalid username or password,1 Sign-in fails,Browser,GB
2026-08-23T07:18,u1777@contoso.example,SharePoint Online,50053,Account locked (smart lockout),5 Lockout loop,Mobile Apps and Desktop clients,IN
2026-08-23T07:18,u3847@contoso.example,Service Desk,50074,"MFA required, not completed",2 MFA problems,Mobile Apps and Desktop clients,US
2026-08-23T07:24,u2471@contoso.example,HR Portal,50126,Invalid username or password,1 Sign-in fails,Browser,DE
2026-08-23T07:25,u3031@contoso.example,HR Portal,50126,Invalid username or password,1 Sign-in fails,Mobile Apps and Desktop clients,IN
2026-08-23T07:27,u4263@contoso.example,Azure Portal,53003,Blocked by Conditional Access,3 Conditional Access,Mobile Apps and Desktop clients,IN
2026-08-23T07:32,u1111@contoso.example,Azure Portal,70043,Sign-in frequency expired,6 Repeated prompts,Browser,IN
2026-08-23T07:36,u1440@contoso.example,Service Desk,50105,User not assigned to app,9 Assignment and consent,Mobile Apps and Desktop clients,US
2026-08-23T08:05,u2764@contoso.example,SharePoint Online,53003,Blocked by Conditional Access,3 Conditional Access,IMAP4,IN
2026-08-23T08:07,u4336@contoso.example,HR Portal,50053,Account locked (smart lockout),5 Lockout loop,Mobile Apps and Desktop clients,IN
2026-08-23T08:08,u2558@contoso.example,Service Desk,500121,MFA challenge failed,2 MFA problems,Mobile Apps and Desktop clients,IN
2026-08-23T08:10,u1420@contoso.example,Office 365 Exchange Online,50126,Invalid username or password,1 Sign-in fails,Mobile Apps and Desktop clients,IN
2026-08-23T08:14,u1629@contoso.example,Office 365 Exchange Online,500121,MFA challenge failed,2 MFA problems,Browser,IN
2026-08-23T08:36,u4128@contoso.example,SharePoint Online,53003,Blocked by Conditional Access,3 Conditional Access,Mobile Apps and Desktop clients,DE
2026-08-23T08:36,u2431@contoso.example,CRM,50105,User not assigned to app,9 Assignment and consent,IMAP4,US
2026-08-23T08:43,u4501@contoso.example,SharePoint Online,50126,Invalid username or password,1 Sign-in fails,Browser,US
2026-08-23T08:47,u2940@contoso.example,SharePoint Online,70043,Sign-in frequency expired,6 Repeated prompts,Browser,IN
2026-08-23T08:55,u4082@contoso.example,HR Portal,50126,Invalid username or password,1 Sign-in fails,Mobile Apps and Desktop clients,IN
2026-08-23T09:03,u2929@contoso.example,Azure Portal,53000,Device not compliant,15 Compliance and PRT,Exchange ActiveSync,IN
2026-08-23T09:19,u4878@contoso.example,CRM,50126,Invalid username or password,1 Sign-in fails,Browser,GB
2026-08-23T09:19,u3080@contoso.example,Payroll,50074,"MFA required, not completed",2 MFA problems,Browser,US
2026-08-23T09:32,u3174@contoso.example,Payroll,500121,MFA challenge failed,2 MFA problems,Exchange ActiveSync,IN
2026-08-23T09:36,u4247@contoso.example,CRM,500121,MFA challenge failed,2 MFA problems,Browser,US
2026-08-23T09:44,u1409@contoso.example,CRM,65001,Consent not granted,9 Assignment and consent,Mobile Apps and Desktop clients,GB
2026-08-23T09:48,u4832@contoso.example,Azure Portal,50053,Account locked (smart lockout),5 Lockout loop,Browser,SG
2026-08-23T10:04,u1475@contoso.example,Microsoft Teams,50126,Invalid username or password,1 Sign-in fails,Browser,IN
2026-08-23T10:06,u4672@contoso.example,Microsoft Teams,500121,MFA challenge failed,2 MFA problems,Exchange ActiveSync,GB
2026-08-23T10:07,u3514@contoso.example,Office 365 Exchange Online,65001,Consent not granted,9 Assignment and consent,Mobile Apps and Desktop clients,IN
2026-08-23T10:09,u3742@contoso.example,CRM,53003,Blocked by Conditional Access,3 Conditional Access,Mobile Apps and Desktop clients,GB
2026-08-23T10:16,u4066@contoso.example,HR Portal,50126,Invalid username or password,1 Sign-in fails,Browser,IN
2026-08-23T10:17,u3616@contoso.example,HR Portal,50074,"MFA required, not completed",2 MFA problems,Mobile Apps and Desktop clients,IN
2026-08-23T10:28,u4887@contoso.example,Microsoft Teams,500121,MFA challenge failed,2 MFA problems,Mobile Apps and Desktop clients,DE
2026-08-23T10:29,u4827@contoso.example,Service Desk,50053,Account locked (smart lockout),5 Lockout loop,Mobile Apps and Desktop clients,IN
2026-08-23T10:54,u2766@contoso.example,Office 365 Exchange Online,53000,Device not compliant,15 Compliance and PRT,Browser,SG
2026-08-23T10:56,u1580@contoso.example,HR Portal,50055,Password expired,1 Sign-in fails,Mobile Apps and Desktop clients,IN
2026-08-23T10:57,u2890@contoso.example,Payroll,50053,Account locked (smart lockout),5 Lockout loop,IMAP4,US
2026-08-23T10:59,u1974@contoso.example,HR Portal,50126,Invalid username or password,1 Sign-in fails,Mobile Apps and Desktop clients,IN
2026-08-23T11:07,u1889@contoso.example,VPN,50126,Invalid username or password,1 Sign-in fails,Browser,GB
2026-08-23T11:09,u3124@contoso.example,Azure Portal,500121,MFA challenge failed,2 MFA problems,Browser,IN
2026-08-23T11:16,u2243@contoso.example,HR Portal,50057,Account disabled,1 Sign-in fails,Browser,IN
2026-08-23T11:18,u2425@contoso.example,HR Portal,50126,Invalid username or password,1 Sign-in fails,Mobile Apps and Desktop clients,US
2026-08-23T11:34,u4374@contoso.example,SharePoint Online,50126,Invalid username or password,1 Sign-in fails,Browser,IN
2026-08-23T11:36,u1107@contoso.example,VPN,50126,Invalid username or password,1 Sign-in fails,Mobile Apps and Desktop clients,IN
2026-08-23T11:54,u4485@contoso.example,VPN,50053,Account locked (smart lockout),5 Lockout loop,Browser,IN
2026-08-23T12:01,u3538@contoso.example,HR Portal,50105,User not assigned to app,9 Assignment and consent,Browser,US
2026-08-23T12:09,u3288@contoso.example,SharePoint Online,50055,Password expired,1 Sign-in fails,Browser,IN
2026-08-23T12:30,u3837@contoso.example,SharePoint Online,50011,Reply URL mismatch,7 App authentication,Mobile Apps and Desktop clients,IN
2026-08-23T12:35,u1521@contoso.example,HR Portal,50126,Invalid username or password,1 Sign-in fails,Mobile Apps and Desktop clients,IN
2026-08-23T12:35,u1996@contoso.example,SharePoint Online,50126,Invalid username or password,1 Sign-in fails,Browser,GB
2026-08-23T12:38,u2675@contoso.example,CRM,500121,MFA challenge failed,2 MFA problems,Browser,GB
2026-08-23T12:43,u2862@contoso.example,Payroll,50126,Invalid username or password,1 Sign-in fails,Mobile Apps and Desktop clients,IN
2026-08-23T13:00,u3251@contoso.example,Payroll,53000,Device not compliant,15 Compliance and PRT,Browser,IN
2026-08-23T13:07,u1674@contoso.example,Azure Portal,500121,MFA challenge failed,2 MFA problems,Browser,IN
2026-08-23T13:11,u4549@contoso.example,Microsoft Teams,50126,Invalid username or password,1 Sign-in fails,Browser,IN
2026-08-23T13:26,u4019@contoso.example,Payroll,90072,Guest account not in tenant,22 Guest access,IMAP4,IN
2026-08-23T13:41,u2858@contoso.example,VPN,50126,Invalid username or password,1 Sign-in fails,Mobile Apps and Desktop clients,IN
2026-08-23T13:49,u2106@contoso.example,Office 365 Exchange Online,50126,Invalid username or password,1 Sign-in fails,Mobile Apps and Desktop clients,GB
2026-08-23T13:55,u2864@contoso.example,Payroll,50074,"MFA required, not completed",2 MFA problems,Browser,IN
2026-08-23T13:57,u1121@contoso.example,HR Portal,50074,"MFA required, not completed",2 MFA problems,Browser,IN
2026-08-23T13:57,u4888@contoso.example,Microsoft Teams,50053,Account locked (smart lockout),5 Lockout loop,Mobile Apps and Desktop clients,IN
2026-08-23T14:09,u3274@contoso.example,VPN,50105,User not assigned to app,9 Assignment and consent,Browser,IN
2026-08-23T14:10,u2731@contoso.example,Service Desk,53003,Blocked by Conditional Access,3 Conditional Access,Mobile Apps and Desktop clients,IN
2026-08-23T14:10,u2047@contoso.example,Office 365 Exchange Online,500121,MFA challenge failed,2 MFA problems,Browser,IN
2026-08-23T14:28,u4846@contoso.example,Microsoft Teams,70043,Sign-in frequency expired,6 Repeated prompts,Browser,US
2026-08-23T15:14,u2080@contoso.example,Service Desk,500121,MFA challenge failed,2 MFA problems,Mobile Apps and Desktop clients,US
2026-08-23T15:15,u4052@contoso.example,Office 365 Exchange Online,50053,Account locked (smart lockout),5 Lockout loop,Browser,IN
2026-08-23T15:22,u1729@contoso.example,Office 365 Exchange Online,50053,Account locked (smart lockout),5 Lockout loop,IMAP4,GB
2026-08-23T15:33,u4055@contoso.example,CRM,50126,Invalid username or password,1 Sign-in fails,Mobile Apps and Desktop clients,IN
2026-08-23T15:37,u3944@contoso.example,Microsoft Teams,53000,Device not compliant,15 Compliance and PRT,Browser,US
2026-08-23T16:04,u3503@contoso.example,Microsoft Teams,50105,User not assigned to app,9 Assignment and consent,Browser,IN
2026-08-23T16:15,u2263@contoso.example,Service Desk,50055,Password expired,1 Sign-in fails,Browser,IN
2026-08-23T16:30,u1320@contoso.example,HR Portal,500121,MFA challenge failed,2 MFA problems,Browser,US
2026-08-23T16:39,u1221@contoso.example,Service Desk,500121,MFA challenge failed,2 MFA problems,Mobile Apps and Desktop clients,US
2026-08-23T17:00,u1862@contoso.example,Payroll,500121,MFA challenge failed,2 MFA problems,Mobile Apps and Desktop clients,US
2026-08-23T17:11,u3657@contoso.example,CRM,70043,Sign-in frequency expired,6 Repeated prompts,Browser,IN
2026-08-23T17:28,u3533@contoso.example,SharePoint Online,90072,Guest account not in tenant,22 Guest access,Mobile Apps and Desktop clients,IN
2026-08-23T17:35,u2661@contoso.example,Office 365 Exchange Online,53003,Blocked by Conditional Access,3 Conditional Access,Browser,US
2026-08-23T17:44,u3350@contoso.example,HR Portal,50074,"MFA required, not completed",2 MFA problems,Exchange ActiveSync,IN
2026-08-23T17:47,u1371@contoso.example,SharePoint Online,70043,Sign-in frequency expired,6 Repeated prompts,Browser,IN
2026-08-23T17:50,u1517@contoso.example,Office 365 Exchange Online,500121,MFA challenge failed,2 MFA problems,Browser,US
2026-08-23T17:57,u4508@contoso.example,Microsoft Teams,50126,Invalid username or password,1 Sign-in fails,Browser,US
2026-08-23T17:59,u1380@contoso.example,Microsoft Teams,53003,Blocked by Conditional Access,3 Conditional Access,Browser,IN
2026-08-23T17:59,u4670@contoso.example,Service Desk,500121,MFA challenge failed,2 MFA problems,IMAP4,IN
2026-08-23T18:00,u3506@contoso.example,Microsoft Teams,50126,Invalid username or password,1 Sign-in fails,Mobile Apps and Desktop clients,GB
2026-08-23T18:11,u1631@contoso.example,HR Portal,500121,MFA challenge failed,2 MFA problems,Browser,IN
2026-08-23T18:14,u1341@contoso.example,Microsoft Teams,50126,Invalid username or password,1 Sign-in fails,Browser,GB
2026-08-23T18:37,u4581@contoso.example,Payroll,53000,Device not compliant,15 Compliance and PRT,Mobile Apps and Desktop clients,US
2026-08-23T18:40,u1128@contoso.example,Office 365 Exchange Online,70043,Sign-in frequency expired,6 Repeated prompts,Browser,IN
2026-08-23T18:51,u1463@contoso.example,SharePoint Online,50126,Invalid username or password,1 Sign-in fails,Mobile Apps and Desktop clients,DE
2026-08-23T19:04,u4581@contoso.example,VPN,50053,Account locked (smart lockout),5 Lockout loop,Mobile Apps and Desktop clients,IN
2026-08-23T19:15,u3049@contoso.example,Azure Portal,50105,User not assigned to app,9 Assignment and consent,Mobile Apps and Desktop clients,GB
2026-08-23T19:18,u1826@contoso.example,HR Portal,50105,User not assigned to app,9 Assignment and consent,Browser,US
2026-08-23T19:28,u4087@contoso.example,Microsoft Teams,50057,Account disabled,1 Sign-in fails,Mobile Apps and Desktop clients,GB
2026-08-23T19:33,u2492@contoso.example,Office 365 Exchange Online,50126,Invalid username or password,1 Sign-in fails,Browser,IN
2026-08-23T20:10,u3325@contoso.example,Azure Portal,53000,Device not compliant,15 Compliance and PRT,Mobile Apps and Desktop clients,SG
2026-08-23T20:18,u4522@contoso.example,Office 365 Exchange Online,50057,Account disabled,1 Sign-in fails,Browser,IN
2026-08-23T20:22,u1211@contoso.example,Office 365 Exchange Online,50105,User not assigned to app,9 Assignment and consent,Browser,US
2026-08-23T20:40,u4465@contoso.example,CRM,500121,MFA challenge failed,2 MFA problems,Mobile Apps and Desktop clients,IN
2026-08-23T20:41,u3099@contoso.example,Service Desk,500121,MFA challenge failed,2 MFA problems,Mobile Apps and Desktop clients,US
2026-08-23T20:50,u4750@contoso.example,CRM,50074,"MFA required, not completed",2 MFA problems,Browser,IN
2026-08-23T20:59,u4884@contoso.example,Microsoft Teams,500121,MFA challenge failed,2 MFA problems,Browser,GB
2026-08-23T21:38,u1863@contoso.example,VPN,50053,Account locked (smart lockout),5 Lockout loop,Mobile Apps and Desktop clients,IN
2026-08-23T21:45,u2641@contoso.example,SharePoint Online,53000,Device not compliant,15 Compliance and PRT,Browser,IN
2026-08-23T21:53,u1427@contoso.example,Office 365 Exchange Online,53003,Blocked by Conditional Access,3 Conditional Access,Browser,IN
2026-08-23T21:53,u3123@contoso.example,CRM,50074,"MFA required, not completed",2 MFA problems,Mobile Apps and Desktop clients,IN
2026-08-23T21:53,u2701@contoso.example,Payroll,50126,Invalid username or password,1 Sign-in fails,Browser,US
2026-08-23T21:54,u4217@contoso.example,VPN,50053,Account locked (smart lockout),5 Lockout loop,Mobile Apps and Desktop clients,IN
2026-08-23T22:05,u4140@contoso.example,HR Portal,53000,Device not compliant,15 Compliance and PRT,Mobile Apps and Desktop clients,US
2026-08-23T22:19,u2188@contoso.example,SharePoint Online,500121,MFA challenge failed,2 MFA problems,Browser,US
2026-08-23T22:21,u4239@contoso.example,Office 365 Exchange Online,50011,Reply URL mismatch,7 App authentication,Browser,IN
2026-08-23T22:31,u3644@contoso.example,Service Desk,53003,Blocked by Conditional Access,3 Conditional Access,Mobile Apps and Desktop clients,IN
2026-08-23T22:43,u1551@contoso.example,CRM,53003,Blocked by Conditional Access,3 Conditional Access,Browser,US
2026-08-23T22:44,u1137@contoso.example,Azure Portal,50158,External MFA challenge not met,2 MFA problems,Mobile Apps and Desktop clients,IN
2026-08-23T23:03,u4665@contoso.example,Office 365 Exchange Online,50126,Invalid username or password,1 Sign-in fails,Browser,IN
2026-08-23T23:06,u3043@contoso.example,Microsoft Teams,50126,Invalid username or password,1 Sign-in fails,Mobile Apps and Desktop clients,IN
2026-08-23T23:08,u3205@contoso.example,Office 365 Exchange Online,50053,Account locked (smart lockout),5 Lockout loop,Mobile Apps and Desktop clients,IN
2026-08-23T23:17,u1747@contoso.example,Azure Portal,50126,Invalid username or password,1 Sign-in fails,Mobile Apps and Desktop clients,DE
2026-08-23T23:20,u3606@contoso.example,CRM,53000,Device not compliant,15 Compliance and PRT,Mobile Apps and Desktop clients,US
2026-08-23T23:21,u2747@contoso.example,Payroll,50074,"MFA required, not completed",2 MFA problems,Browser,IN
2026-08-23T23:34,u2120@contoso.example,Payroll,70043,Sign-in frequency expired,6 Repeated prompts,Browser,IN
2026-08-23T23:47,u1172@contoso.example,Office 365 Exchange Online,50057,Account disabled,1 Sign-in fails,Browser,IN
2026-08-23T23:59,u4785@contoso.example,Azure Portal,50055,Password expired,1 Sign-in fails,IMAP4,IN
2026-08-24T00:14,u3948@contoso.example,Payroll,500121,MFA challenge failed,2 MFA problems,Browser,SG
2026-08-24T00:16,u4467@contoso.example,Microsoft Teams,50074,"MFA required, not completed",2 MFA problems,IMAP4,IN
2026-08-24T00:27,u1520@contoso.example,CRM,50126,Invalid username or password,1 Sign-in fails,Mobile Apps and Desktop clients,IN
2026-08-24T00:34,u3041@contoso.example,Microsoft Teams,500121,MFA challenge failed,2 MFA problems,Browser,IN
2026-08-24T00:44,u2002@contoso.example,Azure Portal,50074,"MFA required, not completed",2 MFA problems,Mobile Apps and Desktop clients,IN
2026-08-24T00:52,u4248@contoso.example,CRM,50126,Invalid username or password,1 Sign-in fails,Browser,IN
2026-08-24T01:18,u2664@contoso.example,Service Desk,500121,MFA challenge failed,2 MFA problems,Browser,US
2026-08-24T01:18,u3028@contoso.example,SharePoint Online,50126,Invalid username or password,1 Sign-in fails,Exchange ActiveSync,IN
2026-08-24T01:26,u1403@contoso.example,VPN,50074,"MFA required, not completed",2 MFA problems,Browser,IN
2026-08-24T01:36,u4614@contoso.example,Office 365 Exchange Online,50074,"MFA required, not completed",2 MFA problems,Browser,IN
2026-08-24T01:40,u2473@contoso.example,CRM,50126,Invalid username or password,1 Sign-in fails,Browser,IN
2026-08-24T01:42,u1912@contoso.example,Payroll,50053,Account locked (smart lockout),5 Lockout loop,Mobile Apps and Desktop clients,IN
2026-08-24T01:45,u4176@contoso.example,Payroll,53003,Blocked by Conditional Access,3 Conditional Access,Browser,US
2026-08-24T01:46,u1623@contoso.example,SharePoint Online,50126,Invalid username or password,1 Sign-in fails,Mobile Apps and Desktop clients,IN
2026-08-24T02:01,u4686@contoso.example,Office 365 Exchange Online,500121,MFA challenge failed,2 MFA problems,Mobile Apps and Desktop clients,GB
2026-08-24T02:04,u2433@contoso.example,Office 365 Exchange Online,50057,Account disabled,1 Sign-in fails,Browser,IN
2026-08-24T02:13,u2356@contoso.example,Service Desk,500121,MFA challenge failed,2 MFA problems,Browser,IN
2026-08-24T02:19,u2451@contoso.example,Microsoft Teams,50126,Invalid username or password,1 Sign-in fails,Browser,US
2026-08-24T02:27,u3269@contoso.example,Office 365 Exchange Online,500121,MFA challenge failed,2 MFA problems,Browser,IN
2026-08-24T02:28,u3702@contoso.example,VPN,50126,Invalid username or password,1 Sign-in fails,Exchange ActiveSync,IN
2026-08-24T02:35,u2094@contoso.example,Office 365 Exchange Online,50057,Account disabled,1 Sign-in fails,Browser,IN
2026-08-24T02:48,u1421@contoso.example,Azure Portal,50074,"MFA required, not completed",2 MFA problems,Mobile Apps and Desktop clients,GB
2026-08-24T02:50,u4149@contoso.example,CRM,70043,Sign-in frequency expired,6 Repeated prompts,Mobile Apps and Desktop clients,DE
2026-08-24T02:58,u3994@contoso.example,HR Portal,53003,Blocked by Conditional Access,3 Conditional Access,Browser,IN
2026-08-24T03:04,u4209@contoso.example,VPN,500121,MFA challenge failed,2 MFA problems,Exchange ActiveSync,IN
2026-08-24T03:14,u3303@contoso.example,HR Portal,53003,Blocked by Conditional Access,3 Conditional Access,Mobile Apps and Desktop clients,IN
2026-08-24T03:31,u4053@contoso.example,Payroll,50055,Password expired,1 Sign-in fails,Browser,US
2026-08-24T03:55,u4437@contoso.example,Microsoft Teams,50126,Invalid username or password,1 Sign-in fails,Mobile Apps and Desktop clients,US
2026-08-24T04:02,u2130@contoso.example,VPN,70043,Sign-in frequency expired,6 Repeated prompts,Exchange ActiveSync,IN
2026-08-24T04:05,u4573@contoso.example,Microsoft Teams,50126,Invalid username or password,1 Sign-in fails,Browser,IN
2026-08-24T04:07,u4680@contoso.example,SharePoint Online,70043,Sign-in frequency expired,6 Repeated prompts,Browser,IN
2026-08-24T04:16,u2573@contoso.example,Payroll,50126,Invalid username or password,1 Sign-in fails,Mobile Apps and Desktop clients,IN
2026-08-24T04:33,u4640@contoso.example,Azure Portal,50074,"MFA required, not completed",2 MFA problems,Mobile Apps and Desktop clients,GB
2026-08-24T04:42,u1977@contoso.example,Azure Portal,50126,Invalid username or password,1 Sign-in fails,Browser,IN
2026-08-24T05:24,u2152@contoso.example,Office 365 Exchange Online,50126,Invalid username or password,1 Sign-in fails,Browser,IN
2026-08-24T05:32,u2996@contoso.example,CRM,50053,Account locked (smart lockout),5 Lockout loop,Mobile Apps and Desktop clients,IN
2026-08-24T05:35,u2287@contoso.example,Microsoft Teams,50055,Password expired,1 Sign-in fails,Browser,IN
2026-08-24T05:54,u4941@contoso.example,CRM,500121,MFA challenge failed,2 MFA problems,Browser,SG
2026-08-24T06:05,u1403@contoso.example,HR Portal,50105,User not assigned to app,9 Assignment and consent,Browser,DE
2026-08-24T06:27,u2910@contoso.example,HR Portal,50074,"MFA required, not completed",2 MFA problems,Exchange ActiveSync,GB
2026-08-24T06:42,u4037@contoso.example,Payroll,50126,Invalid username or password,1 Sign-in fails,Browser,IN
2026-08-24T06:45,u4864@contoso.example,Office 365 Exchange Online,50074,"MFA required, not completed",2 MFA problems,Mobile Apps and Desktop clients,IN
2026-08-24T06:52,u3260@contoso.example,Service Desk,50126,Invalid username or password,1 Sign-in fails,Mobile Apps and Desktop clients,GB
2026-08-24T06:55,u1228@contoso.example,SharePoint Online,50126,Invalid username or password,1 Sign-in fails,Browser,DE
2026-08-24T07:01,u4153@contoso.example,Azure Portal,65001,Consent not granted,9 Assignment and consent,Browser,IN
2026-08-24T07:05,u1204@contoso.example,Microsoft Teams,50105,User not assigned to app,9 Assignment and consent,Mobile Apps and Desktop clients,GB
2026-08-24T07:39,u2195@contoso.example,Service Desk,50053,Account locked (smart lockout),5 Lockout loop,Browser,IN
2026-08-24T07:55,u4041@contoso.example,Service Desk,50074,"MFA required, not completed",2 MFA problems,Mobile Apps and Desktop clients,IN
2026-08-24T08:06,u2865@contoso.example,Payroll,50126,Invalid username or password,1 Sign-in fails,Mobile Apps and Desktop clients,IN
2026-08-24T08:43,u1603@contoso.example,Azure Portal,50053,Account locked (smart lockout),5 Lockout loop,Browser,DE
2026-08-24T08:43,u3420@contoso.example,CRM,50055,Password expired,1 Sign-in fails,Browser,IN
2026-08-24T08:51,u4683@contoso.example,Azure Portal,50053,Account locked (smart lockout),5 Lockout loop,Mobile Apps and Desktop clients,SG
2026-08-24T08:52,u4466@contoso.example,Microsoft Teams,500121,MFA challenge failed,2 MFA problems,Mobile Apps and Desktop clients,IN
2026-08-24T08:57,u3921@contoso.example,SharePoint Online,50126,Invalid username or password,1 Sign-in fails,Mobile Apps and Desktop clients,IN
2026-08-24T09:05,u3860@contoso.example,HR Portal,53003,Blocked by Conditional Access,3 Conditional Access,Browser,IN
2026-08-24T09:05,u3762@contoso.example,Azure Portal,53000,Device not compliant,15 Compliance and PRT,Browser,IN
2026-08-24T09:18,u2778@contoso.example,Azure Portal,50126,Invalid username or password,1 Sign-in fails,Mobile Apps and Desktop clients,IN
2026-08-24T09:30,u1236@contoso.example,Office 365 Exchange Online,500121,MFA challenge failed,2 MFA problems,Browser,GB
2026-08-24T09:32,u1813@contoso.example,Service Desk,50057,Account disabled,1 Sign-in fails,Mobile Apps and Desktop clients,GB
2026-08-24T09:37,u1502@contoso.example,Office 365 Exchange Online,53000,Device not compliant,15 Compliance and PRT,Browser,GB
2026-08-24T09:41,u2404@contoso.example,Azure Portal,70043,Sign-in frequency expired,6 Repeated prompts,Mobile Apps and Desktop clients,IN
2026-08-24T09:42,u3157@contoso.example,Payroll,50126,Invalid username or password,1 Sign-in fails,Mobile Apps and Desktop clients,IN
2026-08-24T09:47,u2463@contoso.example,SharePoint Online,70043,Sign-in frequency expired,6 Repeated prompts,Browser,IN
2026-08-24T09:49,u1110@contoso.example,Payroll,50126,Invalid username or password,1 Sign-in fails,Browser,IN
2026-08-24T09:54,u4192@contoso.example,Azure Portal,500121,MFA challenge failed,2 MFA problems,Browser,DE
2026-08-24T10:00,u3635@contoso.example,Service Desk,50126,Invalid username or password,1 Sign-in fails,Browser,IN
2026-08-24T10:04,u4180@contoso.example,Payroll,50053,Account locked (smart lockout),5 Lockout loop,Browser,GB
2026-08-24T10:07,u1862@contoso.example,Payroll,500121,MFA challenge failed,2 MFA problems,Browser,IN
2026-08-24T10:09,u3372@contoso.example,Service Desk,50126,Invalid username or password,1 Sign-in fails,Browser,US
2026-08-24T10:10,u4482@contoso.example,Payroll,50126,Invalid username or password,1 Sign-in fails,Mobile Apps and Desktop clients,SG
2026-08-24T10:13,u4872@contoso.example,VPN,50011,Reply URL mismatch,7 App authentication,Mobile Apps and Desktop clients,IN
2026-08-24T10:23,u1045@contoso.example,HR Portal,500121,MFA challenge failed,2 MFA problems,Browser,IN
2026-08-24T10:24,u4550@contoso.example,Payroll,50126,Invalid username or password,1 Sign-in fails,Mobile Apps and Desktop clients,DE
2026-08-24T10:31,u3806@contoso.example,Payroll,500121,MFA challenge failed,2 MFA problems,Mobile Apps and Desktop clients,IN
2026-08-24T10:45,u4564@contoso.example,SharePoint Online,50126,Invalid username or password,1 Sign-in fails,Browser,IN
2026-08-24T10:48,u4241@contoso.example,SharePoint Online,50105,User not assigned to app,9 Assignment and consent,Browser,US
2026-08-24T10:51,u4025@contoso.example,SharePoint Online,50055,Password expired,1 Sign-in fails,Mobile Apps and Desktop clients,IN
2026-08-24T10:55,u2856@contoso.example,Payroll,50126,Invalid username or password,1 Sign-in fails,Browser,IN
2026-08-24T10:56,u3898@contoso.example,CRM,50074,"MFA required, not completed",2 MFA problems,Browser,IN
2026-08-24T11:05,u4382@contoso.example,Office 365 Exchange Online,65001,Consent not granted,9 Assignment and consent,Exchange ActiveSync,DE
2026-08-24T11:14,u1794@contoso.example,Azure Portal,50011,Reply URL mismatch,7 App authentication,Mobile Apps and Desktop clients,IN
2026-08-24T11:18,u1014@contoso.example,SharePoint Online,53003,Blocked by Conditional Access,3 Conditional Access,Browser,IN
2026-08-24T11:30,u4486@contoso.example,Microsoft Teams,50126,Invalid username or password,1 Sign-in fails,Browser,GB
2026-08-24T11:44,u4134@contoso.example,Office 365 Exchange Online,50074,"MFA required, not completed",2 MFA problems,Browser,IN
2026-08-24T11:46,u3771@contoso.example,SharePoint Online,50105,User not assigned to app,9 Assignment and consent,Browser,IN
2026-08-24T11:48,u4757@contoso.example,Payroll,65001,Consent not granted,9 Assignment and consent,Mobile Apps and Desktop clients,GB
2026-08-24T11:50,u3403@contoso.example,HR Portal,50074,"MFA required, not completed",2 MFA problems,Browser,SG
2026-08-24T11:53,u2142@contoso.example,Service Desk,53000,Device not compliant,15 Compliance and PRT,Browser,SG
2026-08-24T11:56,u4510@contoso.example,HR Portal,70043,Sign-in frequency expired,6 Repeated prompts,Browser,IN
2026-08-24T11:58,u1058@contoso.example,Azure Portal,50011,Reply URL mismatch,7 App authentication,Browser,US
2026-08-24T12:00,u3922@contoso.example,SharePoint Online,50126,Invalid username or password,1 Sign-in fails,Mobile Apps and Desktop clients,US
2026-08-24T12:23,u1748@contoso.example,SharePoint Online,50011,Reply URL mismatch,7 App authentication,Mobile Apps and Desktop clients,US
2026-08-24T12:24,u3011@contoso.example,SharePoint Online,50074,"MFA required, not completed",2 MFA problems,Mobile Apps and Desktop clients,IN
2026-08-24T12:26,u1182@contoso.example,Office 365 Exchange Online,50055,Password expired,1 Sign-in fails,Mobile Apps and Desktop clients,GB
2026-08-24T12:33,u1308@contoso.example,Microsoft Teams,500121,MFA challenge failed,2 MFA problems,Mobile Apps and Desktop clients,GB
2026-08-24T12:40,u4701@contoso.example,SharePoint Online,50126,Invalid username or password,1 Sign-in fails,Browser,US
2026-08-24T12:45,u1330@contoso.example,Payroll,50074,"MFA required, not completed",2 MFA problems,Browser,IN
2026-08-24T13:05,u2730@contoso.example,Microsoft Teams,50057,Account disabled,1 Sign-in fails,Browser,US
2026-08-24T13:05,u4197@contoso.example,VPN,53000,Device not compliant,15 Compliance and PRT,Mobile Apps and Desktop clients,IN
2026-08-24T13:16,u4057@contoso.example,Office 365 Exchange Online,50055,Password expired,1 Sign-in fails,Exchange ActiveSync,IN
2026-08-24T13:19,u2849@contoso.example,Microsoft Teams,50055,Password expired,1 Sign-in fails,Browser,IN
2026-08-24T13:20,u2282@contoso.example,HR Portal,50105,User not assigned to app,9 Assignment and consent,Browser,GB
2026-08-24T13:26,u4675@contoso.example,Payroll,50126,Invalid username or password,1 Sign-in fails,Mobile Apps and Desktop clients,GB
2026-08-24T13:31,u3485@contoso.example,Payroll,50053,Account locked (smart lockout),5 Lockout loop,Browser,IN
2026-08-24T13:31,u4816@contoso.example,Payroll,50074,"MFA required, not completed",2 MFA problems,Browser,US
2026-08-24T13:47,u2196@contoso.example,Payroll,50126,Invalid username or password,1 Sign-in fails,Mobile Apps and Desktop clients,IN
2026-08-24T13:57,u2171@contoso.example,HR Portal,53003,Blocked by Conditional Access,3 Conditional Access,Browser,US
2026-08-24T13:58,u2152@contoso.example,VPN,50126,Invalid username or password,1 Sign-in fails,Mobile Apps and Desktop clients,IN
2026-08-24T14:03,u2820@contoso.example,Azure Portal,53003,Blocked by Conditional Access,3 Conditional Access,Browser,IN
2026-08-24T14:16,u1581@contoso.example,Service Desk,50055,Password expired,1 Sign-in fails,Browser,IN
2026-08-24T14:23,u4402@contoso.example,Office 365 Exchange Online,50126,Invalid username or password,1 Sign-in fails,Exchange ActiveSync,SG
2026-08-24T14:37,u4863@contoso.example,CRM,50126,Invalid username or password,1 Sign-in fails,Mobile Apps and Desktop clients,IN
2026-08-24T14:39,u3285@contoso.example,HR Portal,50126,Invalid username or password,1 Sign-in fails,Browser,IN
2026-08-24T14:41,u2440@contoso.example,HR Portal,50053,Account locked (smart lockout),5 Lockout loop,Mobile Apps and Desktop clients,IN
2026-08-24T15:15,u3841@contoso.example,Microsoft Teams,53000,Device not compliant,15 Compliance and PRT,Browser,IN
2026-08-24T15:29,u1728@contoso.example,HR Portal,50126,Invalid username or password,1 Sign-in fails,Browser,IN
2026-08-24T15:34,u1945@contoso.example,CRM,50057,Account disabled,1 Sign-in fails,Browser,GB
2026-08-24T15:38,u2876@contoso.example,Office 365 Exchange Online,70043,Sign-in frequency expired,6 Repeated prompts,Mobile Apps and Desktop clients,US
2026-08-24T15:44,u4984@contoso.example,Service Desk,53000,Device not compliant,15 Compliance and PRT,Browser,DE
2026-08-24T15:46,u3149@contoso.example,Azure Portal,50053,Account locked (smart lockout),5 Lockout loop,Browser,US
2026-08-24T15:52,u4138@contoso.example,Service Desk,50074,"MFA required, not completed",2 MFA problems,Browser,US
2026-08-24T16:06,u1710@contoso.example,Microsoft Teams,500121,MFA challenge failed,2 MFA problems,Mobile Apps and Desktop clients,DE
2026-08-24T16:17,u4208@contoso.example,Office 365 Exchange Online,53000,Device not compliant,15 Compliance and PRT,Browser,IN
2026-08-24T16:26,u4113@contoso.example,VPN,50074,"MFA required, not completed",2 MFA problems,Browser,IN
2026-08-24T16:37,u3153@contoso.example,VPN,50074,"MFA required, not completed",2 MFA problems,Browser,US
2026-08-24T16:40,u4376@contoso.example,Azure Portal,50053,Account locked (smart lockout),5 Lockout loop,Mobile Apps and Desktop clients,IN
2026-08-24T16:41,u1447@contoso.example,CRM,53000,Device not compliant,15 Compliance and PRT,Browser,DE
2026-08-24T16:48,u3275@contoso.example,Microsoft Teams,90072,Guest account not in tenant,22 Guest access,Browser,IN
2026-08-24T16:54,u3694@contoso.example,Service Desk,50126,Invalid username or password,1 Sign-in fails,IMAP4,GB
2026-08-24T16:58,u4954@contoso.example,Service Desk,53003,Blocked by Conditional Access,3 Conditional Access,Exchange ActiveSync,IN
2026-08-24T17:00,u4954@contoso.example,CRM,53000,Device not compliant,15 Compliance and PRT,Browser,IN
2026-08-24T17:01,u2221@contoso.example,Azure Portal,53000,Device not compliant,15 Compliance and PRT,Mobile Apps and Desktop clients,IN
2026-08-24T17:03,u1424@contoso.example,SharePoint Online,50105,User not assigned to app,9 Assignment and consent,Mobile Apps and Desktop clients,IN
2026-08-24T17:10,u2520@contoso.example,Office 365 Exchange Online,50126,Invalid username or password,1 Sign-in fails,Browser,IN
2026-08-24T17:11,u3236@contoso.example,Office 365 Exchange Online,50126,Invalid username or password,1 Sign-in fails,Browser,GB
2026-08-24T17:13,u3466@contoso.example,HR Portal,50126,Invalid username or password,1 Sign-in fails,Browser,IN
2026-08-24T17:49,u3437@contoso.example,Azure Portal,50126,Invalid username or password,1 Sign-in fails,Browser,DE
2026-08-24T17:53,u4981@contoso.example,Azure Portal,50053,Account locked (smart lockout),5 Lockout loop,Mobile Apps and Desktop clients,IN
2026-08-24T18:11,u2580@contoso.example,CRM,50126,Invalid username or password,1 Sign-in fails,Browser,IN
2026-08-24T18:14,u2189@contoso.example,Service Desk,50057,Account disabled,1 Sign-in fails,Browser,IN
2026-08-24T18:32,u1474@contoso.example,Office 365 Exchange Online,50055,Password expired,1 Sign-in fails,Browser,IN
2026-08-24T18:41,u4431@contoso.example,Service Desk,50053,Account locked (smart lockout),5 Lockout loop,Mobile Apps and Desktop clients,DE
2026-08-24T18:45,u2072@contoso.example,Service Desk,500121,MFA challenge failed,2 MFA problems,Browser,IN
2026-08-24T18:53,u4730@contoso.example,VPN,53003,Blocked by Conditional Access,3 Conditional Access,Mobile Apps and Desktop clients,IN
2026-08-24T18:56,u4790@contoso.example,HR Portal,50126,Invalid username or password,1 Sign-in fails,IMAP4,US
2026-08-24T18:57,u1436@contoso.example,Office 365 Exchange Online,50105,User not assigned to app,9 Assignment and consent,Browser,IN
2026-08-24T19:01,u2295@contoso.example,Service Desk,50074,"MFA required, not completed",2 MFA problems,Browser,US
2026-08-24T19:15,u3118@contoso.example,Service Desk,65001,Consent not granted,9 Assignment and consent,Browser,IN
2026-08-24T19:17,u1824@contoso.example,Office 365 Exchange Online,50105,User not assigned to app,9 Assignment and consent,Browser,US
2026-08-24T19:19,u4305@contoso.example,VPN,50074,"MFA required, not completed",2 MFA problems,Mobile Apps and Desktop clients,DE
2026-08-24T19:22,u3819@contoso.example,Microsoft Teams,50053,Account locked (smart lockout),5 Lockout loop,Browser,US
2026-08-24T19:35,u3887@contoso.example,Payroll,50011,Reply URL mismatch,7 App authentication,Browser,US
2026-08-24T19:41,u3961@contoso.example,HR Portal,50105,User not assigned to app,9 Assignment and consent,Browser,IN
2026-08-24T19:45,u3620@contoso.example,Payroll,50074,"MFA required, not completed",2 MFA problems,Browser,IN
2026-08-24T19:48,u4272@contoso.example,Payroll,70043,Sign-in frequency expired,6 Repeated prompts,Browser,GB
2026-08-24T19:49,u4701@contoso.example,HR Portal,53003,Blocked by Conditional Access,3 Conditional Access,Browser,IN
2026-08-24T19:53,u2610@contoso.example,CRM,50126,Invalid username or password,1 Sign-in fails,Mobile Apps and Desktop clients,IN
2026-08-24T20:08,u4725@contoso.example,SharePoint Online,53003,Blocked by Conditional Access,3 Conditional Access,Browser,DE
2026-08-24T20:19,u3763@contoso.example,Payroll,50055,Password expired,1 Sign-in fails,Browser,SG
2026-08-24T20:25,u3141@contoso.example,SharePoint Online,50158,External MFA challenge not met,2 MFA problems,Browser,DE
2026-08-24T20:25,u3798@contoso.example,CRM,50055,Password expired,1 Sign-in fails,Mobile Apps and Desktop clients,IN
2026-08-24T20:35,u3503@contoso.example,Azure Portal,50105,User not assigned to app,9 Assignment and consent,Browser,IN
2026-08-24T20:39,u4601@contoso.example,Office 365 Exchange Online,50057,Account disabled,1 Sign-in fails,Browser,DE
2026-08-24T20:45,u1168@contoso.example,VPN,50126,Invalid username or password,1 Sign-in fails,Mobile Apps and Desktop clients,IN
2026-08-24T20:51,u4652@contoso.example,Office 365 Exchange Online,53003,Blocked by Conditional Access,3 Conditional Access,Browser,IN
2026-08-24T20:54,u3542@contoso.example,Payroll,50074,"MFA required, not completed",2 MFA problems,Mobile Apps and Desktop clients,GB
2026-08-24T21:14,u4143@contoso.example,HR Portal,53003,Blocked by Conditional Access,3 Conditional Access,IMAP4,US
2026-08-24T21:37,u4676@contoso.example,VPN,50057,Account disabled,1 Sign-in fails,Mobile Apps and Desktop clients,IN
2026-08-24T21:43,u2031@contoso.example,CRM,50105,User not assigned to app,9 Assignment and consent,Mobile Apps and Desktop clients,IN
2026-08-24T21:50,u1894@contoso.example,Azure Portal,90072,Guest account not in tenant,22 Guest access,Mobile Apps and Desktop clients,IN
2026-08-24T21:59,u2829@contoso.example,Payroll,53000,Device not compliant,15 Compliance and PRT,Mobile Apps and Desktop clients,IN
2026-08-24T22:04,u3461@contoso.example,SharePoint Online,53000,Device not compliant,15 Compliance and PRT,Mobile Apps and Desktop clients,IN
2026-08-24T22:13,u3921@contoso.example,VPN,50126,Invalid username or password,1 Sign-in fails,Browser,US
2026-08-24T22:19,u2020@contoso.example,Payroll,50126,Invalid username or password,1 Sign-in fails,Mobile Apps and Desktop clients,SG
2026-08-24T22:45,u2055@contoso.example,VPN,50053,Account locked (smart lockout),5 Lockout loop,Mobile Apps and Desktop clients,IN
2026-08-24T22:57,u1382@contoso.example,Azure Portal,50105,User not assigned to app,9 Assignment and consent,Mobile Apps and Desktop clients,IN
2026-08-24T22:57,u3783@contoso.example,Payroll,500121,MFA challenge failed,2 MFA problems,Mobile Apps and Desktop clients,US
2026-08-24T23:00,u3606@contoso.example,SharePoint Online,70043,Sign-in frequency expired,6 Repeated prompts,Browser,IN
2026-08-24T23:06,u1154@contoso.example,VPN,53003,Blocked by Conditional Access,3 Conditional Access,Mobile Apps and Desktop clients,US
2026-08-24T23:09,u2336@contoso.example,Office 365 Exchange Online,50105,User not assigned to app,9 Assignment and consent,Mobile Apps and Desktop clients,IN
2026-08-24T23:25,u2561@contoso.example,Azure Portal,65001,Consent not granted,9 Assignment and consent,Mobile Apps and Desktop clients,IN
2026-08-24T23:35,u2063@contoso.example,SharePoint Online,50126,Invalid username or password,1 Sign-in fails,Mobile Apps and Desktop clients,IN
2026-08-24T23:49,u3434@contoso.example,Azure Portal,50053,Account locked (smart lockout),5 Lockout loop,Browser,IN
2026-08-24T23:50,u3266@contoso.example,Service Desk,50126,Invalid username or password,1 Sign-in fails,Mobile Apps and Desktop clients,IN
2026-08-24T23:51,u2823@contoso.example,Microsoft Teams,500121,MFA challenge failed,2 MFA problems,Browser,US
2026-08-24T23:59,u3306@contoso.example,Payroll,53003,Blocked by Conditional Access,3 Conditional Access,Mobile Apps and Desktop clients,GB
2026-08-25T00:02,u4530@contoso.example,Office 365 Exchange Online,500121,MFA challenge failed,2 MFA problems,Browser,IN
2026-08-25T00:29,u3500@contoso.example,SharePoint Online,50053,Account locked (smart lockout),5 Lockout loop,Mobile Apps and Desktop clients,IN
2026-08-25T00:33,u2926@contoso.example,VPN,50057,Account disabled,1 Sign-in fails,Browser,IN
2026-08-25T00:35,u2736@contoso.example,Office 365 Exchange Online,50053,Account locked (smart lockout),5 Lockout loop,Mobile Apps and Desktop clients,IN
2026-08-25T00:36,u2299@contoso.example,Azure Portal,50126,Invalid username or password,1 Sign-in fails,Browser,IN
2026-08-25T00:42,u2172@contoso.example,Service Desk,50105,User not assigned to app,9 Assignment and consent,Browser,IN
2026-08-25T00:50,u3801@contoso.example,Office 365 Exchange Online,50126,Invalid username or password,1 Sign-in fails,Mobile Apps and Desktop clients,SG
2026-08-25T00:51,u3770@contoso.example,VPN,500121,MFA challenge failed,2 MFA problems,Browser,US
2026-08-25T00:53,u4764@contoso.example,Office 365 Exchange Online,50126,Invalid username or password,1 Sign-in fails,Browser,DE
2026-08-25T00:53,u3032@contoso.example,HR Portal,53003,Blocked by Conditional Access,3 Conditional Access,Mobile Apps and Desktop clients,US
2026-08-25T01:01,u4640@contoso.example,Office 365 Exchange Online,50074,"MFA required, not completed",2 MFA problems,IMAP4,DE
2026-08-25T01:08,u2661@contoso.example,VPN,50053,Account locked (smart lockout),5 Lockout loop,Browser,IN
2026-08-25T01:44,u2670@contoso.example,Service Desk,50074,"MFA required, not completed",2 MFA problems,Mobile Apps and Desktop clients,IN
2026-08-25T01:57,u1483@contoso.example,HR Portal,53003,Blocked by Conditional Access,3 Conditional Access,Browser,IN
2026-08-25T01:58,u4112@contoso.example,CRM,53003,Blocked by Conditional Access,3 Conditional Access,Exchange ActiveSync,IN
2026-08-25T02:27,u1267@contoso.example,CRM,50126,Invalid username or password,1 Sign-in fails,Browser,US
2026-08-25T02:27,u3642@contoso.example,Payroll,50011,Reply URL mismatch,7 App authentication,Browser,GB
2026-08-25T02:31,u2727@contoso.example,HR Portal,50126,Invalid username or password,1 Sign-in fails,Browser,IN
2026-08-25T02:42,u3040@contoso.example,SharePoint Online,50055,Password expired,1 Sign-in fails,Mobile Apps and Desktop clients,US
2026-08-25T03:18,u1949@contoso.example,Payroll,50055,Password expired,1 Sign-in fails,Browser,GB
2026-08-25T03:19,u1546@contoso.example,Office 365 Exchange Online,50074,"MFA required, not completed",2 MFA problems,Browser,IN
2026-08-25T03:23,u3459@contoso.example,SharePoint Online,50053,Account locked (smart lockout),5 Lockout loop,Browser,IN
2026-08-25T03:33,u3336@contoso.example,CRM,50053,Account locked (smart lockout),5 Lockout loop,Mobile Apps and Desktop clients,IN
2026-08-25T03:51,u2419@contoso.example,Payroll,50126,Invalid username or password,1 Sign-in fails,Mobile Apps and Desktop clients,IN
2026-08-25T03:53,u4167@contoso.example,Service Desk,50126,Invalid username or password,1 Sign-in fails,Mobile Apps and Desktop clients,IN
2026-08-25T03:54,u2408@contoso.example,Azure Portal,500121,MFA challenge failed,2 MFA problems,IMAP4,US
2026-08-25T03:56,u4505@contoso.example,SharePoint Online,50105,User not assigned to app,9 Assignment and consent,Browser,IN
2026-08-25T04:02,u1924@contoso.example,HR Portal,50126,Invalid username or password,1 Sign-in fails,Browser,IN
2026-08-25T04:07,u1644@contoso.example,Office 365 Exchange Online,500121,MFA challenge failed,2 MFA problems,Exchange ActiveSync,IN
2026-08-25T04:34,u2401@contoso.example,Payroll,50126,Invalid username or password,1 Sign-in fails,Mobile Apps and Desktop clients,US
2026-08-25T04:45,u4961@contoso.example,Office 365 Exchange Online,50053,Account locked (smart lockout),5 Lockout loop,Browser,US
2026-08-25T04:53,u3780@contoso.example,SharePoint Online,50126,Invalid username or password,1 Sign-in fails,Mobile Apps and Desktop clients,DE
2026-08-25T04:55,u1736@contoso.example,Office 365 Exchange Online,53003,Blocked by Conditional Access,3 Conditional Access,Browser,IN
2026-08-25T05:05,u2102@contoso.example,Azure Portal,50074,"MFA required, not completed",2 MFA problems,Browser,US
2026-08-25T05:14,u2303@contoso.example,Payroll,53000,Device not compliant,15 Compliance and PRT,Browser,US
2026-08-25T05:18,u1100@contoso.example,VPN,50074,"MFA required, not completed",2 MFA problems,Browser,IN
2026-08-25T05:23,u2151@contoso.example,Payroll,50074,"MFA required, not completed",2 MFA problems,Browser,SG
2026-08-25T05:37,u2365@contoso.example,CRM,53000,Device not compliant,15 Compliance and PRT,Browser,SG
2026-08-25T05:45,u2173@contoso.example,CRM,53003,Blocked by Conditional Access,3 Conditional Access,Mobile Apps and Desktop clients,IN
2026-08-25T05:46,u1514@contoso.example,CRM,50126,Invalid username or password,1 Sign-in fails,Browser,US
2026-08-25T05:51,u4136@contoso.example,SharePoint Online,50126,Invalid username or password,1 Sign-in fails,Browser,IN
2026-08-25T05:51,u4028@contoso.example,Service Desk,50126,Invalid username or password,1 Sign-in fails,Mobile Apps and Desktop clients,GB
2026-08-25T05:53,u2754@contoso.example,VPN,50126,Invalid username or password,1 Sign-in fails,Browser,US
2026-08-25T06:01,u4684@contoso.example,Service Desk,500121,MFA challenge failed,2 MFA problems,Browser,IN
2026-08-25T06:20,u2485@contoso.example,Payroll,50126,Invalid username or password,1 Sign-in fails,Browser,DE
2026-08-25T06:22,u3631@contoso.example,Payroll,50074,"MFA required, not completed",2 MFA problems,Mobile Apps and Desktop clients,DE
2026-08-25T06:39,u2762@contoso.example,Office 365 Exchange Online,50074,"MFA required, not completed",2 MFA problems,Browser,SG
2026-08-25T06:39,u4729@contoso.example,Payroll,50126,Invalid username or password,1 Sign-in fails,Browser,IN
2026-08-25T06:41,u4760@contoso.example,Payroll,50057,Account disabled,1 Sign-in fails,Browser,US
2026-08-25T06:42,u1321@contoso.example,CRM,50105,User not assigned to app,9 Assignment and consent,Mobile Apps and Desktop clients,IN
2026-08-25T06:46,u4889@contoso.example,Microsoft Teams,50126,Invalid username or password,1 Sign-in fails,Mobile Apps and Desktop clients,IN
2026-08-25T06:47,u3952@contoso.example,SharePoint Online,53000,Device not compliant,15 Compliance and PRT,Browser,IN
2026-08-25T06:51,u2556@contoso.example,VPN,70043,Sign-in frequency expired,6 Repeated prompts,Mobile Apps and Desktop clients,DE
2026-08-25T06:54,u4299@contoso.example,Microsoft Teams,50011,Reply URL mismatch,7 App authentication,Mobile Apps and Desktop clients,DE
2026-08-25T06:56,u1114@contoso.example,Service Desk,53000,Device not compliant,15 Compliance and PRT,Browser,IN
2026-08-25T07:09,u3457@contoso.example,CRM,53003,Blocked by Conditional Access,3 Conditional Access,Exchange ActiveSync,DE
2026-08-25T07:14,u3205@contoso.example,HR Portal,50126,Invalid username or password,1 Sign-in fails,Browser,IN
2026-08-25T07:24,u1110@contoso.example,Azure Portal,90072,Guest account not in tenant,22 Guest access,Mobile Apps and Desktop clients,US
2026-08-25T07:26,u3644@contoso.example,Microsoft Teams,50126,Invalid username or password,1 Sign-in fails,Browser,IN
2026-08-25T07:28,u2256@contoso.example,HR Portal,50126,Invalid username or password,1 Sign-in fails,Browser,IN
2026-08-25T07:31,u2025@contoso.example,Azure Portal,50126,Invalid username or password,1 Sign-in fails,Mobile Apps and Desktop clients,DE
2026-08-25T07:33,u4164@contoso.example,Service Desk,50074,"MFA required, not completed",2 MFA problems,Browser,US
2026-08-25T07:44,u2629@contoso.example,HR Portal,70043,Sign-in frequency expired,6 Repeated prompts,Exchange ActiveSync,GB
2026-08-25T07:44,u4488@contoso.example,HR Portal,50053,Account locked (smart lockout),5 Lockout loop,Mobile Apps and Desktop clients,IN
2026-08-25T07:55,u1475@contoso.example,Office 365 Exchange Online,50105,User not assigned to app,9 Assignment and consent,Mobile Apps and Desktop clients,US
2026-08-25T07:55,u2905@contoso.example,Payroll,50126,Invalid username or password,1 Sign-in fails,Browser,US
2026-08-25T08:05,u4467@contoso.example,Payroll,50053,Account locked (smart lockout),5 Lockout loop,Mobile Apps and Desktop clients,SG
2026-08-25T08:06,u2898@contoso.example,Azure Portal,50053,Account locked (smart lockout),5 Lockout loop,Mobile Apps and Desktop clients,US
2026-08-25T08:09,u1795@contoso.example,CRM,50105,User not assigned to app,9 Assignment and consent,IMAP4,GB
2026-08-25T08:22,u4266@contoso.example,Microsoft Teams,500121,MFA challenge failed,2 MFA problems,Mobile Apps and Desktop clients,US
2026-08-25T08:23,u4980@contoso.example,VPN,53003,Blocked by Conditional Access,3 Conditional Access,Browser,IN
2026-08-25T08:31,u4025@contoso.example,Office 365 Exchange Online,50074,"MFA required, not completed",2 MFA problems,Mobile Apps and Desktop clients,IN
2026-08-25T08:36,u2099@contoso.example,SharePoint Online,50126,Invalid username or password,1 Sign-in fails,Mobile Apps and Desktop clients,DE
2026-08-25T08:38,u4335@contoso.example,Payroll,50105,User not assigned to app,9 Assignment and consent,Exchange ActiveSync,IN
2026-08-25T08:52,u2204@contoso.example,SharePoint Online,50074,"MFA required, not completed",2 MFA problems,Browser,IN
2026-08-25T08:55,u3814@contoso.example,CRM,50057,Account disabled,1 Sign-in fails,Mobile Apps and Desktop clients,IN
2026-08-25T08:58,u3813@contoso.example,HR Portal,53003,Blocked by Conditional Access,3 Conditional Access,IMAP4,IN
2026-08-25T09:03,u4605@contoso.example,VPN,50053,Account locked (smart lockout),5 Lockout loop,Mobile Apps and Desktop clients,IN
2026-08-25T09:18,u4624@contoso.example,Azure Portal,53003,Blocked by Conditional Access,3 Conditional Access,Browser,US
2026-08-25T09:19,u1076@contoso.example,HR Portal,50053,Account locked (smart lockout),5 Lockout loop,Mobile Apps and Desktop clients,IN
2026-08-25T09:22,u2467@contoso.example,HR Portal,50057,Account disabled,1 Sign-in fails,Browser,IN
2026-08-25T09:30,u1067@contoso.example,Payroll,500121,MFA challenge failed,2 MFA problems,Mobile Apps and Desktop clients,US
2026-08-25T09:37,u1054@contoso.example,SharePoint Online,50053,Account locked (smart lockout),5 Lockout loop,Browser,DE
2026-08-25T09:41,u2356@contoso.example,Office 365 Exchange Online,53003,Blocked by Conditional Access,3 Conditional Access,Browser,SG
2026-08-25T09:41,u3326@contoso.example,Office 365 Exchange Online,50105,User not assigned to app,9 Assignment and consent,IMAP4,IN
2026-08-25T09:44,u1046@contoso.example,Service Desk,500121,MFA challenge failed,2 MFA problems,Mobile Apps and Desktop clients,IN
2026-08-25T09:51,u1467@contoso.example,Microsoft Teams,53000,Device not compliant,15 Compliance and PRT,Mobile Apps and Desktop clients,US
2026-08-25T09:54,u4209@contoso.example,Payroll,50074,"MFA required, not completed",2 MFA problems,Browser,IN
2026-08-25T10:04,u1610@contoso.example,HR Portal,500121,MFA challenge failed,2 MFA problems,Exchange ActiveSync,IN
2026-08-25T10:21,u4573@contoso.example,CRM,500121,MFA challenge failed,2 MFA problems,Browser,US
2026-08-25T10:23,u1061@contoso.example,Microsoft Teams,50126,Invalid username or password,1 Sign-in fails,Browser,IN
2026-08-25T10:26,u3432@contoso.example,Microsoft Teams,70043,Sign-in frequency expired,6 Repeated prompts,Browser,IN
2026-08-25T10:36,u3407@contoso.example,SharePoint Online,500121,MFA challenge failed,2 MFA problems,Mobile Apps and Desktop clients,GB
2026-08-25T10:38,u4367@contoso.example,Azure Portal,50126,Invalid username or password,1 Sign-in fails,Browser,GB
2026-08-25T10:41,u1017@contoso.example,Microsoft Teams,50126,Invalid username or password,1 Sign-in fails,Exchange ActiveSync,DE
2026-08-25T11:02,u3902@contoso.example,CRM,500121,MFA challenge failed,2 MFA problems,Exchange ActiveSync,IN
2026-08-25T11:06,u1757@contoso.example,Azure Portal,50053,Account locked (smart lockout),5 Lockout loop,Mobile Apps and Desktop clients,IN
2026-08-25T11:11,u4638@contoso.example,Microsoft Teams,50074,"MFA required, not completed",2 MFA problems,Mobile Apps and Desktop clients,IN
2026-08-25T11:12,u2227@contoso.example,VPN,53000,Device not compliant,15 Compliance and PRT,Mobile Apps and Desktop clients,US
2026-08-25T11:23,u4962@contoso.example,Office 365 Exchange Online,53003,Blocked by Conditional Access,3 Conditional Access,Browser,US
2026-08-25T11:23,u4148@contoso.example,Service Desk,50053,Account locked (smart lockout),5 Lockout loop,Mobile Apps and Desktop clients,IN
2026-08-25T11:28,u3788@contoso.example,Service Desk,500121,MFA challenge failed,2 MFA problems,Browser,US
2026-08-25T11:36,u3184@contoso.example,Office 365 Exchange Online,50126,Invalid username or password,1 Sign-in fails,Mobile Apps and Desktop clients,IN
2026-08-25T11:46,u1332@contoso.example,Microsoft Teams,53000,Device not compliant,15 Compliance and PRT,Mobile Apps and Desktop clients,DE
2026-08-25T11:52,u3429@contoso.example,VPN,50126,Invalid username or password,1 Sign-in fails,Browser,IN
2026-08-25T11:53,u3140@contoso.example,Microsoft Teams,53003,Blocked by Conditional Access,3 Conditional Access,Mobile Apps and Desktop clients,GB
2026-08-25T12:04,u3855@contoso.example,Service Desk,500121,MFA challenge failed,2 MFA problems,Browser,US
2026-08-25T12:04,u3528@contoso.example,HR Portal,50074,"MFA required, not completed",2 MFA problems,Mobile Apps and Desktop clients,US
2026-08-25T12:05,u2335@contoso.example,Office 365 Exchange Online,50126,Invalid username or password,1 Sign-in fails,Browser,GB
2026-08-25T12:27,u3536@contoso.example,SharePoint Online,53000,Device not compliant,15 Compliance and PRT,Browser,IN
2026-08-25T12:28,u1326@contoso.example,Service Desk,90072,Guest account not in tenant,22 Guest access,Exchange ActiveSync,IN
2026-08-25T12:45,u4153@contoso.example,Microsoft Teams,50055,Password expired,1 Sign-in fails,Browser,US
2026-08-25T12:45,u3652@contoso.example,VPN,500121,MFA challenge failed,2 MFA problems,Browser,US
2026-08-25T12:51,u1274@contoso.example,VPN,50053,Account locked (smart lockout),5 Lockout loop,Browser,IN
2026-08-25T12:53,u3539@contoso.example,Microsoft Teams,50126,Invalid username or password,1 Sign-in fails,Mobile Apps and Desktop clients,IN
2026-08-25T13:02,u1725@contoso.example,CRM,50126,Invalid username or password,1 Sign-in fails,Mobile Apps and Desktop clients,US
2026-08-25T13:07,u1995@contoso.example,Microsoft Teams,50126,Invalid username or password,1 Sign-in fails,Mobile Apps and Desktop clients,IN
2026-08-25T13:08,u4905@contoso.example,Payroll,53000,Device not compliant,15 Compliance and PRT,Mobile Apps and Desktop clients,US
2026-08-25T13:20,u2804@contoso.example,Payroll,65001,Consent not granted,9 Assignment and consent,Mobile Apps and Desktop clients,US
2026-08-25T13:24,u3347@contoso.example,Payroll,50074,"MFA required, not completed",2 MFA problems,Browser,US
2026-08-25T13:44,u1910@contoso.example,Office 365 Exchange Online,50074,"MFA required, not completed",2 MFA problems,Mobile Apps and Desktop clients,GB
2026-08-25T13:45,u2775@contoso.example,Payroll,500121,MFA challenge failed,2 MFA problems,Mobile Apps and Desktop clients,DE
2026-08-25T13:54,u2427@contoso.example,Microsoft Teams,53000,Device not compliant,15 Compliance and PRT,Browser,IN
2026-08-25T14:06,u3479@contoso.example,Azure Portal,50011,Reply URL mismatch,7 App authentication,Browser,US
2026-08-25T14:11,u3236@contoso.example,CRM,500121,MFA challenge failed,2 MFA problems,Browser,US
2026-08-25T14:13,u2462@contoso.example,Microsoft Teams,50126,Invalid username or password,1 Sign-in fails,Exchange ActiveSync,IN
2026-08-25T14:18,u3942@contoso.example,Office 365 Exchange Online,50105,User not assigned to app,9 Assignment and consent,Mobile Apps and Desktop clients,IN
2026-08-25T14:25,u4458@contoso.example,SharePoint Online,500121,MFA challenge failed,2 MFA problems,Browser,IN
2026-08-25T14:26,u2358@contoso.example,Azure Portal,50105,User not assigned to app,9 Assignment and consent,Mobile Apps and Desktop clients,IN
2026-08-25T14:27,u2817@contoso.example,Office 365 Exchange Online,70043,Sign-in frequency expired,6 Repeated prompts,Browser,IN
2026-08-25T14:33,u1986@contoso.example,HR Portal,50126,Invalid username or password,1 Sign-in fails,Browser,GB
2026-08-25T14:39,u1133@contoso.example,Payroll,500121,MFA challenge failed,2 MFA problems,Browser,GB
2026-08-25T14:47,u3050@contoso.example,SharePoint Online,50126,Invalid username or password,1 Sign-in fails,Browser,IN
2026-08-25T14:47,u4595@contoso.example,Office 365 Exchange Online,53003,Blocked by Conditional Access,3 Conditional Access,Browser,IN
2026-08-25T14:55,u2618@contoso.example,Azure Portal,50126,Invalid username or password,1 Sign-in fails,Exchange ActiveSync,US
2026-08-25T14:56,u1147@contoso.example,Microsoft Teams,500121,MFA challenge failed,2 MFA problems,Browser,US
2026-08-25T15:02,u3873@contoso.example,Microsoft Teams,50105,User not assigned to app,9 Assignment and consent,Mobile Apps and Desktop clients,IN
2026-08-25T15:26,u1703@contoso.example,VPN,50105,User not assigned to app,9 Assignment and consent,Mobile Apps and Desktop clients,US
2026-08-25T15:41,u3524@contoso.example,Office 365 Exchange Online,50055,Password expired,1 Sign-in fails,Exchange ActiveSync,IN
2026-08-25T15:41,u3840@contoso.example,Payroll,70043,Sign-in frequency expired,6 Repeated prompts,Mobile Apps and Desktop clients,US
2026-08-25T15:48,u3756@contoso.example,Payroll,50126,Invalid username or password,1 Sign-in fails,Browser,IN
2026-08-25T15:48,u1827@contoso.example,HR Portal,50126,Invalid username or password,1 Sign-in fails,Browser,US
2026-08-25T15:59,u1379@contoso.example,VPN,50126,Invalid username or password,1 Sign-in fails,Mobile Apps and Desktop clients,IN
2026-08-25T16:03,u3255@contoso.example,VPN,50126,Invalid username or password,1 Sign-in fails,Browser,IN
2026-08-25T16:09,u3628@contoso.example,Office 365 Exchange Online,500121,MFA challenge failed,2 MFA problems,Mobile Apps and Desktop clients,GB
2026-08-25T16:10,u3571@contoso.example,CRM,53000,Device not compliant,15 Compliance and PRT,Browser,DE
2026-08-25T16:13,u1249@contoso.example,VPN,50074,"MFA required, not completed",2 MFA problems,Browser,US
2026-08-25T16:17,u4281@contoso.example,Microsoft Teams,500121,MFA challenge failed,2 MFA problems,Mobile Apps and Desktop clients,IN
2026-08-25T16:18,u2670@contoso.example,VPN,70043,Sign-in frequency expired,6 Repeated prompts,Exchange ActiveSync,IN
2026-08-25T16:19,u2774@contoso.example,Service Desk,53003,Blocked by Conditional Access,3 Conditional Access,Mobile Apps and Desktop clients,IN
2026-08-25T16:24,u4015@contoso.example,VPN,53000,Device not compliant,15 Compliance and PRT,Mobile Apps and Desktop clients,IN
2026-08-25T16:40,u2908@contoso.example,Azure Portal,50057,Account disabled,1 Sign-in fails,Browser,GB
2026-08-25T16:56,u4817@contoso.example,HR Portal,50053,Account locked (smart lockout),5 Lockout loop,Browser,US
2026-08-25T16:59,u1248@contoso.example,Microsoft Teams,50126,Invalid username or password,1 Sign-in fails,Mobile Apps and Desktop clients,IN
2026-08-25T17:15,u1833@contoso.example,HR Portal,50105,User not assigned to app,9 Assignment and consent,IMAP4,IN
2026-08-25T17:20,u3881@contoso.example,Service Desk,50126,Invalid username or password,1 Sign-in fails,Mobile Apps and Desktop clients,SG
2026-08-25T17:20,u2757@contoso.example,Office 365 Exchange Online,50074,"MFA required, not completed",2 MFA problems,Browser,US
2026-08-25T17:27,u4451@contoso.example,Microsoft Teams,50053,Account locked (smart lockout),5 Lockout loop,Exchange ActiveSync,GB
2026-08-25T17:34,u2545@contoso.example,CRM,50053,Account locked (smart lockout),5 Lockout loop,Exchange ActiveSync,GB
2026-08-25T17:36,u3798@contoso.example,SharePoint Online,50055,Password expired,1 Sign-in fails,Browser,SG
2026-08-25T17:45,u1464@contoso.example,Microsoft Teams,50055,Password expired,1 Sign-in fails,Browser,GB
2026-08-25T18:09,u2645@contoso.example,CRM,50126,Invalid username or password,1 Sign-in fails,Browser,IN
2026-08-25T18:14,u1461@contoso.example,Service Desk,500121,MFA challenge failed,2 MFA problems,Mobile Apps and Desktop clients,US
2026-08-25T18:17,u2136@contoso.example,HR Portal,50126,Invalid username or password,1 Sign-in fails,Mobile Apps and Desktop clients,US
2026-08-25T18:39,u3557@contoso.example,CRM,50126,Invalid username or password,1 Sign-in fails,Mobile Apps and Desktop clients,DE
2026-08-25T18:46,u3843@contoso.example,HR Portal,53000,Device not compliant,15 Compliance and PRT,Browser,US
2026-08-25T18:50,u1671@contoso.example,VPN,50105,User not assigned to app,9 Assignment and consent,Mobile Apps and Desktop clients,IN
2026-08-25T18:53,u3215@contoso.example,Office 365 Exchange Online,50126,Invalid username or password,1 Sign-in fails,Mobile Apps and Desktop clients,US
2026-08-25T19:24,u1254@contoso.example,Payroll,500121,MFA challenge failed,2 MFA problems,Browser,GB
2026-08-25T19:29,u2215@contoso.example,Service Desk,500121,MFA challenge failed,2 MFA problems,Browser,IN
2026-08-25T19:30,u4773@contoso.example,Office 365 Exchange Online,50011,Reply URL mismatch,7 App authentication,Mobile Apps and Desktop clients,GB
2026-08-25T19:41,u1356@contoso.example,Azure Portal,50126,Invalid username or password,1 Sign-in fails,Browser,IN
2026-08-25T19:44,u1973@contoso.example,Microsoft Teams,50126,Invalid username or password,1 Sign-in fails,Browser,US
2026-08-25T19:46,u2471@contoso.example,VPN,50126,Invalid username or password,1 Sign-in fails,Mobile Apps and Desktop clients,IN
2026-08-25T19:54,u2186@contoso.example,Service Desk,70043,Sign-in frequency expired,6 Repeated prompts,Browser,GB
2026-08-25T19:55,u4307@contoso.example,Microsoft Teams,70043,Sign-in frequency expired,6 Repeated prompts,Browser,IN
2026-08-25T20:01,u2783@contoso.example,Office 365 Exchange Online,70043,Sign-in frequency expired,6 Repeated prompts,Mobile Apps and Desktop clients,IN
2026-08-25T20:04,u2208@contoso.example,SharePoint Online,53000,Device not compliant,15 Compliance and PRT,Browser,DE
2026-08-25T20:30,u3348@contoso.example,VPN,500121,MFA challenge failed,2 MFA problems,Browser,IN
2026-08-25T20:31,u2781@contoso.example,Service Desk,500121,MFA challenge failed,2 MFA problems,Mobile Apps and Desktop clients,IN
2026-08-25T20:47,u4224@contoso.example,Microsoft Teams,50074,"MFA required, not completed",2 MFA problems,Browser,IN
2026-08-25T21:00,u3535@contoso.example,VPN,50126,Invalid username or password,1 Sign-in fails,Browser,IN
2026-08-25T21:00,u3926@contoso.example,Microsoft Teams,65001,Consent not granted,9 Assignment and consent,Browser,US
2026-08-25T21:03,u4801@contoso.example,Azure Portal,50126,Invalid username or password,1 Sign-in fails,Mobile Apps and Desktop clients,IN
2026-08-25T21:03,u3582@contoso.example,Office 365 Exchange Online,500121,MFA challenge failed,2 MFA problems,Mobile Apps and Desktop clients,SG
2026-08-25T21:10,u4555@contoso.example,Office 365 Exchange Online,500121,MFA challenge failed,2 MFA problems,Exchange ActiveSync,IN
2026-08-25T21:16,u1408@contoso.example,SharePoint Online,50126,Invalid username or password,1 Sign-in fails,Exchange ActiveSync,US
2026-08-25T21:30,u1061@contoso.example,Payroll,53000,Device not compliant,15 Compliance and PRT,Browser,IN
2026-08-25T21:36,u3034@contoso.example,VPN,50053,Account locked (smart lockout),5 Lockout loop,Mobile Apps and Desktop clients,IN
2026-08-25T21:38,u2243@contoso.example,SharePoint Online,500121,MFA challenge failed,2 MFA problems,Browser,IN
2026-08-25T22:00,u2537@contoso.example,SharePoint Online,50126,Invalid username or password,1 Sign-in fails,Mobile Apps and Desktop clients,US
2026-08-25T22:01,u4823@contoso.example,SharePoint Online,50126,Invalid username or password,1 Sign-in fails,Browser,IN
2026-08-25T22:05,u2324@contoso.example,Office 365 Exchange Online,65001,Consent not granted,9 Assignment and consent,IMAP4,US
2026-08-25T22:05,u1198@contoso.example,Service Desk,50057,Account disabled,1 Sign-in fails,Browser,IN
2026-08-25T22:10,u4763@contoso.example,Service Desk,500121,MFA challenge failed,2 MFA problems,Mobile Apps and Desktop clients,SG
2026-08-25T22:13,u3138@contoso.example,VPN,53000,Device not compliant,15 Compliance and PRT,Mobile Apps and Desktop clients,IN
2026-08-25T22:21,u4525@contoso.example,VPN,500121,MFA challenge failed,2 MFA problems,Mobile Apps and Desktop clients,DE
2026-08-25T22:33,u3984@contoso.example,Payroll,500121,MFA challenge failed,2 MFA problems,Browser,SG
2026-08-25T22:37,u2986@contoso.example,HR Portal,50057,Account disabled,1 Sign-in fails,Browser,DE
2026-08-25T22:40,u4370@contoso.example,Microsoft Teams,53003,Blocked by Conditional Access,3 Conditional Access,Mobile Apps and Desktop clients,IN
2026-08-25T22:41,u4174@contoso.example,Microsoft Teams,70043,Sign-in frequency expired,6 Repeated prompts,Browser,US
2026-08-25T22:44,u2015@contoso.example,HR Portal,65001,Consent not granted,9 Assignment and consent,Browser,US
2026-08-25T23:18,u3617@contoso.example,Microsoft Teams,50158,External MFA challenge not met,2 MFA problems,Browser,IN
2026-08-25T23:22,u4583@contoso.example,CRM,50126,Invalid username or password,1 Sign-in fails,Browser,IN
2026-08-25T23:35,u4830@contoso.example,Payroll,50126,Invalid username or password,1 Sign-in fails,Browser,US
2026-08-26T00:00,u2137@contoso.example,HR Portal,50053,Account locked (smart lockout),5 Lockout loop,Browser,US
2026-08-26T00:09,u3723@contoso.example,SharePoint Online,50126,Invalid username or password,1 Sign-in fails,Browser,IN
2026-08-26T00:15,u2803@contoso.example,Service Desk,53003,Blocked by Conditional Access,3 Conditional Access,Exchange ActiveSync,IN
2026-08-26T00:25,u3047@contoso.example,Office 365 Exchange Online,53003,Blocked by Conditional Access,3 Conditional Access,Browser,GB
2026-08-26T00:44,u2421@contoso.example,Service Desk,50055,Password expired,1 Sign-in fails,Mobile Apps and Desktop clients,US
2026-08-26T00:51,u1150@contoso.example,CRM,50105,User not assigned to app,9 Assignment and consent,Browser,IN
2026-08-26T00:51,u1110@contoso.example,CRM,53003,Blocked by Conditional Access,3 Conditional Access,Exchange ActiveSync,IN
2026-08-26T00:53,u1104@contoso.example,Azure Portal,53003,Blocked by Conditional Access,3 Conditional Access,Mobile Apps and Desktop clients,IN
2026-08-26T01:00,u3255@contoso.example,Microsoft Teams,50055,Password expired,1 Sign-in fails,Mobile Apps and Desktop clients,DE
2026-08-26T01:03,u4017@contoso.example,Payroll,70043,Sign-in frequency expired,6 Repeated prompts,Browser,IN
2026-08-26T01:06,u1401@contoso.example,Office 365 Exchange Online,50105,User not assigned to app,9 Assignment and consent,Mobile Apps and Desktop clients,IN
2026-08-26T01:06,u3627@contoso.example,SharePoint Online,53000,Device not compliant,15 Compliance and PRT,Browser,IN
2026-08-26T01:14,u3722@contoso.example,SharePoint Online,50126,Invalid username or password,1 Sign-in fails,Mobile Apps and Desktop clients,US
2026-08-26T01:22,u3515@contoso.example,Office 365 Exchange Online,53000,Device not compliant,15 Compliance and PRT,Browser,SG
2026-08-26T01:29,u2610@contoso.example,Office 365 Exchange Online,65001,Consent not granted,9 Assignment and consent,Browser,GB
2026-08-26T01:33,u1202@contoso.example,VPN,500121,MFA challenge failed,2 MFA problems,Mobile Apps and Desktop clients,US
2026-08-26T01:39,u3634@contoso.example,Microsoft Teams,53000,Device not compliant,15 Compliance and PRT,Browser,IN
2026-08-26T01:48,u3787@contoso.example,Payroll,50126,Invalid username or password,1 Sign-in fails,Browser,IN
2026-08-26T02:03,u3288@contoso.example,HR Portal,50126,Invalid username or password,1 Sign-in fails,Browser,IN
2026-08-26T02:05,u3658@contoso.example,HR Portal,53003,Blocked by Conditional Access,3 Conditional Access,Mobile Apps and Desktop clients,GB
2026-08-26T02:10,u3620@contoso.example,SharePoint Online,50053,Account locked (smart lockout),5 Lockout loop,Mobile Apps and Desktop clients,IN
2026-08-26T02:16,u2198@contoso.example,HR Portal,50055,Password expired,1 Sign-in fails,Mobile Apps and Desktop clients,IN
2026-08-26T02:26,u3936@contoso.example,Azure Portal,53003,Blocked by Conditional Access,3 Conditional Access,Mobile Apps and Desktop clients,US
2026-08-26T02:30,u2954@contoso.example,Office 365 Exchange Online,50105,User not assigned to app,9 Assignment and consent,Exchange ActiveSync,GB
2026-08-26T02:32,u1531@contoso.example,Microsoft Teams,50105,User not assigned to app,9 Assignment and consent,Browser,IN
2026-08-26T02:34,u3435@contoso.example,Azure Portal,53000,Device not compliant,15 Compliance and PRT,Browser,IN
2026-08-26T02:58,u2200@contoso.example,VPN,50055,Password expired,1 Sign-in fails,Mobile Apps and Desktop clients,US
2026-08-26T02:58,u1278@contoso.example,Service Desk,50126,Invalid username or password,1 Sign-in fails,Mobile Apps and Desktop clients,IN
2026-08-26T03:06,u4241@contoso.example,VPN,50126,Invalid username or password,1 Sign-in fails,Mobile Apps and Desktop clients,DE
2026-08-26T03:09,u3740@contoso.example,HR Portal,50057,Account disabled,1 Sign-in fails,Browser,SG
2026-08-26T03:23,u1117@contoso.example,SharePoint Online,50126,Invalid username or password,1 Sign-in fails,Mobile Apps and Desktop clients,GB
2026-08-26T03:26,u1438@contoso.example,Office 365 Exchange Online,500121,MFA challenge failed,2 MFA problems,Mobile Apps and Desktop clients,US
2026-08-26T03:43,u2575@contoso.example,Service Desk,50126,Invalid username or password,1 Sign-in fails,Mobile Apps and Desktop clients,US
2026-08-26T03:48,u2703@contoso.example,Office 365 Exchange Online,90072,Guest account not in tenant,22 Guest access,Mobile Apps and Desktop clients,DE
2026-08-26T04:15,u3286@contoso.example,HR Portal,50053,Account locked (smart lockout),5 Lockout loop,Browser,IN
2026-08-26T04:37,u2386@contoso.example,Payroll,500121,MFA challenge failed,2 MFA problems,Browser,IN
2026-08-26T04:52,u1354@contoso.example,VPN,50074,"MFA required, not completed",2 MFA problems,Browser,IN
2026-08-26T04:59,u4702@contoso.example,Office 365 Exchange Online,50105,User not assigned to app,9 Assignment and consent,Mobile Apps and Desktop clients,IN
2026-08-26T05:01,u1942@contoso.example,HR Portal,50126,Invalid username or password,1 Sign-in fails,Browser,US
2026-08-26T05:04,u4550@contoso.example,Office 365 Exchange Online,50053,Account locked (smart lockout),5 Lockout loop,Mobile Apps and Desktop clients,IN
2026-08-26T05:05,u1459@contoso.example,Service Desk,53003,Blocked by Conditional Access,3 Conditional Access,Browser,US
2026-08-26T05:13,u2393@contoso.example,CRM,500121,MFA challenge failed,2 MFA problems,Browser,IN
2026-08-26T05:14,u4230@contoso.example,Microsoft Teams,50126,Invalid username or password,1 Sign-in fails,Browser,US
2026-08-26T05:20,u1848@contoso.example,HR Portal,50105,User not assigned to app,9 Assignment and consent,Mobile Apps and Desktop clients,IN
2026-08-26T05:20,u3002@contoso.example,CRM,50126,Invalid username or password,1 Sign-in fails,Mobile Apps and Desktop clients,IN
2026-08-26T05:22,u2097@contoso.example,CRM,50126,Invalid username or password,1 Sign-in fails,Mobile Apps and Desktop clients,IN
2026-08-26T05:25,u1817@contoso.example,Service Desk,50126,Invalid username or password,1 Sign-in fails,Browser,IN
2026-08-26T05:32,u4290@contoso.example,Azure Portal,50055,Password expired,1 Sign-in fails,Browser,IN
2026-08-26T05:51,u2635@contoso.example,Service Desk,50105,User not assigned to app,9 Assignment and consent,Mobile Apps and Desktop clients,US
2026-08-26T06:03,u2030@contoso.example,VPN,50126,Invalid username or password,1 Sign-in fails,Browser,IN
2026-08-26T06:12,u4620@contoso.example,Payroll,53003,Blocked by Conditional Access,3 Conditional Access,Exchange ActiveSync,DE
2026-08-26T06:12,u3114@contoso.example,Service Desk,500121,MFA challenge failed,2 MFA problems,IMAP4,IN
2026-08-26T06:13,u1915@contoso.example,HR Portal,50105,User not assigned to app,9 Assignment and consent,Mobile Apps and Desktop clients,IN
2026-08-26T06:28,u2100@contoso.example,Microsoft Teams,50158,External MFA challenge not met,2 MFA problems,Browser,IN
2026-08-26T06:34,u2770@contoso.example,Azure Portal,50105,User not assigned to app,9 Assignment and consent,Browser,GB
2026-08-26T06:34,u3347@contoso.example,HR Portal,50057,Account disabled,1 Sign-in fails,Mobile Apps and Desktop clients,IN
2026-08-26T06:37,u4849@contoso.example,Azure Portal,65001,Consent not granted,9 Assignment and consent,IMAP4,IN
2026-08-26T06:38,u1096@contoso.example,Payroll,50053,Account locked (smart lockout),5 Lockout loop,Mobile Apps and Desktop clients,GB
2026-08-26T06:42,u4794@contoso.example,HR Portal,53003,Blocked by Conditional Access,3 Conditional Access,Browser,IN
2026-08-26T06:44,u4551@contoso.example,CRM,50074,"MFA required, not completed",2 MFA problems,Browser,US
2026-08-26T06:46,u4715@contoso.example,CRM,500121,MFA challenge failed,2 MFA problems,Browser,DE
2026-08-26T06:52,u2194@contoso.example,SharePoint Online,50126,Invalid username or password,1 Sign-in fails,Browser,IN
2026-08-26T07:04,u4748@contoso.example,Payroll,500121,MFA challenge failed,2 MFA problems,Mobile Apps and Desktop clients,IN
2026-08-26T07:15,u4505@contoso.example,Payroll,65001,Consent not granted,9 Assignment and consent,Exchange ActiveSync,US
2026-08-26T07:21,u3232@contoso.example,Payroll,50074,"MFA required, not completed",2 MFA problems,Mobile Apps and Desktop clients,US
2026-08-26T07:38,u4762@contoso.example,HR Portal,50074,"MFA required, not completed",2 MFA problems,Browser,IN
2026-08-26T07:39,u3257@contoso.example,HR Portal,500121,MFA challenge failed,2 MFA problems,Browser,GB
2026-08-26T07:56,u2047@contoso.example,Payroll,500121,MFA challenge failed,2 MFA problems,Mobile Apps and Desktop clients,IN
2026-08-26T08:04,u3074@contoso.example,Office 365 Exchange Online,50126,Invalid username or password,1 Sign-in fails,Browser,IN
2026-08-26T08:11,u1279@contoso.example,VPN,50105,User not assigned to app,9 Assignment and consent,Mobile Apps and Desktop clients,IN
2026-08-26T08:13,u1659@contoso.example,SharePoint Online,500121,MFA challenge failed,2 MFA problems,Mobile Apps and Desktop clients,IN
2026-08-26T08:22,u3272@contoso.example,Payroll,500121,MFA challenge failed,2 MFA problems,Browser,IN
2026-08-26T08:22,u2150@contoso.example,VPN,500121,MFA challenge failed,2 MFA problems,Browser,IN
2026-08-26T08:25,u2095@contoso.example,SharePoint Online,53000,Device not compliant,15 Compliance and PRT,Mobile Apps and Desktop clients,DE
2026-08-26T08:42,u3170@contoso.example,SharePoint Online,65001,Consent not granted,9 Assignment and consent,Browser,IN
2026-08-26T08:44,u2498@contoso.example,Microsoft Teams,90072,Guest account not in tenant,22 Guest access,Mobile Apps and Desktop clients,IN
2026-08-26T08:50,u2020@contoso.example,Microsoft Teams,500121,MFA challenge failed,2 MFA problems,Browser,GB
2026-08-26T08:52,u1066@contoso.example,Payroll,50126,Invalid username or password,1 Sign-in fails,Browser,IN
2026-08-26T08:53,u4157@contoso.example,CRM,53000,Device not compliant,15 Compliance and PRT,Browser,US
2026-08-26T08:59,u4359@contoso.example,HR Portal,50074,"MFA required, not completed",2 MFA problems,Browser,IN
2026-08-26T09:04,u4631@contoso.example,HR Portal,53000,Device not compliant,15 Compliance and PRT,Mobile Apps and Desktop clients,IN
2026-08-26T09:40,u3707@contoso.example,Office 365 Exchange Online,50053,Account locked (smart lockout),5 Lockout loop,Exchange ActiveSync,US
2026-08-26T09:50,u4936@contoso.example,Azure Portal,50126,Invalid username or password,1 Sign-in fails,Browser,SG
2026-08-26T10:02,u2480@contoso.example,Office 365 Exchange Online,50126,Invalid username or password,1 Sign-in fails,Browser,GB
2026-08-26T10:09,u2060@contoso.example,Microsoft Teams,500121,MFA challenge failed,2 MFA problems,Mobile Apps and Desktop clients,IN
2026-08-26T10:12,u3512@contoso.example,Payroll,50126,Invalid username or password,1 Sign-in fails,Mobile Apps and Desktop clients,US
2026-08-26T10:13,u2328@contoso.example,Office 365 Exchange Online,50011,Reply URL mismatch,7 App authentication,Mobile Apps and Desktop clients,GB
2026-08-26T10:27,u4890@contoso.example,Service Desk,50126,Invalid username or password,1 Sign-in fails,Mobile Apps and Desktop clients,US
2026-08-26T10:29,u3438@contoso.example,VPN,53003,Blocked by Conditional Access,3 Conditional Access,Exchange ActiveSync,DE
2026-08-26T10:29,u2542@contoso.example,VPN,50126,Invalid username or password,1 Sign-in fails,Mobile Apps and Desktop clients,US
2026-08-26T10:32,u3125@contoso.example,Azure Portal,50057,Account disabled,1 Sign-in fails,Mobile Apps and Desktop clients,US
2026-08-26T10:36,u2512@contoso.example,Microsoft Teams,50126,Invalid username or password,1 Sign-in fails,Mobile Apps and Desktop clients,IN
2026-08-26T10:48,u3625@contoso.example,Microsoft Teams,50055,Password expired,1 Sign-in fails,Browser,IN
2026-08-26T10:49,u1515@contoso.example,SharePoint Online,50126,Invalid username or password,1 Sign-in fails,Mobile Apps and Desktop clients,US
2026-08-26T10:50,u3631@contoso.example,Office 365 Exchange Online,50053,Account locked (smart lockout),5 Lockout loop,Mobile Apps and Desktop clients,IN
2026-08-26T10:53,u3478@contoso.example,Microsoft Teams,50055,Password expired,1 Sign-in fails,Mobile Apps and Desktop clients,IN
2026-08-26T11:11,u3763@contoso.example,CRM,90072,Guest account not in tenant,22 Guest access,Browser,IN
2026-08-26T11:17,u4536@contoso.example,Microsoft Teams,70043,Sign-in frequency expired,6 Repeated prompts,Mobile Apps and Desktop clients,IN
2026-08-26T11:32,u4621@contoso.example,Azure Portal,50126,Invalid username or password,1 Sign-in fails,IMAP4,US
2026-08-26T11:41,u4892@contoso.example,SharePoint Online,50158,External MFA challenge not met,2 MFA problems,Mobile Apps and Desktop clients,IN
2026-08-26T11:42,u4361@contoso.example,VPN,50126,Invalid username or password,1 Sign-in fails,Browser,IN
2026-08-26T11:50,u4369@contoso.example,VPN,53000,Device not compliant,15 Compliance and PRT,Mobile Apps and Desktop clients,IN
2026-08-26T11:52,u4782@contoso.example,SharePoint Online,53003,Blocked by Conditional Access,3 Conditional Access,Browser,IN
2026-08-26T12:03,u3283@contoso.example,Service Desk,50055,Password expired,1 Sign-in fails,Browser,IN
2026-08-26T12:24,u4492@contoso.example,Azure Portal,53000,Device not compliant,15 Compliance and PRT,Browser,IN
2026-08-26T12:25,u4794@contoso.example,Office 365 Exchange Online,65001,Consent not granted,9 Assignment and consent,Browser,DE
2026-08-26T12:29,u3905@contoso.example,HR Portal,53003,Blocked by Conditional Access,3 Conditional Access,Browser,IN
2026-08-26T12:29,u1635@contoso.example,Microsoft Teams,65001,Consent not granted,9 Assignment and consent,Mobile Apps and Desktop clients,IN
2026-08-26T12:33,u4525@contoso.example,Payroll,65001,Consent not granted,9 Assignment and consent,Browser,US
2026-08-26T12:34,u3444@contoso.example,Service Desk,500121,MFA challenge failed,2 MFA problems,Mobile Apps and Desktop clients,US
2026-08-26T12:47,u2730@contoso.example,Microsoft Teams,53003,Blocked by Conditional Access,3 Conditional Access,Mobile Apps and Desktop clients,IN
2026-08-26T12:53,u3216@contoso.example,HR Portal,50011,Reply URL mismatch,7 App authentication,Browser,IN
2026-08-26T12:56,u3523@contoso.example,Payroll,50074,"MFA required, not completed",2 MFA problems,Browser,IN
2026-08-26T13:03,u3060@contoso.example,Service Desk,50053,Account locked (smart lockout),5 Lockout loop,Mobile Apps and Desktop clients,IN
2026-08-26T13:09,u1701@contoso.example,SharePoint Online,53003,Blocked by Conditional Access,3 Conditional Access,Browser,US
2026-08-26T13:29,u1482@contoso.example,Service Desk,500121,MFA challenge failed,2 MFA problems,Mobile Apps and Desktop clients,US
2026-08-26T13:29,u3262@contoso.example,CRM,50057,Account disabled,1 Sign-in fails,Mobile Apps and Desktop clients,IN
2026-08-26T13:40,u1360@contoso.example,CRM,50074,"MFA required, not completed",2 MFA problems,Browser,US
2026-08-26T13:46,u3046@contoso.example,CRM,50126,Invalid username or password,1 Sign-in fails,Browser,IN
2026-08-26T13:52,u1723@contoso.example,Azure Portal,50126,Invalid username or password,1 Sign-in fails,Exchange ActiveSync,DE
2026-08-26T14:00,u4516@contoso.example,Office 365 Exchange Online,50053,Account locked (smart lockout),5 Lockout loop,Browser,US
2026-08-26T14:12,u1385@contoso.example,Service Desk,53003,Blocked by Conditional Access,3 Conditional Access,Browser,IN
2026-08-26T14:15,u3594@contoso.example,Microsoft Teams,50126,Invalid username or password,1 Sign-in fails,Browser,DE
2026-08-26T14:25,u4539@contoso.example,HR Portal,50057,Account disabled,1 Sign-in fails,Mobile Apps and Desktop clients,IN
2026-08-26T14:28,u3279@contoso.example,Payroll,500121,MFA challenge failed,2 MFA problems,Browser,GB
2026-08-26T14:29,u3854@contoso.example,Microsoft Teams,50126,Invalid username or password,1 Sign-in fails,Mobile Apps and Desktop clients,IN
2026-08-26T14:41,u1096@contoso.example,CRM,50011,Reply URL mismatch,7 App authentication,Browser,GB
2026-08-26T14:47,u4655@contoso.example,CRM,50126,Invalid username or password,1 Sign-in fails,Mobile Apps and Desktop clients,IN
2026-08-26T15:09,u2141@contoso.example,CRM,500121,MFA challenge failed,2 MFA problems,Browser,IN
2026-08-26T15:10,u4421@contoso.example,Azure Portal,50126,Invalid username or password,1 Sign-in fails,Mobile Apps and Desktop clients,US
2026-08-26T15:10,u4346@contoso.example,Azure Portal,50053,Account locked (smart lockout),5 Lockout loop,Browser,GB
2026-08-26T15:17,u1999@contoso.example,Microsoft Teams,65001,Consent not granted,9 Assignment and consent,Browser,GB
2026-08-26T15:24,u1348@contoso.example,Service Desk,50126,Invalid username or password,1 Sign-in fails,Mobile Apps and Desktop clients,IN
2026-08-26T15:30,u4047@contoso.example,CRM,50126,Invalid username or password,1 Sign-in fails,Mobile Apps and Desktop clients,IN
2026-08-26T15:43,u2066@contoso.example,Office 365 Exchange Online,50053,Account locked (smart lockout),5 Lockout loop,Mobile Apps and Desktop clients,US
2026-08-26T15:44,u4112@contoso.example,CRM,500121,MFA challenge failed,2 MFA problems,Mobile Apps and Desktop clients,DE
2026-08-26T15:57,u4811@contoso.example,HR Portal,50126,Invalid username or password,1 Sign-in fails,Browser,GB
2026-08-26T16:34,u3684@contoso.example,SharePoint Online,53003,Blocked by Conditional Access,3 Conditional Access,Exchange ActiveSync,DE
2026-08-26T17:10,u2747@contoso.example,SharePoint Online,90072,Guest account not in tenant,22 Guest access,Exchange ActiveSync,IN
2026-08-26T17:11,u2589@contoso.example,Payroll,500121,MFA challenge failed,2 MFA problems,Mobile Apps and Desktop clients,IN
2026-08-26T17:17,u1718@contoso.example,Microsoft Teams,53003,Blocked by Conditional Access,3 Conditional Access,Mobile Apps and Desktop clients,US
2026-08-26T17:30,u1421@contoso.example,Service Desk,50126,Invalid username or password,1 Sign-in fails,Browser,IN
2026-08-26T17:32,u2587@contoso.example,Payroll,50055,Password expired,1 Sign-in fails,Mobile Apps and Desktop clients,DE
2026-08-26T17:35,u3864@contoso.example,Microsoft Teams,90072,Guest account not in tenant,22 Guest access,Mobile Apps and Desktop clients,IN
2026-08-26T18:07,u2797@contoso.example,SharePoint Online,50055,Password expired,1 Sign-in fails,Mobile Apps and Desktop clients,DE
2026-08-26T18:08,u3792@contoso.example,SharePoint Online,500121,MFA challenge failed,2 MFA problems,Browser,IN
2026-08-26T18:30,u3368@contoso.example,Office 365 Exchange Online,53003,Blocked by Conditional Access,3 Conditional Access,Exchange ActiveSync,IN
2026-08-26T18:31,u2235@contoso.example,Payroll,50158,External MFA challenge not met,2 MFA problems,Browser,US
2026-08-26T18:36,u4885@contoso.example,SharePoint Online,50126,Invalid username or password,1 Sign-in fails,Mobile Apps and Desktop clients,IN
2026-08-26T18:36,u1832@contoso.example,CRM,53003,Blocked by Conditional Access,3 Conditional Access,Browser,SG
2026-08-26T18:39,u4911@contoso.example,Payroll,50057,Account disabled,1 Sign-in fails,Browser,IN
2026-08-26T18:51,u1860@contoso.example,SharePoint Online,50011,Reply URL mismatch,7 App authentication,Mobile Apps and Desktop clients,IN
2026-08-26T18:52,u2450@contoso.example,Azure Portal,50158,External MFA challenge not met,2 MFA problems,Mobile Apps and Desktop clients,IN
2026-08-26T18:56,u4965@contoso.example,VPN,53000,Device not compliant,15 Compliance and PRT,Browser,SG
2026-08-26T18:59,u3141@contoso.example,HR Portal,50126,Invalid username or password,1 Sign-in fails,Browser,GB
2026-08-26T19:04,u2947@contoso.example,Service Desk,53003,Blocked by Conditional Access,3 Conditional Access,Browser,IN
2026-08-26T19:08,u4646@contoso.example,Service Desk,50074,"MFA required, not completed",2 MFA problems,Browser,IN
2026-08-26T19:09,u2568@contoso.example,SharePoint Online,50126,Invalid username or password,1 Sign-in fails,Mobile Apps and Desktop clients,IN
2026-08-26T19:15,u4344@contoso.example,CRM,50074,"MFA required, not completed",2 MFA problems,Exchange ActiveSync,GB
2026-08-26T19:24,u2394@contoso.example,SharePoint Online,50055,Password expired,1 Sign-in fails,Browser,IN
2026-08-26T19:29,u2086@contoso.example,Office 365 Exchange Online,50053,Account locked (smart lockout),5 Lockout loop,Mobile Apps and Desktop clients,SG
2026-08-26T19:30,u4589@contoso.example,VPN,50126,Invalid username or password,1 Sign-in fails,Browser,IN
2026-08-26T19:34,u1132@contoso.example,SharePoint Online,50055,Password expired,1 Sign-in fails,Mobile Apps and Desktop clients,DE
2026-08-26T19:34,u1480@contoso.example,Office 365 Exchange Online,50126,Invalid username or password,1 Sign-in fails,Mobile Apps and Desktop clients,IN
2026-08-26T19:38,u1883@contoso.example,CRM,500121,MFA challenge failed,2 MFA problems,Browser,US
2026-08-26T19:50,u2715@contoso.example,VPN,50074,"MFA required, not completed",2 MFA problems,Browser,DE
2026-08-26T19:57,u3442@contoso.example,Microsoft Teams,53000,Device not compliant,15 Compliance and PRT,Mobile Apps and Desktop clients,IN
2026-08-26T20:12,u1255@contoso.example,Azure Portal,50126,Invalid username or password,1 Sign-in fails,Mobile Apps and Desktop clients,IN
2026-08-26T20:12,u1169@contoso.example,Service Desk,50057,Account disabled,1 Sign-in fails,Mobile Apps and Desktop clients,IN
2026-08-26T20:17,u3372@contoso.example,Azure Portal,50105,User not assigned to app,9 Assignment and consent,IMAP4,IN
2026-08-26T20:21,u2397@contoso.example,Office 365 Exchange Online,50074,"MFA required, not completed",2 MFA problems,Browser,IN
2026-08-26T20:29,u3307@contoso.example,VPN,50053,Account locked (smart lockout),5 Lockout loop,Mobile Apps and Desktop clients,SG
2026-08-26T20:31,u4937@contoso.example,SharePoint Online,50055,Password expired,1 Sign-in fails,Browser,IN
2026-08-26T20:33,u3319@contoso.example,Azure Portal,50126,Invalid username or password,1 Sign-in fails,Browser,IN
2026-08-26T20:40,u3363@contoso.example,Payroll,70043,Sign-in frequency expired,6 Repeated prompts,Browser,IN
2026-08-26T20:47,u4164@contoso.example,Microsoft Teams,500121,MFA challenge failed,2 MFA problems,Browser,GB
2026-08-26T20:49,u2723@contoso.example,VPN,50126,Invalid username or password,1 Sign-in fails,Mobile Apps and Desktop clients,IN
2026-08-26T20:50,u3825@contoso.example,Microsoft Teams,50053,Account locked (smart lockout),5 Lockout loop,Browser,SG
2026-08-26T21:19,u2612@contoso.example,HR Portal,53003,Blocked by Conditional Access,3 Conditional Access,Exchange ActiveSync,DE
2026-08-26T21:26,u3778@contoso.example,CRM,500121,MFA challenge failed,2 MFA problems,Browser,IN
2026-08-26T21:34,u4759@contoso.example,HR Portal,50074,"MFA required, not completed",2 MFA problems,Mobile Apps and Desktop clients,US
2026-08-26T21:40,u1529@contoso.example,HR Portal,53003,Blocked by Conditional Access,3 Conditional Access,Mobile Apps and Desktop clients,GB
2026-08-26T21:42,u1156@contoso.example,Office 365 Exchange Online,53003,Blocked by Conditional Access,3 Conditional Access,Mobile Apps and Desktop clients,IN
2026-08-26T21:43,u4773@contoso.example,Service Desk,53000,Device not compliant,15 Compliance and PRT,Browser,IN
2026-08-26T21:50,u3562@contoso.example,CRM,50126,Invalid username or password,1 Sign-in fails,Mobile Apps and Desktop clients,SG
2026-08-26T22:21,u4413@contoso.example,HR Portal,50126,Invalid username or password,1 Sign-in fails,Browser,US
2026-08-26T22:29,u4504@contoso.example,HR Portal,50126,Invalid username or password,1 Sign-in fails,Mobile Apps and Desktop clients,US
2026-08-26T22:32,u2850@contoso.example,CRM,70043,Sign-in frequency expired,6 Repeated prompts,Browser,IN
2026-08-26T22:53,u3301@contoso.example,HR Portal,50057,Account disabled,1 Sign-in fails,Browser,IN
2026-08-26T22:53,u4253@contoso.example,Service Desk,50053,Account locked (smart lockout),5 Lockout loop,Mobile Apps and Desktop clients,DE
2026-08-26T22:53,u4116@contoso.example,Office 365 Exchange Online,50126,Invalid username or password,1 Sign-in fails,Browser,DE
2026-08-26T23:00,u4060@contoso.example,Office 365 Exchange Online,500121,MFA challenge failed,2 MFA problems,IMAP4,IN
2026-08-26T23:03,u2804@contoso.example,CRM,53003,Blocked by Conditional Access,3 Conditional Access,Mobile Apps and Desktop clients,GB
2026-08-26T23:05,u2650@contoso.example,CRM,50126,Invalid username or password,1 Sign-in fails,Mobile Apps and Desktop clients,GB
2026-08-26T23:09,u4680@contoso.example,Microsoft Teams,50126,Invalid username or password,1 Sign-in fails,Browser,IN
2026-08-26T23:18,u3641@contoso.example,Azure Portal,500121,MFA challenge failed,2 MFA problems,Browser,GB
2026-08-26T23:34,u3796@contoso.example,Azure Portal,53003,Blocked by Conditional Access,3 Conditional Access,Browser,IN
2026-08-26T23:34,u1920@contoso.example,HR Portal,70043,Sign-in frequency expired,6 Repeated prompts,Browser,IN
2026-08-26T23:41,u3628@contoso.example,Azure Portal,50126,Invalid username or password,1 Sign-in fails,Mobile Apps and Desktop clients,IN
2026-08-26T23:46,u2881@contoso.example,HR Portal,53003,Blocked by Conditional Access,3 Conditional Access,Browser,GB
2026-08-26T23:46,u3429@contoso.example,SharePoint Online,50126,Invalid username or password,1 Sign-in fails,Mobile Apps and Desktop clients,DE
2026-08-26T23:57,u1801@contoso.example,VPN,500121,MFA challenge failed,2 MFA problems,IMAP4,GB
2026-08-27T00:04,u2353@contoso.example,VPN,50126,Invalid username or password,1 Sign-in fails,Mobile Apps and Desktop clients,US
2026-08-27T00:18,u4971@contoso.example,Office 365 Exchange Online,50053,Account locked (smart lockout),5 Lockout loop,Mobile Apps and Desktop clients,US
2026-08-27T00:22,u2509@contoso.example,SharePoint Online,50011,Reply URL mismatch,7 App authentication,Exchange ActiveSync,GB
2026-08-27T00:31,u2186@contoso.example,Office 365 Exchange Online,50126,Invalid username or password,1 Sign-in fails,Mobile Apps and Desktop clients,IN
2026-08-27T00:34,u4308@contoso.example,Office 365 Exchange Online,50053,Account locked (smart lockout),5 Lockout loop,IMAP4,IN
2026-08-27T00:39,u4214@contoso.example,Payroll,500121,MFA challenge failed,2 MFA problems,Browser,IN
2026-08-27T00:42,u3432@contoso.example,Payroll,50011,Reply URL mismatch,7 App authentication,Mobile Apps and Desktop clients,DE
2026-08-27T00:48,u3494@contoso.example,CRM,53003,Blocked by Conditional Access,3 Conditional Access,Browser,IN
2026-08-27T00:49,u4342@contoso.example,HR Portal,50074,"MFA required, not completed",2 MFA problems,Browser,US
2026-08-27T00:51,u2241@contoso.example,CRM,90072,Guest account not in tenant,22 Guest access,Mobile Apps and Desktop clients,SG
2026-08-27T00:58,u2761@contoso.example,HR Portal,50053,Account locked (smart lockout),5 Lockout loop,Mobile Apps and Desktop clients,IN
2026-08-27T01:02,u3475@contoso.example,CRM,53003,Blocked by Conditional Access,3 Conditional Access,Mobile Apps and Desktop clients,GB
2026-08-27T01:20,u3236@contoso.example,VPN,50057,Account disabled,1 Sign-in fails,Mobile Apps and Desktop clients,IN
2026-08-27T01:25,u1482@contoso.example,Azure Portal,50126,Invalid username or password,1 Sign-in fails,Browser,US
2026-08-27T01:34,u2095@contoso.example,Payroll,50053,Account locked (smart lockout),5 Lockout loop,IMAP4,US
2026-08-27T01:36,u3754@contoso.example,SharePoint Online,50053,Account locked (smart lockout),5 Lockout loop,Mobile Apps and Desktop clients,IN
2026-08-27T01:37,u4238@contoso.example,Service Desk,50055,Password expired,1 Sign-in fails,Mobile Apps and Desktop clients,IN
2026-08-27T01:41,u2603@contoso.example,Office 365 Exchange Online,50011,Reply URL mismatch,7 App authentication,Browser,IN
2026-08-27T01:42,u4726@contoso.example,CRM,50126,Invalid username or password,1 Sign-in fails,Mobile Apps and Desktop clients,US
2026-08-27T01:44,u1046@contoso.example,Service Desk,50053,Account locked (smart lockout),5 Lockout loop,Mobile Apps and Desktop clients,US
2026-08-27T01:50,u2001@contoso.example,Azure Portal,53003,Blocked by Conditional Access,3 Conditional Access,Mobile Apps and Desktop clients,GB
2026-08-27T01:54,u2318@contoso.example,CRM,90072,Guest account not in tenant,22 Guest access,Mobile Apps and Desktop clients,SG
2026-08-27T02:13,u3506@contoso.example,Azure Portal,65001,Consent not granted,9 Assignment and consent,Mobile Apps and Desktop clients,IN
2026-08-27T02:26,u2646@contoso.example,HR Portal,50053,Account locked (smart lockout),5 Lockout loop,Mobile Apps and Desktop clients,SG
2026-08-27T02:35,u3835@contoso.example,Microsoft Teams,50053,Account locked (smart lockout),5 Lockout loop,Mobile Apps and Desktop clients,IN
2026-08-27T02:37,u1571@contoso.example,HR Portal,50126,Invalid username or password,1 Sign-in fails,Mobile Apps and Desktop clients,IN
2026-08-27T02:38,u4679@contoso.example,Office 365 Exchange Online,50126,Invalid username or password,1 Sign-in fails,Browser,IN
2026-08-27T02:39,u3731@contoso.example,SharePoint Online,50011,Reply URL mismatch,7 App authentication,Mobile Apps and Desktop clients,US
2026-08-27T02:47,u1851@contoso.example,Microsoft Teams,53003,Blocked by Conditional Access,3 Conditional Access,Browser,IN
2026-08-27T02:51,u1891@contoso.example,VPN,50126,Invalid username or password,1 Sign-in fails,Browser,DE
2026-08-27T02:55,u2959@contoso.example,HR Portal,50126,Invalid username or password,1 Sign-in fails,Browser,US
2026-08-27T03:10,u4427@contoso.example,CRM,53003,Blocked by Conditional Access,3 Conditional Access,Browser,US
2026-08-27T03:19,u2666@contoso.example,HR Portal,90072,Guest account not in tenant,22 Guest access,Browser,IN
2026-08-27T03:26,u3117@contoso.example,CRM,50105,User not assigned to app,9 Assignment and consent,Exchange ActiveSync,IN
2026-08-27T03:28,u3659@contoso.example,SharePoint Online,70043,Sign-in frequency expired,6 Repeated prompts,Exchange ActiveSync,IN
2026-08-27T03:35,u1011@contoso.example,HR Portal,65001,Consent not granted,9 Assignment and consent,Mobile Apps and Desktop clients,GB
2026-08-27T03:42,u3076@contoso.example,Azure Portal,50053,Account locked (smart lockout),5 Lockout loop,Mobile Apps and Desktop clients,IN
2026-08-27T03:56,u2024@contoso.example,CRM,50105,User not assigned to app,9 Assignment and consent,Exchange ActiveSync,US
2026-08-27T04:19,u2200@contoso.example,HR Portal,50126,Invalid username or password,1 Sign-in fails,Browser,GB
2026-08-27T04:20,u1071@contoso.example,Service Desk,50055,Password expired,1 Sign-in fails,Browser,IN
2026-08-27T04:38,u3631@contoso.example,VPN,53003,Blocked by Conditional Access,3 Conditional Access,Browser,IN
2026-08-27T04:40,u2161@contoso.example,Microsoft Teams,53003,Blocked by Conditional Access,3 Conditional Access,Browser,IN
2026-08-27T04:41,u2052@contoso.example,Azure Portal,50074,"MFA required, not completed",2 MFA problems,Mobile Apps and Desktop clients,IN
2026-08-27T04:44,u1388@contoso.example,Microsoft Teams,65001,Consent not granted,9 Assignment and consent,Exchange ActiveSync,IN
2026-08-27T04:47,u1417@contoso.example,SharePoint Online,53003,Blocked by Conditional Access,3 Conditional Access,Browser,SG
2026-08-27T04:50,u4558@contoso.example,Office 365 Exchange Online,50074,"MFA required, not completed",2 MFA problems,Mobile Apps and Desktop clients,IN
2026-08-27T04:52,u1019@contoso.example,CRM,53003,Blocked by Conditional Access,3 Conditional Access,Browser,GB
2026-08-27T05:01,u3809@contoso.example,HR Portal,50126,Invalid username or password,1 Sign-in fails,Mobile Apps and Desktop clients,US
2026-08-27T05:16,u1400@contoso.example,Azure Portal,50074,"MFA required, not completed",2 MFA problems,Browser,IN
2026-08-27T05:17,u2936@contoso.example,Azure Portal,65001,Consent not granted,9 Assignment and consent,Browser,IN
2026-08-27T05:25,u2560@contoso.example,Office 365 Exchange Online,50105,User not assigned to app,9 Assignment and consent,Exchange ActiveSync,IN
2026-08-27T05:27,u2562@contoso.example,Microsoft Teams,53003,Blocked by Conditional Access,3 Conditional Access,Mobile Apps and Desktop clients,DE
2026-08-27T05:35,u2293@contoso.example,Payroll,50126,Invalid username or password,1 Sign-in fails,Browser,DE
2026-08-27T05:48,u4239@contoso.example,HR Portal,50057,Account disabled,1 Sign-in fails,Browser,IN
2026-08-27T05:59,u4947@contoso.example,Payroll,65001,Consent not granted,9 Assignment and consent,Mobile Apps and Desktop clients,IN
2026-08-27T06:06,u2687@contoso.example,Microsoft Teams,50053,Account locked (smart lockout),5 Lockout loop,Mobile Apps and Desktop clients,IN
2026-08-27T06:09,u3266@contoso.example,Office 365 Exchange Online,50126,Invalid username or password,1 Sign-in fails,Mobile Apps and Desktop clients,IN
2026-08-27T06:27,u2661@contoso.example,CRM,50074,"MFA required, not completed",2 MFA problems,IMAP4,IN
2026-08-27T06:30,u3655@contoso.example,Microsoft Teams,65001,Consent not granted,9 Assignment and consent,Browser,DE
2026-08-27T06:46,u2641@contoso.example,Office 365 Exchange Online,50126,Invalid username or password,1 Sign-in fails,Browser,IN
2026-08-27T06:54,u4530@contoso.example,VPN,50105,User not assigned to app,9 Assignment and consent,Browser,GB
2026-08-27T07:13,u3431@contoso.example,SharePoint Online,50126,Invalid username or password,1 Sign-in fails,Browser,SG
2026-08-27T07:14,u3078@contoso.example,HR Portal,50053,Account locked (smart lockout),5 Lockout loop,Browser,IN
2026-08-27T07:23,u3666@contoso.example,HR Portal,53000,Device not compliant,15 Compliance and PRT,Browser,IN
2026-08-27T07:24,u3281@contoso.example,HR Portal,50126,Invalid username or password,1 Sign-in fails,Browser,IN
2026-08-27T07:32,u1388@contoso.example,VPN,53003,Blocked by Conditional Access,3 Conditional Access,Browser,US
2026-08-27T07:50,u3365@contoso.example,HR Portal,90072,Guest account not in tenant,22 Guest access,Mobile Apps and Desktop clients,US
2026-08-27T07:58,u1032@contoso.example,HR Portal,50057,Account disabled,1 Sign-in fails,Mobile Apps and Desktop clients,GB
2026-08-27T08:04,u1105@contoso.example,Service Desk,50053,Account locked (smart lockout),5 Lockout loop,Mobile Apps and Desktop clients,DE
2026-08-27T08:12,u2323@contoso.example,Office 365 Exchange Online,65001,Consent not granted,9 Assignment and consent,Browser,IN
2026-08-27T08:20,u3435@contoso.example,Office 365 Exchange Online,50074,"MFA required, not completed",2 MFA problems,Mobile Apps and Desktop clients,IN
2026-08-27T08:23,u1485@contoso.example,Office 365 Exchange Online,50126,Invalid username or password,1 Sign-in fails,Browser,IN
2026-08-27T08:59,u3130@contoso.example,VPN,50126,Invalid username or password,1 Sign-in fails,Mobile Apps and Desktop clients,IN
2026-08-27T09:01,u2819@contoso.example,Microsoft Teams,50105,User not assigned to app,9 Assignment and consent,Mobile Apps and Desktop clients,US
2026-08-27T09:01,u4494@contoso.example,Payroll,50074,"MFA required, not completed",2 MFA problems,Mobile Apps and Desktop clients,IN
2026-08-27T09:41,u4294@contoso.example,SharePoint Online,50105,User not assigned to app,9 Assignment and consent,Mobile Apps and Desktop clients,GB
2026-08-27T09:42,u1874@contoso.example,Payroll,500121,MFA challenge failed,2 MFA problems,Mobile Apps and Desktop clients,IN
2026-08-27T09:47,u1507@contoso.example,Office 365 Exchange Online,53000,Device not compliant,15 Compliance and PRT,Mobile Apps and Desktop clients,IN
2026-08-27T09:56,u4546@contoso.example,Office 365 Exchange Online,53000,Device not compliant,15 Compliance and PRT,Mobile Apps and Desktop clients,US
2026-08-27T10:18,u2425@contoso.example,Azure Portal,50074,"MFA required, not completed",2 MFA problems,Browser,IN
2026-08-27T10:21,u1391@contoso.example,Payroll,53000,Device not compliant,15 Compliance and PRT,Browser,GB
2026-08-27T10:31,u2330@contoso.example,CRM,50126,Invalid username or password,1 Sign-in fails,Browser,GB
2026-08-27T10:38,u3217@contoso.example,HR Portal,53003,Blocked by Conditional Access,3 Conditional Access,Mobile Apps and Desktop clients,IN
2026-08-27T10:41,u4209@contoso.example,CRM,65001,Consent not granted,9 Assignment and consent,Mobile Apps and Desktop clients,IN
2026-08-27T11:04,u2768@contoso.example,HR Portal,500121,MFA challenge failed,2 MFA problems,Browser,IN
2026-08-27T11:10,u4315@contoso.example,Office 365 Exchange Online,50011,Reply URL mismatch,7 App authentication,Browser,US
2026-08-27T11:10,u3197@contoso.example,Payroll,50126,Invalid username or password,1 Sign-in fails,Browser,IN
2026-08-27T11:13,u2647@contoso.example,HR Portal,53000,Device not compliant,15 Compliance and PRT,Browser,IN
2026-08-27T11:15,u3316@contoso.example,Payroll,50105,User not assigned to app,9 Assignment and consent,Mobile Apps and Desktop clients,IN
2026-08-27T11:19,u3579@contoso.example,Azure Portal,50126,Invalid username or password,1 Sign-in fails,Browser,IN
2026-08-27T11:34,u3371@contoso.example,Azure Portal,53003,Blocked by Conditional Access,3 Conditional Access,Mobile Apps and Desktop clients,IN
2026-08-27T11:36,u3431@contoso.example,Service Desk,53003,Blocked by Conditional Access,3 Conditional Access,Mobile Apps and Desktop clients,GB
2026-08-27T11:46,u4218@contoso.example,VPN,50126,Invalid username or password,1 Sign-in fails,Browser,US
2026-08-27T11:52,u2023@contoso.example,HR Portal,50055,Password expired,1 Sign-in fails,Browser,IN
2026-08-27T11:59,u2797@contoso.example,Office 365 Exchange Online,50105,User not assigned to app,9 Assignment and consent,Browser,IN
2026-08-27T12:11,u4232@contoso.example,Office 365 Exchange Online,65001,Consent not granted,9 Assignment and consent,Browser,IN
2026-08-27T12:16,u4507@contoso.example,Payroll,65001,Consent not granted,9 Assignment and consent,Browser,GB
2026-08-27T12:26,u4441@contoso.example,Service Desk,50011,Reply URL mismatch,7 App authentication,Exchange ActiveSync,IN
2026-08-27T12:30,u3013@contoso.example,Office 365 Exchange Online,50126,Invalid username or password,1 Sign-in fails,Browser,IN
2026-08-27T12:35,u2687@contoso.example,SharePoint Online,50105,User not assigned to app,9 Assignment and consent,Browser,IN
2026-08-27T12:36,u1501@contoso.example,Microsoft Teams,500121,MFA challenge failed,2 MFA problems,Browser,IN
2026-08-27T13:04,u1435@contoso.example,Azure Portal,90072,Guest account not in tenant,22 Guest access,Exchange ActiveSync,IN
2026-08-27T13:05,u1424@contoso.example,Microsoft Teams,50057,Account disabled,1 Sign-in fails,Mobile Apps and Desktop clients,US
2026-08-27T13:07,u1812@contoso.example,HR Portal,50126,Invalid username or password,1 Sign-in fails,Browser,GB
2026-08-27T13:17,u3033@contoso.example,Office 365 Exchange Online,50053,Account locked (smart lockout),5 Lockout loop,Mobile Apps and Desktop clients,IN
2026-08-27T13:33,u3280@contoso.example,Azure Portal,50074,"MFA required, not completed",2 MFA problems,Mobile Apps and Desktop clients,IN
2026-08-27T13:41,u3447@contoso.example,Microsoft Teams,50074,"MFA required, not completed",2 MFA problems,Mobile Apps and Desktop clients,IN
2026-08-27T13:55,u3372@contoso.example,Azure Portal,50074,"MFA required, not completed",2 MFA problems,Browser,IN
2026-08-27T13:58,u4875@contoso.example,Office 365 Exchange Online,50055,Password expired,1 Sign-in fails,Mobile Apps and Desktop clients,GB
2026-08-27T14:00,u2297@contoso.example,HR Portal,50126,Invalid username or password,1 Sign-in fails,Browser,SG
2026-08-27T14:02,u4086@contoso.example,Microsoft Teams,70043,Sign-in frequency expired,6 Repeated prompts,Mobile Apps and Desktop clients,GB
2026-08-27T14:14,u2573@contoso.example,Microsoft Teams,50053,Account locked (smart lockout),5 Lockout loop,Mobile Apps and Desktop clients,IN
2026-08-27T14:54,u4202@contoso.example,VPN,50126,Invalid username or password,1 Sign-in fails,Browser,GB
2026-08-27T14:55,u4801@contoso.example,Office 365 Exchange Online,500121,MFA challenge failed,2 MFA problems,Browser,GB
2026-08-27T15:05,u1138@contoso.example,Microsoft Teams,50074,"MFA required, not completed",2 MFA problems,Browser,IN
2026-08-27T15:13,u1993@contoso.example,HR Portal,70043,Sign-in frequency expired,6 Repeated prompts,Browser,GB
2026-08-27T15:15,u2981@contoso.example,CRM,70043,Sign-in frequency expired,6 Repeated prompts,Browser,US
2026-08-27T15:23,u2737@contoso.example,CRM,53003,Blocked by Conditional Access,3 Conditional Access,Browser,IN
2026-08-27T15:30,u2394@contoso.example,Payroll,53000,Device not compliant,15 Compliance and PRT,Browser,DE
2026-08-27T15:39,u2351@contoso.example,CRM,70043,Sign-in frequency expired,6 Repeated prompts,Browser,SG
2026-08-27T15:42,u1869@contoso.example,Office 365 Exchange Online,50074,"MFA required, not completed",2 MFA problems,Mobile Apps and Desktop clients,US
2026-08-27T15:42,u4119@contoso.example,CRM,50126,Invalid username or password,1 Sign-in fails,Browser,IN
2026-08-27T15:49,u3027@contoso.example,HR Portal,500121,MFA challenge failed,2 MFA problems,Mobile Apps and Desktop clients,US
2026-08-27T15:55,u3706@contoso.example,Azure Portal,500121,MFA challenge failed,2 MFA problems,Browser,US
2026-08-27T16:09,u1820@contoso.example,Payroll,50055,Password expired,1 Sign-in fails,Browser,US
2026-08-27T16:09,u2261@contoso.example,Azure Portal,70043,Sign-in frequency expired,6 Repeated prompts,Mobile Apps and Desktop clients,DE
2026-08-27T16:10,u1283@contoso.example,VPN,50126,Invalid username or password,1 Sign-in fails,Mobile Apps and Desktop clients,GB
2026-08-27T16:15,u3818@contoso.example,VPN,53000,Device not compliant,15 Compliance and PRT,Exchange ActiveSync,US
2026-08-27T16:19,u4434@contoso.example,Azure Portal,50055,Password expired,1 Sign-in fails,Mobile Apps and Desktop clients,US
2026-08-27T16:19,u2736@contoso.example,Payroll,50126,Invalid username or password,1 Sign-in fails,Browser,IN
2026-08-27T16:26,u2540@contoso.example,HR Portal,50126,Invalid username or password,1 Sign-in fails,Mobile Apps and Desktop clients,IN
2026-08-27T16:32,u3598@contoso.example,Microsoft Teams,50053,Account locked (smart lockout),5 Lockout loop,Browser,IN
2026-08-27T16:32,u1110@contoso.example,HR Portal,53003,Blocked by Conditional Access,3 Conditional Access,Mobile Apps and Desktop clients,IN
2026-08-27T16:52,u1468@contoso.example,Microsoft Teams,53000,Device not compliant,15 Compliance and PRT,Mobile Apps and Desktop clients,IN
2026-08-27T17:01,u4069@contoso.example,VPN,50074,"MFA required, not completed",2 MFA problems,Mobile Apps and Desktop clients,IN
2026-08-27T17:03,u4323@contoso.example,Payroll,70043,Sign-in frequency expired,6 Repeated prompts,Exchange ActiveSync,IN
2026-08-27T17:21,u4260@contoso.example,Azure Portal,50126,Invalid username or password,1 Sign-in fails,Browser,GB
2026-08-27T17:25,u3738@contoso.example,Office 365 Exchange Online,500121,MFA challenge failed,2 MFA problems,Browser,IN
2026-08-27T17:41,u1078@contoso.example,Service Desk,50074,"MFA required, not completed",2 MFA problems,Browser,IN
2026-08-27T17:42,u2675@contoso.example,Microsoft Teams,50126,Invalid username or password,1 Sign-in fails,IMAP4,US
2026-08-27T17:47,u2225@contoso.example,Azure Portal,50053,Account locked (smart lockout),5 Lockout loop,Mobile Apps and Desktop clients,IN
2026-08-27T17:48,u1902@contoso.example,Service Desk,70043,Sign-in frequency expired,6 Repeated prompts,Mobile Apps and Desktop clients,SG
2026-08-27T17:49,u4261@contoso.example,Service Desk,50126,Invalid username or password,1 Sign-in fails,Mobile Apps and Desktop clients,IN
2026-08-27T17:53,u2239@contoso.example,HR Portal,53003,Blocked by Conditional Access,3 Conditional Access,Mobile Apps and Desktop clients,US
2026-08-27T17:54,u4584@contoso.example,Microsoft Teams,50126,Invalid username or password,1 Sign-in fails,Browser,SG
2026-08-27T18:20,u2144@contoso.example,Microsoft Teams,500121,MFA challenge failed,2 MFA problems,Browser,IN
2026-08-27T18:26,u4009@contoso.example,Microsoft Teams,50105,User not assigned to app,9 Assignment and consent,Mobile Apps and Desktop clients,IN
2026-08-27T18:53,u3828@contoso.example,Payroll,53000,Device not compliant,15 Compliance and PRT,Browser,SG
2026-08-27T18:55,u1041@contoso.example,HR Portal,50126,Invalid username or password,1 Sign-in fails,Browser,GB
2026-08-27T18:56,u3582@contoso.example,Service Desk,70043,Sign-in frequency expired,6 Repeated prompts,Browser,IN
2026-08-27T19:01,u2295@contoso.example,Microsoft Teams,70043,Sign-in frequency expired,6 Repeated prompts,Browser,IN
2026-08-27T19:02,u4155@contoso.example,HR Portal,50126,Invalid username or password,1 Sign-in fails,Mobile Apps and Desktop clients,US
2026-08-27T19:12,u2640@contoso.example,Payroll,50126,Invalid username or password,1 Sign-in fails,Browser,DE
2026-08-27T19:28,u1907@contoso.example,HR Portal,50126,Invalid username or password,1 Sign-in fails,Browser,US
2026-08-27T19:28,u2134@contoso.example,CRM,50053,Account locked (smart lockout),5 Lockout loop,Mobile Apps and Desktop clients,IN
2026-08-27T19:28,u3913@contoso.example,Microsoft Teams,50053,Account locked (smart lockout),5 Lockout loop,Browser,GB
2026-08-27T19:42,u1214@contoso.example,Payroll,53003,Blocked by Conditional Access,3 Conditional Access,Mobile Apps and Desktop clients,US
2026-08-27T19:49,u3325@contoso.example,CRM,53003,Blocked by Conditional Access,3 Conditional Access,Browser,IN
2026-08-27T19:57,u4753@contoso.example,Payroll,53003,Blocked by Conditional Access,3 Conditional Access,Browser,DE
2026-08-27T20:01,u2727@contoso.example,Office 365 Exchange Online,50126,Invalid username or password,1 Sign-in fails,Exchange ActiveSync,IN
2026-08-27T20:03,u2219@contoso.example,CRM,500121,MFA challenge failed,2 MFA problems,Exchange ActiveSync,IN
2026-08-27T20:06,u3066@contoso.example,SharePoint Online,53003,Blocked by Conditional Access,3 Conditional Access,Browser,US
2026-08-27T20:11,u3130@contoso.example,Service Desk,50105,User not assigned to app,9 Assignment and consent,Mobile Apps and Desktop clients,GB
2026-08-27T20:23,u4543@contoso.example,SharePoint Online,53000,Device not compliant,15 Compliance and PRT,Mobile Apps and Desktop clients,US
2026-08-27T20:24,u3471@contoso.example,Office 365 Exchange Online,50053,Account locked (smart lockout),5 Lockout loop,Mobile Apps and Desktop clients,IN
2026-08-27T20:36,u2056@contoso.example,HR Portal,50011,Reply URL mismatch,7 App authentication,Mobile Apps and Desktop clients,US
2026-08-27T20:37,u3211@contoso.example,SharePoint Online,50074,"MFA required, not completed",2 MFA problems,Mobile Apps and Desktop clients,IN
2026-08-27T20:56,u1184@contoso.example,SharePoint Online,50126,Invalid username or password,1 Sign-in fails,Mobile Apps and Desktop clients,IN
2026-08-27T21:10,u4097@contoso.example,Azure Portal,50053,Account locked (smart lockout),5 Lockout loop,Browser,IN
2026-08-27T21:17,u4432@contoso.example,Microsoft Teams,50126,Invalid username or password,1 Sign-in fails,Browser,US
2026-08-27T21:30,u3241@contoso.example,Service Desk,50126,Invalid username or password,1 Sign-in fails,Mobile Apps and Desktop clients,GB
2026-08-27T21:30,u3437@contoso.example,Service Desk,500121,MFA challenge failed,2 MFA problems,Mobile Apps and Desktop clients,DE
2026-08-27T21:42,u2568@contoso.example,HR Portal,50074,"MFA required, not completed",2 MFA problems,Mobile Apps and Desktop clients,IN
2026-08-27T21:44,u3576@contoso.example,SharePoint Online,50126,Invalid username or password,1 Sign-in fails,Browser,IN
2026-08-27T21:46,u1104@contoso.example,Microsoft Teams,50011,Reply URL mismatch,7 App authentication,Mobile Apps and Desktop clients,GB
2026-08-27T21:55,u2756@contoso.example,SharePoint Online,50126,Invalid username or password,1 Sign-in fails,Browser,GB
2026-08-27T21:59,u1792@contoso.example,HR Portal,50057,Account disabled,1 Sign-in fails,Mobile Apps and Desktop clients,IN
2026-08-27T22:08,u1115@contoso.example,VPN,53003,Blocked by Conditional Access,3 Conditional Access,Exchange ActiveSync,US
2026-08-27T22:16,u1408@contoso.example,HR Portal,500121,MFA challenge failed,2 MFA problems,Exchange ActiveSync,IN
2026-08-27T22:48,u4639@contoso.example,VPN,50057,Account disabled,1 Sign-in fails,Mobile Apps and Desktop clients,IN
2026-08-27T22:53,u4693@contoso.example,SharePoint Online,70043,Sign-in frequency expired,6 Repeated prompts,IMAP4,IN
2026-08-27T22:59,u3807@contoso.example,Microsoft Teams,50057,Account disabled,1 Sign-in fails,Mobile Apps and Desktop clients,DE
2026-08-27T23:08,u2099@contoso.example,VPN,50105,User not assigned to app,9 Assignment and consent,Mobile Apps and Desktop clients,GB
2026-08-27T23:12,u1347@contoso.example,Microsoft Teams,53003,Blocked by Conditional Access,3 Conditional Access,Mobile Apps and Desktop clients,IN
2026-08-27T23:23,u3374@contoso.example,VPN,53003,Blocked by Conditional Access,3 Conditional Access,Browser,US
2026-08-27T23:26,u3578@contoso.example,CRM,53003,Blocked by Conditional Access,3 Conditional Access,Mobile Apps and Desktop clients,IN
2026-08-27T23:36,u4996@contoso.example,CRM,50126,Invalid username or password,1 Sign-in fails,Mobile Apps and Desktop clients,IN
2026-08-27T23:44,u4386@contoso.example,VPN,50126,Invalid username or password,1 Sign-in fails,Mobile Apps and Desktop clients,IN
2026-08-28T00:00,u4155@contoso.example,Payroll,50074,"MFA required, not completed",2 MFA problems,Browser,IN
2026-08-28T00:03,u1374@contoso.example,HR Portal,50126,Invalid username or password,1 Sign-in fails,Browser,IN
2026-08-28T00:30,u3542@contoso.example,SharePoint Online,50126,Invalid username or password,1 Sign-in fails,Browser,IN
2026-08-28T00:36,u2924@contoso.example,Service Desk,500121,MFA challenge failed,2 MFA problems,Browser,IN
2026-08-28T00:37,u3764@contoso.example,Office 365 Exchange Online,53003,Blocked by Conditional Access,3 Conditional Access,Mobile Apps and Desktop clients,DE
2026-08-28T00:39,u1465@contoso.example,SharePoint Online,65001,Consent not granted,9 Assignment and consent,Browser,IN
2026-08-28T00:50,u3513@contoso.example,CRM,50126,Invalid username or password,1 Sign-in fails,Mobile Apps and Desktop clients,IN
2026-08-28T01:10,u1356@contoso.example,Microsoft Teams,50126,Invalid username or password,1 Sign-in fails,Browser,IN
2026-08-28T01:11,u4192@contoso.example,VPN,50126,Invalid username or password,1 Sign-in fails,Mobile Apps and Desktop clients,US
2026-08-28T01:24,u2373@contoso.example,HR Portal,50126,Invalid username or password,1 Sign-in fails,Browser,GB
2026-08-28T01:30,u4182@contoso.example,Payroll,50055,Password expired,1 Sign-in fails,Browser,GB
2026-08-28T01:45,u1945@contoso.example,CRM,50053,Account locked (smart lockout),5 Lockout loop,Browser,IN
2026-08-28T01:56,u1278@contoso.example,HR Portal,50126,Invalid username or password,1 Sign-in fails,Browser,DE
2026-08-28T02:02,u3356@contoso.example,Payroll,90072,Guest account not in tenant,22 Guest access,Browser,IN
2026-08-28T02:02,u1081@contoso.example,SharePoint Online,50126,Invalid username or password,1 Sign-in fails,Browser,GB
2026-08-28T02:04,u4259@contoso.example,CRM,50126,Invalid username or password,1 Sign-in fails,Browser,IN
2026-08-28T02:06,u1478@contoso.example,Service Desk,50055,Password expired,1 Sign-in fails,Mobile Apps and Desktop clients,IN
2026-08-28T02:08,u4230@contoso.example,Azure Portal,500121,MFA challenge failed,2 MFA problems,Mobile Apps and Desktop clients,IN
2026-08-28T02:18,u4611@contoso.example,CRM,500121,MFA challenge failed,2 MFA problems,Browser,IN
2026-08-28T02:24,u3066@contoso.example,CRM,50074,"MFA required, not completed",2 MFA problems,Mobile Apps and Desktop clients,DE
2026-08-28T02:41,u4600@contoso.example,Azure Portal,70043,Sign-in frequency expired,6 Repeated prompts,Browser,IN
2026-08-28T02:42,u2983@contoso.example,Microsoft Teams,70043,Sign-in frequency expired,6 Repeated prompts,Browser,IN
2026-08-28T02:55,u1230@contoso.example,Office 365 Exchange Online,50126,Invalid username or password,1 Sign-in fails,Mobile Apps and Desktop clients,IN
2026-08-28T02:57,u2834@contoso.example,Office 365 Exchange Online,500121,MFA challenge failed,2 MFA problems,Browser,IN
2026-08-28T02:58,u1011@contoso.example,Service Desk,53000,Device not compliant,15 Compliance and PRT,Mobile Apps and Desktop clients,IN
2026-08-28T02:58,u1150@contoso.example,Microsoft Teams,53003,Blocked by Conditional Access,3 Conditional Access,Browser,US
2026-08-28T03:19,u2179@contoso.example,Office 365 Exchange Online,53003,Blocked by Conditional Access,3 Conditional Access,Browser,IN
2026-08-28T03:20,u2174@contoso.example,Azure Portal,50126,Invalid username or password,1 Sign-in fails,Browser,GB
2026-08-28T03:20,u2343@contoso.example,Microsoft Teams,53003,Blocked by Conditional Access,3 Conditional Access,Browser,SG
2026-08-28T03:23,u3146@contoso.example,VPN,53003,Blocked by Conditional Access,3 Conditional Access,Browser,US
2026-08-28T03:43,u1076@contoso.example,Microsoft Teams,50126,Invalid username or password,1 Sign-in fails,Exchange ActiveSync,IN
2026-08-28T03:55,u4953@contoso.example,Payroll,50053,Account locked (smart lockout),5 Lockout loop,Browser,SG
2026-08-28T04:05,u1947@contoso.example,Office 365 Exchange Online,53000,Device not compliant,15 Compliance and PRT,Mobile Apps and Desktop clients,IN
2026-08-28T04:12,u1044@contoso.example,Service Desk,50126,Invalid username or password,1 Sign-in fails,Browser,IN
2026-08-28T04:17,u3145@contoso.example,Office 365 Exchange Online,500121,MFA challenge failed,2 MFA problems,Browser,IN
2026-08-28T04:17,u4533@contoso.example,Azure Portal,50057,Account disabled,1 Sign-in fails,Browser,US
2026-08-28T04:30,u1729@contoso.example,Payroll,500121,MFA challenge failed,2 MFA problems,Browser,US
2026-08-28T04:43,u3478@contoso.example,Microsoft Teams,50126,Invalid username or password,1 Sign-in fails,Browser,IN
2026-08-28T04:46,u3420@contoso.example,Microsoft Teams,90072,Guest account not in tenant,22 Guest access,Browser,DE
2026-08-28T04:47,u3142@contoso.example,VPN,50105,User not assigned to app,9 Assignment and consent,Browser,IN
2026-08-28T05:01,u2027@contoso.example,Azure Portal,500121,MFA challenge failed,2 MFA problems,IMAP4,GB
2026-08-28T05:02,u1904@contoso.example,Office 365 Exchange Online,500121,MFA challenge failed,2 MFA problems,Browser,IN
2026-08-28T05:06,u2962@contoso.example,Azure Portal,50126,Invalid username or password,1 Sign-in fails,Mobile Apps and Desktop clients,DE
2026-08-28T05:07,u2093@contoso.example,VPN,70043,Sign-in frequency expired,6 Repeated prompts,Browser,IN
2026-08-28T05:15,u4874@contoso.example,CRM,50126,Invalid username or password,1 Sign-in fails,Mobile Apps and Desktop clients,IN
2026-08-28T05:24,u3213@contoso.example,Azure Portal,53003,Blocked by Conditional Access,3 Conditional Access,Mobile Apps and Desktop clients,IN
2026-08-28T05:25,u3906@contoso.example,Office 365 Exchange Online,65001,Consent not granted,9 Assignment and consent,Browser,IN
2026-08-28T05:39,u2608@contoso.example,VPN,53000,Device not compliant,15 Compliance and PRT,Mobile Apps and Desktop clients,US
2026-08-28T05:43,u3959@contoso.example,Payroll,50055,Password expired,1 Sign-in fails,Browser,IN
2026-08-28T05:55,u4745@contoso.example,Payroll,500121,MFA challenge failed,2 MFA problems,Browser,IN
2026-08-28T05:58,u1558@contoso.example,Payroll,500121,MFA challenge failed,2 MFA problems,Mobile Apps and Desktop clients,IN
2026-08-28T06:05,u2153@contoso.example,Azure Portal,500121,MFA challenge failed,2 MFA problems,Browser,US
2026-08-28T06:06,u1249@contoso.example,Service Desk,53000,Device not compliant,15 Compliance and PRT,IMAP4,IN
2026-08-28T06:07,u3046@contoso.example,Microsoft Teams,50057,Account disabled,1 Sign-in fails,Mobile Apps and Desktop clients,GB
2026-08-28T06:08,u4053@contoso.example,VPN,90072,Guest account not in tenant,22 Guest access,Mobile Apps and Desktop clients,US
2026-08-28T06:14,u3135@contoso.example,Service Desk,50126,Invalid username or password,1 Sign-in fails,Browser,IN
2026-08-28T06:19,u4543@contoso.example,VPN,50074,"MFA required, not completed",2 MFA problems,Browser,GB
2026-08-28T06:22,u3847@contoso.example,SharePoint Online,50126,Invalid username or password,1 Sign-in fails,Browser,IN
2026-08-28T06:22,u3174@contoso.example,HR Portal,53003,Blocked by Conditional Access,3 Conditional Access,Mobile Apps and Desktop clients,SG
2026-08-28T06:24,u2948@contoso.example,SharePoint Online,500121,MFA challenge failed,2 MFA problems,Mobile Apps and Desktop clients,IN
2026-08-28T06:32,u2142@contoso.example,VPN,50126,Invalid username or password,1 Sign-in fails,Mobile Apps and Desktop clients,US
2026-08-28T06:37,u1224@contoso.example,Office 365 Exchange Online,50126,Invalid username or password,1 Sign-in fails,Browser,DE
2026-08-28T06:46,u3197@contoso.example,Service Desk,90072,Guest account not in tenant,22 Guest access,Browser,GB
2026-08-28T06:48,u1346@contoso.example,SharePoint Online,50126,Invalid username or password,1 Sign-in fails,IMAP4,IN
2026-08-28T06:52,u2759@contoso.example,HR Portal,50055,Password expired,1 Sign-in fails,Exchange ActiveSync,GB
2026-08-28T06:53,u4225@contoso.example,Office 365 Exchange Online,50057,Account disabled,1 Sign-in fails,Browser,IN
2026-08-28T07:05,u3456@contoso.example,CRM,50053,Account locked (smart lockout),5 Lockout loop,Browser,US
2026-08-28T07:06,u3836@contoso.example,VPN,90072,Guest account not in tenant,22 Guest access,Mobile Apps and Desktop clients,US
2026-08-28T07:18,u2937@contoso.example,VPN,53000,Device not compliant,15 Compliance and PRT,Mobile Apps and Desktop clients,IN
2026-08-28T07:18,u1709@contoso.example,SharePoint Online,50158,External MFA challenge not met,2 MFA problems,Mobile Apps and Desktop clients,IN
2026-08-28T07:23,u2655@contoso.example,VPN,70043,Sign-in frequency expired,6 Repeated prompts,Mobile Apps and Desktop clients,US
2026-08-28T07:34,u1685@contoso.example,CRM,53000,Device not compliant,15 Compliance and PRT,Browser,US
2026-08-28T07:48,u4299@contoso.example,Microsoft Teams,70043,Sign-in frequency expired,6 Repeated prompts,Mobile Apps and Desktop clients,US
2026-08-28T07:58,u4303@contoso.example,VPN,50074,"MFA required, not completed",2 MFA problems,Browser,IN
2026-08-28T08:15,u4142@contoso.example,Azure Portal,50126,Invalid username or password,1 Sign-in fails,Mobile Apps and Desktop clients,DE
2026-08-28T08:22,u2260@contoso.example,CRM,50055,Password expired,1 Sign-in fails,Browser,US
2026-08-28T08:24,u2625@contoso.example,Payroll,50126,Invalid username or password,1 Sign-in fails,Mobile Apps and Desktop clients,IN
2026-08-28T08:49,u4618@contoso.example,Azure Portal,50126,Invalid username or password,1 Sign-in fails,Mobile Apps and Desktop clients,GB
2026-08-28T08:57,u2160@contoso.example,SharePoint Online,500121,MFA challenge failed,2 MFA problems,Mobile Apps and Desktop clients,GB
2026-08-28T09:01,u4169@contoso.example,SharePoint Online,50126,Invalid username or password,1 Sign-in fails,Mobile Apps and Desktop clients,IN
2026-08-28T09:04,u3315@contoso.example,VPN,53003,Blocked by Conditional Access,3 Conditional Access,Browser,IN
2026-08-28T09:19,u1841@contoso.example,HR Portal,53000,Device not compliant,15 Compliance and PRT,Browser,IN
2026-08-28T09:25,u3973@contoso.example,CRM,53003,Blocked by Conditional Access,3 Conditional Access,Browser,GB
2026-08-28T09:33,u1108@contoso.example,Payroll,50126,Invalid username or password,1 Sign-in fails,Browser,US
2026-08-28T09:40,u3986@contoso.example,Payroll,50053,Account locked (smart lockout),5 Lockout loop,Mobile Apps and Desktop clients,IN
2026-08-28T09:52,u4803@contoso.example,Office 365 Exchange Online,53003,Blocked by Conditional Access,3 Conditional Access,Mobile Apps and Desktop clients,US
2026-08-28T10:05,u1984@contoso.example,CRM,50126,Invalid username or password,1 Sign-in fails,Mobile Apps and Desktop clients,US
2026-08-28T10:18,u4576@contoso.example,SharePoint Online,53003,Blocked by Conditional Access,3 Conditional Access,Browser,US
2026-08-28T10:31,u2858@contoso.example,Microsoft Teams,53000,Device not compliant,15 Compliance and PRT,Browser,IN
2026-08-28T10:37,u3130@contoso.example,Service Desk,50126,Invalid username or password,1 Sign-in fails,Exchange ActiveSync,IN
2026-08-28T10:53,u2871@contoso.example,CRM,50126,Invalid username or password,1 Sign-in fails,Mobile Apps and Desktop clients,US
2026-08-28T11:01,u4770@contoso.example,HR Portal,50126,Invalid username or password,1 Sign-in fails,Browser,IN
2026-08-28T11:02,u3001@contoso.example,Office 365 Exchange Online,50126,Invalid username or password,1 Sign-in fails,Browser,IN
2026-08-28T11:18,u2013@contoso.example,Microsoft Teams,50055,Password expired,1 Sign-in fails,Browser,IN
2026-08-28T11:19,u4305@contoso.example,CRM,53003,Blocked by Conditional Access,3 Conditional Access,Mobile Apps and Desktop clients,GB
2026-08-28T11:31,u2727@contoso.example,Azure Portal,50074,"MFA required, not completed",2 MFA problems,Mobile Apps and Desktop clients,IN
2026-08-28T11:36,u4386@contoso.example,Payroll,50057,Account disabled,1 Sign-in fails,Browser,IN
2026-08-28T11:57,u1027@contoso.example,Payroll,53000,Device not compliant,15 Compliance and PRT,Mobile Apps and Desktop clients,IN
2026-08-28T12:06,u3256@contoso.example,HR Portal,50074,"MFA required, not completed",2 MFA problems,Mobile Apps and Desktop clients,IN
2026-08-28T12:23,u4023@contoso.example,VPN,50105,User not assigned to app,9 Assignment and consent,Browser,IN
2026-08-28T12:39,u4307@contoso.example,HR Portal,50105,User not assigned to app,9 Assignment and consent,Mobile Apps and Desktop clients,DE
2026-08-28T12:39,u2467@contoso.example,VPN,500121,MFA challenge failed,2 MFA problems,Browser,IN
2026-08-28T12:47,u2153@contoso.example,Service Desk,50074,"MFA required, not completed",2 MFA problems,Exchange ActiveSync,IN
2026-08-28T12:52,u1051@contoso.example,Microsoft Teams,53003,Blocked by Conditional Access,3 Conditional Access,Exchange ActiveSync,IN
2026-08-28T13:19,u3892@contoso.example,SharePoint Online,90072,Guest account not in tenant,22 Guest access,Browser,US
2026-08-28T13:27,u1814@contoso.example,Payroll,50053,Account locked (smart lockout),5 Lockout loop,Browser,GB
2026-08-28T13:28,u2383@contoso.example,Payroll,50126,Invalid username or password,1 Sign-in fails,Mobile Apps and Desktop clients,IN
2026-08-28T13:42,u1142@contoso.example,Office 365 Exchange Online,50126,Invalid username or password,1 Sign-in fails,Mobile Apps and Desktop clients,GB
2026-08-28T13:47,u3487@contoso.example,Microsoft Teams,50055,Password expired,1 Sign-in fails,Mobile Apps and Desktop clients,IN
2026-08-28T14:05,u4615@contoso.example,VPN,53003,Blocked by Conditional Access,3 Conditional Access,Mobile Apps and Desktop clients,IN
2026-08-28T14:15,u3159@contoso.example,Payroll,50057,Account disabled,1 Sign-in fails,Mobile Apps and Desktop clients,IN
2026-08-28T14:19,u2310@contoso.example,Payroll,50126,Invalid username or password,1 Sign-in fails,Mobile Apps and Desktop clients,US
2026-08-28T14:23,u4425@contoso.example,HR Portal,50055,Password expired,1 Sign-in fails,Mobile Apps and Desktop clients,IN
2026-08-28T14:27,u2793@contoso.example,HR Portal,53003,Blocked by Conditional Access,3 Conditional Access,Mobile Apps and Desktop clients,GB
2026-08-28T14:48,u3566@contoso.example,Office 365 Exchange Online,50057,Account disabled,1 Sign-in fails,Mobile Apps and Desktop clients,IN
2026-08-28T14:58,u3650@contoso.example,Payroll,500121,MFA challenge failed,2 MFA problems,Mobile Apps and Desktop clients,IN
2026-08-28T15:03,u4881@contoso.example,Azure Portal,70043,Sign-in frequency expired,6 Repeated prompts,Browser,IN
2026-08-28T15:17,u3172@contoso.example,SharePoint Online,50126,Invalid username or password,1 Sign-in fails,Exchange ActiveSync,IN
2026-08-28T15:21,u4644@contoso.example,Azure Portal,53003,Blocked by Conditional Access,3 Conditional Access,Browser,IN
2026-08-28T15:31,u4695@contoso.example,CRM,53003,Blocked by Conditional Access,3 Conditional Access,Exchange ActiveSync,IN
2026-08-28T15:34,u1513@contoso.example,Microsoft Teams,50053,Account locked (smart lockout),5 Lockout loop,Mobile Apps and Desktop clients,IN
2026-08-28T15:37,u3247@contoso.example,HR Portal,90072,Guest account not in tenant,22 Guest access,Browser,DE
2026-08-28T15:40,u4258@contoso.example,VPN,50053,Account locked (smart lockout),5 Lockout loop,Mobile Apps and Desktop clients,IN
2026-08-28T16:15,u2767@contoso.example,VPN,50055,Password expired,1 Sign-in fails,Browser,DE
2026-08-28T16:21,u2421@contoso.example,HR Portal,50053,Account locked (smart lockout),5 Lockout loop,Exchange ActiveSync,IN
2026-08-28T16:23,u4284@contoso.example,Payroll,500121,MFA challenge failed,2 MFA problems,Mobile Apps and Desktop clients,IN
2026-08-28T16:26,u2074@contoso.example,VPN,50126,Invalid username or password,1 Sign-in fails,Browser,IN
2026-08-28T16:35,u1436@contoso.example,HR Portal,50126,Invalid username or password,1 Sign-in fails,Browser,SG
2026-08-28T16:45,u1118@contoso.example,Azure Portal,500121,MFA challenge failed,2 MFA problems,Browser,GB
2026-08-28T16:48,u3788@contoso.example,Azure Portal,50126,Invalid username or password,1 Sign-in fails,Browser,DE
2026-08-28T16:52,u4182@contoso.example,Service Desk,50126,Invalid username or password,1 Sign-in fails,Mobile Apps and Desktop clients,IN
2026-08-28T17:00,u1225@contoso.example,Service Desk,500121,MFA challenge failed,2 MFA problems,Mobile Apps and Desktop clients,US
2026-08-28T17:08,u2599@contoso.example,CRM,53000,Device not compliant,15 Compliance and PRT,Exchange ActiveSync,IN
2026-08-28T17:20,u2088@contoso.example,Payroll,50126,Invalid username or password,1 Sign-in fails,Browser,US
2026-08-28T17:44,u4181@contoso.example,Office 365 Exchange Online,500121,MFA challenge failed,2 MFA problems,Mobile Apps and Desktop clients,GB
2026-08-28T17:50,u1216@contoso.example,VPN,70043,Sign-in frequency expired,6 Repeated prompts,Mobile Apps and Desktop clients,GB
2026-08-28T18:00,u4244@contoso.example,VPN,50055,Password expired,1 Sign-in fails,Browser,IN
2026-08-28T18:01,u1577@contoso.example,Microsoft Teams,50126,Invalid username or password,1 Sign-in fails,Mobile Apps and Desktop clients,GB
2026-08-28T18:22,u3297@contoso.example,HR Portal,53000,Device not compliant,15 Compliance and PRT,Mobile Apps and Desktop clients,US
2026-08-28T18:25,u3713@contoso.example,SharePoint Online,70043,Sign-in frequency expired,6 Repeated prompts,Browser,IN
2026-08-28T18:44,u1729@contoso.example,CRM,90072,Guest account not in tenant,22 Guest access,Mobile Apps and Desktop clients,IN
2026-08-28T18:45,u3179@contoso.example,CRM,500121,MFA challenge failed,2 MFA problems,Browser,IN
2026-08-28T19:05,u3564@contoso.example,Azure Portal,50126,Invalid username or password,1 Sign-in fails,Browser,US
2026-08-28T19:07,u2651@contoso.example,HR Portal,53000,Device not compliant,15 Compliance and PRT,Mobile Apps and Desktop clients,IN
2026-08-28T19:28,u3707@contoso.example,Payroll,53003,Blocked by Conditional Access,3 Conditional Access,Browser,IN
2026-08-28T19:37,u3112@contoso.example,VPN,50126,Invalid username or password,1 Sign-in fails,Exchange ActiveSync,US
2026-08-28T19:40,u3479@contoso.example,SharePoint Online,90072,Guest account not in tenant,22 Guest access,Mobile Apps and Desktop clients,IN
2026-08-28T19:42,u2607@contoso.example,Microsoft Teams,50074,"MFA required, not completed",2 MFA problems,Browser,GB
2026-08-28T19:47,u1904@contoso.example,Microsoft Teams,50105,User not assigned to app,9 Assignment and consent,Exchange ActiveSync,IN
2026-08-28T19:47,u2204@contoso.example,SharePoint Online,50053,Account locked (smart lockout),5 Lockout loop,Mobile Apps and Desktop clients,US
2026-08-28T20:03,u1499@contoso.example,SharePoint Online,50074,"MFA required, not completed",2 MFA problems,Mobile Apps and Desktop clients,IN
2026-08-28T20:19,u2169@contoso.example,CRM,50126,Invalid username or password,1 Sign-in fails,Browser,IN
2026-08-28T20:19,u4118@contoso.example,Payroll,65001,Consent not granted,9 Assignment and consent,Browser,SG
2026-08-28T20:20,u2371@contoso.example,Office 365 Exchange Online,53003,Blocked by Conditional Access,3 Conditional Access,Browser,IN
2026-08-28T20:32,u3655@contoso.example,Service Desk,500121,MFA challenge failed,2 MFA problems,Browser,US
2026-08-28T20:42,u1805@contoso.example,Azure Portal,50074,"MFA required, not completed",2 MFA problems,Mobile Apps and Desktop clients,US
2026-08-28T20:46,u1142@contoso.example,Payroll,50053,Account locked (smart lockout),5 Lockout loop,Browser,SG
2026-08-28T20:57,u4574@contoso.example,HR Portal,50055,Password expired,1 Sign-in fails,Browser,US
2026-08-28T21:16,u2165@contoso.example,SharePoint Online,500121,MFA challenge failed,2 MFA problems,Browser,US
2026-08-28T21:17,u3790@contoso.example,CRM,500121,MFA challenge failed,2 MFA problems,Mobile Apps and Desktop clients,US
2026-08-28T21:30,u1990@contoso.example,Payroll,53000,Device not compliant,15 Compliance and PRT,Mobile Apps and Desktop clients,IN
2026-08-28T21:36,u1216@contoso.example,VPN,50074,"MFA required, not completed",2 MFA problems,Mobile Apps and Desktop clients,IN
2026-08-28T21:41,u3432@contoso.example,Microsoft Teams,50053,Account locked (smart lockout),5 Lockout loop,Browser,IN
2026-08-28T21:47,u4307@contoso.example,Service Desk,500121,MFA challenge failed,2 MFA problems,Browser,US
2026-08-28T22:02,u3560@contoso.example,Service Desk,50126,Invalid username or password,1 Sign-in fails,Mobile Apps and Desktop clients,IN
2026-08-28T22:16,u2179@contoso.example,SharePoint Online,50053,Account locked (smart lockout),5 Lockout loop,Mobile Apps and Desktop clients,IN
2026-08-28T22:20,u4223@contoso.example,VPN,65001,Consent not granted,9 Assignment and consent,Browser,US
2026-08-28T22:20,u3410@contoso.example,Payroll,50126,Invalid username or password,1 Sign-in fails,Browser,DE
2026-08-28T22:35,u4102@contoso.example,Office 365 Exchange Online,50126,Invalid username or password,1 Sign-in fails,Mobile Apps and Desktop clients,IN
2026-08-28T22:39,u3457@contoso.example,Payroll,50053,Account locked (smart lockout),5 Lockout loop,Browser,IN
2026-08-28T22:41,u3802@contoso.example,SharePoint Online,50105,User not assigned to app,9 Assignment and consent,Mobile Apps and Desktop clients,IN
2026-08-28T22:46,u3536@contoso.example,HR Portal,50126,Invalid username or password,1 Sign-in fails,Mobile Apps and Desktop clients,IN
2026-08-28T22:46,u4350@contoso.example,Service Desk,50126,Invalid username or password,1 Sign-in fails,Mobile Apps and Desktop clients,IN
2026-08-28T22:47,u1825@contoso.example,SharePoint Online,50053,Account locked (smart lockout),5 Lockout loop,Browser,IN
2026-08-28T22:52,u3286@contoso.example,CRM,50057,Account disabled,1 Sign-in fails,Mobile Apps and Desktop clients,GB
2026-08-28T22:59,u1066@contoso.example,Payroll,53000,Device not compliant,15 Compliance and PRT,Browser,US
2026-08-28T23:02,u1000@contoso.example,HR Portal,90072,Guest account not in tenant,22 Guest access,Mobile Apps and Desktop clients,DE
2026-08-28T23:09,u4532@contoso.example,VPN,50126,Invalid username or password,1 Sign-in fails,Browser,IN
2026-08-28T23:31,u3430@contoso.example,Office 365 Exchange Online,500121,MFA challenge failed,2 MFA problems,Mobile Apps and Desktop clients,SG
2026-08-28T23:33,u2226@contoso.example,VPN,50053,Account locked (smart lockout),5 Lockout loop,Exchange ActiveSync,IN
2026-08-28T23:36,u2527@contoso.example,VPN,53003,Blocked by Conditional Access,3 Conditional Access,Browser,IN
2026-08-28T23:45,u1431@contoso.example,HR Portal,50053,Account locked (smart lockout),5 Lockout loop,Browser,IN
2026-08-29T00:05,u2519@contoso.example,CRM,50126,Invalid username or password,1 Sign-in fails,Mobile Apps and Desktop clients,IN
2026-08-29T00:22,u3367@contoso.example,CRM,50053,Account locked (smart lockout),5 Lockout loop,Browser,US
2026-08-29T00:26,u1364@contoso.example,Office 365 Exchange Online,50074,"MFA required, not completed",2 MFA problems,Browser,IN
2026-08-29T01:00,u1570@contoso.example,HR Portal,50057,Account disabled,1 Sign-in fails,Mobile Apps and Desktop clients,GB
2026-08-29T01:13,u3747@contoso.example,Office 365 Exchange Online,53000,Device not compliant,15 Compliance and PRT,Mobile Apps and Desktop clients,IN
2026-08-29T01:24,u4738@contoso.example,CRM,50074,"MFA required, not completed",2 MFA problems,Mobile Apps and Desktop clients,IN
2026-08-29T01:30,u2869@contoso.example,Azure Portal,50126,Invalid username or password,1 Sign-in fails,Mobile Apps and Desktop clients,IN
2026-08-29T01:32,u4637@contoso.example,Azure Portal,70043,Sign-in frequency expired,6 Repeated prompts,Browser,IN
2026-08-29T01:34,u1800@contoso.example,CRM,500121,MFA challenge failed,2 MFA problems,Browser,IN
2026-08-29T01:45,u4077@contoso.example,Office 365 Exchange Online,53003,Blocked by Conditional Access,3 Conditional Access,Mobile Apps and Desktop clients,IN
2026-08-29T01:59,u3006@contoso.example,VPN,90072,Guest account not in tenant,22 Guest access,Mobile Apps and Desktop clients,DE
2026-08-29T02:02,u3534@contoso.example,CRM,53003,Blocked by Conditional Access,3 Conditional Access,Browser,IN
2026-08-29T02:08,u4032@contoso.example,Office 365 Exchange Online,500121,MFA challenge failed,2 MFA problems,Browser,GB
2026-08-29T02:11,u1999@contoso.example,Payroll,500121,MFA challenge failed,2 MFA problems,Mobile Apps and Desktop clients,IN
2026-08-29T02:16,u4520@contoso.example,SharePoint Online,500121,MFA challenge failed,2 MFA problems,Browser,IN
2026-08-29T02:41,u1482@contoso.example,Service Desk,500121,MFA challenge failed,2 MFA problems,Browser,IN
2026-08-29T02:43,u2854@contoso.example,Service Desk,53003,Blocked by Conditional Access,3 Conditional Access,Mobile Apps and Desktop clients,IN
2026-08-29T02:46,u1183@contoso.example,Azure Portal,500121,MFA challenge failed,2 MFA problems,Browser,GB
2026-08-29T02:52,u3471@contoso.example,HR Portal,500121,MFA challenge failed,2 MFA problems,Mobile Apps and Desktop clients,US
2026-08-29T02:56,u2382@contoso.example,HR Portal,50105,User not assigned to app,9 Assignment and consent,Browser,IN
2026-08-29T02:58,u2111@contoso.example,Office 365 Exchange Online,50053,Account locked (smart lockout),5 Lockout loop,Browser,DE
2026-08-29T03:07,u1636@contoso.example,Microsoft Teams,50126,Invalid username or password,1 Sign-in fails,Mobile Apps and Desktop clients,DE
2026-08-29T03:09,u2884@contoso.example,VPN,50126,Invalid username or password,1 Sign-in fails,Browser,GB
2026-08-29T03:09,u4757@contoso.example,Microsoft Teams,53003,Blocked by Conditional Access,3 Conditional Access,Browser,SG
2026-08-29T03:16,u3611@contoso.example,Payroll,50126,Invalid username or password,1 Sign-in fails,Mobile Apps and Desktop clients,IN
2026-08-29T03:19,u3172@contoso.example,CRM,65001,Consent not granted,9 Assignment and consent,IMAP4,GB
2026-08-29T03:42,u4785@contoso.example,SharePoint Online,65001,Consent not granted,9 Assignment and consent,Mobile Apps and Desktop clients,IN
2026-08-29T03:43,u1550@contoso.example,Office 365 Exchange Online,500121,MFA challenge failed,2 MFA problems,Browser,DE
2026-08-29T03:44,u3694@contoso.example,Office 365 Exchange Online,50053,Account locked (smart lockout),5 Lockout loop,Browser,IN
2026-08-29T03:45,u1247@contoso.example,Office 365 Exchange Online,50126,Invalid username or password,1 Sign-in fails,Mobile Apps and Desktop clients,IN
2026-08-29T03:52,u4245@contoso.example,HR Portal,50053,Account locked (smart lockout),5 Lockout loop,Exchange ActiveSync,DE
2026-08-29T04:01,u2482@contoso.example,Payroll,90072,Guest account not in tenant,22 Guest access,Mobile Apps and Desktop clients,IN
2026-08-29T04:11,u3776@contoso.example,Service Desk,53003,Blocked by Conditional Access,3 Conditional Access,Mobile Apps and Desktop clients,IN
2026-08-29T04:15,u1167@contoso.example,VPN,50055,Password expired,1 Sign-in fails,Browser,US
2026-08-29T04:34,u3528@contoso.example,Service Desk,50074,"MFA required, not completed",2 MFA problems,Mobile Apps and Desktop clients,IN
2026-08-29T04:53,u3798@contoso.example,HR Portal,70043,Sign-in frequency expired,6 Repeated prompts,Browser,US
2026-08-29T05:04,u1237@contoso.example,Payroll,50074,"MFA required, not completed",2 MFA problems,Browser,DE
2026-08-29T05:19,u4691@contoso.example,CRM,53003,Blocked by Conditional Access,3 Conditional Access,Browser,US
2026-08-29T05:26,u3536@contoso.example,Microsoft Teams,50057,Account disabled,1 Sign-in fails,Browser,DE
2026-08-29T05:30,u1603@contoso.example,Microsoft Teams,50105,User not assigned to app,9 Assignment and consent,Exchange ActiveSync,IN
2026-08-29T05:32,u2652@contoso.example,CRM,50057,Account disabled,1 Sign-in fails,Mobile Apps and Desktop clients,US
2026-08-29T06:02,u2088@contoso.example,SharePoint Online,50126,Invalid username or password,1 Sign-in fails,Mobile Apps and Desktop clients,US
2026-08-29T06:04,u4004@contoso.example,Microsoft Teams,90072,Guest account not in tenant,22 Guest access,Browser,DE
2026-08-29T06:05,u2743@contoso.example,Microsoft Teams,50126,Invalid username or password,1 Sign-in fails,Browser,GB
2026-08-29T06:09,u1998@contoso.example,Payroll,50057,Account disabled,1 Sign-in fails,Browser,IN
2026-08-29T06:09,u3040@contoso.example,SharePoint Online,50126,Invalid username or password,1 Sign-in fails,Mobile Apps and Desktop clients,SG
2026-08-29T06:10,u2026@contoso.example,SharePoint Online,53003,Blocked by Conditional Access,3 Conditional Access,Mobile Apps and Desktop clients,DE
2026-08-29T06:10,u3225@contoso.example,Service Desk,50055,Password expired,1 Sign-in fails,Browser,GB
2026-08-29T06:26,u1998@contoso.example,Office 365 Exchange Online,50074,"MFA required, not completed",2 MFA problems,Mobile Apps and Desktop clients,IN
2026-08-29T06:46,u4968@contoso.example,VPN,70043,Sign-in frequency expired,6 Repeated prompts,Mobile Apps and Desktop clients,SG
2026-08-29T07:13,u1848@contoso.example,Service Desk,50105,User not assigned to app,9 Assignment and consent,Mobile Apps and Desktop clients,IN
2026-08-29T07:14,u1211@contoso.example,Office 365 Exchange Online,500121,MFA challenge failed,2 MFA problems,Browser,IN
2026-08-29T07:21,u3552@contoso.example,Microsoft Teams,50126,Invalid username or password,1 Sign-in fails,Mobile Apps and Desktop clients,US
2026-08-29T07:23,u4832@contoso.example,Payroll,50126,Invalid username or password,1 Sign-in fails,Mobile Apps and Desktop clients,IN
2026-08-29T07:43,u2728@contoso.example,Microsoft Teams,50126,Invalid username or password,1 Sign-in fails,Mobile Apps and Desktop clients,IN
2026-08-29T08:22,u3475@contoso.example,Office 365 Exchange Online,50105,User not assigned to app,9 Assignment and consent,Browser,GB
2026-08-29T08:42,u4611@contoso.example,Azure Portal,90072,Guest account not in tenant,22 Guest access,Mobile Apps and Desktop clients,IN
2026-08-29T08:45,u3837@contoso.example,Azure Portal,50126,Invalid username or password,1 Sign-in fails,Mobile Apps and Desktop clients,GB
2026-08-29T08:45,u1736@contoso.example,CRM,50011,Reply URL mismatch,7 App authentication,Mobile Apps and Desktop clients,US
2026-08-29T09:00,u3567@contoso.example,Payroll,50126,Invalid username or password,1 Sign-in fails,Browser,DE
2026-08-29T09:04,u2201@contoso.example,CRM,50105,User not assigned to app,9 Assignment and consent,Browser,IN
2026-08-29T09:07,u1228@contoso.example,Payroll,53003,Blocked by Conditional Access,3 Conditional Access,Mobile Apps and Desktop clients,IN
2026-08-29T09:19,u3881@contoso.example,Office 365 Exchange Online,50126,Invalid username or password,1 Sign-in fails,Browser,IN
2026-08-29T09:45,u1043@contoso.example,Office 365 Exchange Online,70043,Sign-in frequency expired,6 Repeated prompts,Browser,IN
2026-08-29T09:55,u3593@contoso.example,Payroll,50126,Invalid username or password,1 Sign-in fails,Mobile Apps and Desktop clients,IN
2026-08-29T10:00,u4189@contoso.example,Payroll,50126,Invalid username or password,1 Sign-in fails,Browser,IN
2026-08-29T10:01,u4248@contoso.example,Payroll,53003,Blocked by Conditional Access,3 Conditional Access,Exchange ActiveSync,SG
2026-08-29T10:05,u3951@contoso.example,VPN,50126,Invalid username or password,1 Sign-in fails,Mobile Apps and Desktop clients,US
2026-08-29T10:08,u2323@contoso.example,VPN,53003,Blocked by Conditional Access,3 Conditional Access,Browser,IN
2026-08-29T10:36,u1245@contoso.example,SharePoint Online,53003,Blocked by Conditional Access,3 Conditional Access,Browser,IN
2026-08-29T10:45,u3458@contoso.example,CRM,50053,Account locked (smart lockout),5 Lockout loop,Browser,IN
2026-08-29T10:48,u1245@contoso.example,Office 365 Exchange Online,50011,Reply URL mismatch,7 App authentication,Browser,IN
2026-08-29T10:58,u1451@contoso.example,VPN,500121,MFA challenge failed,2 MFA problems,Browser,IN
2026-08-29T10:59,u2222@contoso.example,Payroll,50126,Invalid username or password,1 Sign-in fails,Mobile Apps and Desktop clients,IN
2026-08-29T10:59,u1396@contoso.example,Office 365 Exchange Online,50126,Invalid username or password,1 Sign-in fails,Browser,GB
2026-08-29T11:02,u4311@contoso.example,SharePoint Online,500121,MFA challenge failed,2 MFA problems,Mobile Apps and Desktop clients,GB
2026-08-29T11:04,u3521@contoso.example,Service Desk,53000,Device not compliant,15 Compliance and PRT,Browser,US
2026-08-29T11:05,u4383@contoso.example,CRM,70043,Sign-in frequency expired,6 Repeated prompts,Exchange ActiveSync,DE
2026-08-29T11:06,u2810@contoso.example,Office 365 Exchange Online,53000,Device not compliant,15 Compliance and PRT,Browser,IN
2026-08-29T11:09,u3168@contoso.example,HR Portal,50055,Password expired,1 Sign-in fails,Browser,IN
2026-08-29T11:10,u2540@contoso.example,Microsoft Teams,500121,MFA challenge failed,2 MFA problems,Mobile Apps and Desktop clients,IN
2026-08-29T11:33,u1331@contoso.example,HR Portal,50105,User not assigned to app,9 Assignment and consent,Browser,IN
2026-08-29T11:43,u2723@contoso.example,Azure Portal,50074,"MFA required, not completed",2 MFA problems,Mobile Apps and Desktop clients,US
2026-08-29T11:57,u4210@contoso.example,CRM,50126,Invalid username or password,1 Sign-in fails,Browser,DE
2026-08-29T11:59,u3702@contoso.example,Microsoft Teams,53000,Device not compliant,15 Compliance and PRT,Browser,IN
2026-08-29T11:59,u3748@contoso.example,Microsoft Teams,50053,Account locked (smart lockout),5 Lockout loop,Browser,IN
2026-08-29T12:05,u4830@contoso.example,VPN,50074,"MFA required, not completed",2 MFA problems,Mobile Apps and Desktop clients,IN
2026-08-29T12:18,u2445@contoso.example,HR Portal,50126,Invalid username or password,1 Sign-in fails,Exchange ActiveSync,IN
2026-08-29T12:24,u3401@contoso.example,VPN,50126,Invalid username or password,1 Sign-in fails,Browser,US
2026-08-29T12:26,u1313@contoso.example,Microsoft Teams,53003,Blocked by Conditional Access,3 Conditional Access,Mobile Apps and Desktop clients,GB
2026-08-29T12:32,u1940@contoso.example,SharePoint Online,53000,Device not compliant,15 Compliance and PRT,Browser,IN
2026-08-29T12:37,u1776@contoso.example,HR Portal,50053,Account locked (smart lockout),5 Lockout loop,Exchange ActiveSync,IN
2026-08-29T12:47,u4085@contoso.example,Azure Portal,50126,Invalid username or password,1 Sign-in fails,Mobile Apps and Desktop clients,IN
2026-08-29T12:49,u3959@contoso.example,Azure Portal,65001,Consent not granted,9 Assignment and consent,Browser,IN
2026-08-29T12:51,u4444@contoso.example,VPN,50055,Password expired,1 Sign-in fails,Browser,IN
2026-08-29T12:53,u3217@contoso.example,Microsoft Teams,50074,"MFA required, not completed",2 MFA problems,Browser,IN
2026-08-29T12:57,u3185@contoso.example,Service Desk,50126,Invalid username or password,1 Sign-in fails,Browser,GB
2026-08-29T12:59,u4098@contoso.example,Service Desk,50126,Invalid username or password,1 Sign-in fails,Mobile Apps and Desktop clients,IN
2026-08-29T13:04,u2886@contoso.example,Payroll,500121,MFA challenge failed,2 MFA problems,Mobile Apps and Desktop clients,IN
2026-08-29T13:07,u3357@contoso.example,Azure Portal,50074,"MFA required, not completed",2 MFA problems,Mobile Apps and Desktop clients,US
2026-08-29T13:11,u1289@contoso.example,Azure Portal,50126,Invalid username or password,1 Sign-in fails,Mobile Apps and Desktop clients,IN
2026-08-29T13:11,u4754@contoso.example,Service Desk,53000,Device not compliant,15 Compliance and PRT,Mobile Apps and Desktop clients,IN
2026-08-29T13:16,u3456@contoso.example,Office 365 Exchange Online,50126,Invalid username or password,1 Sign-in fails,Mobile Apps and Desktop clients,IN
2026-08-29T13:20,u1655@contoso.example,Azure Portal,50126,Invalid username or password,1 Sign-in fails,Mobile Apps and Desktop clients,IN
2026-08-29T13:26,u3843@contoso.example,Microsoft Teams,50055,Password expired,1 Sign-in fails,Browser,IN
2026-08-29T13:35,u4048@contoso.example,Service Desk,50126,Invalid username or password,1 Sign-in fails,Browser,IN
2026-08-29T13:42,u2787@contoso.example,HR Portal,53000,Device not compliant,15 Compliance and PRT,Browser,IN
2026-08-29T13:56,u3809@contoso.example,CRM,70043,Sign-in frequency expired,6 Repeated prompts,IMAP4,GB
2026-08-29T14:04,u4049@contoso.example,Azure Portal,50011,Reply URL mismatch,7 App authentication,Mobile Apps and Desktop clients,IN
2026-08-29T14:15,u4268@contoso.example,VPN,50105,User not assigned to app,9 Assignment and consent,Mobile Apps and Desktop clients,IN
2026-08-29T14:19,u4912@contoso.example,Service Desk,500121,MFA challenge failed,2 MFA problems,Mobile Apps and Desktop clients,IN
2026-08-29T14:51,u4279@contoso.example,Microsoft Teams,50126,Invalid username or password,1 Sign-in fails,Browser,DE
2026-08-29T15:03,u3953@contoso.example,Azure Portal,50126,Invalid username or password,1 Sign-in fails,Browser,US
2026-08-29T15:08,u3209@contoso.example,Office 365 Exchange Online,50126,Invalid username or password,1 Sign-in fails,Mobile Apps and Desktop clients,DE
2026-08-29T15:11,u3962@contoso.example,VPN,50126,Invalid username or password,1 Sign-in fails,Mobile Apps and Desktop clients,IN
2026-08-29T15:15,u4627@contoso.example,Service Desk,500121,MFA challenge failed,2 MFA problems,Mobile Apps and Desktop clients,IN
2026-08-29T15:18,u2435@contoso.example,Payroll,50055,Password expired,1 Sign-in fails,Browser,DE
2026-08-29T15:20,u4819@contoso.example,HR Portal,53003,Blocked by Conditional Access,3 Conditional Access,Mobile Apps and Desktop clients,IN
2026-08-29T16:14,u4847@contoso.example,Service Desk,50074,"MFA required, not completed",2 MFA problems,Browser,SG
2026-08-29T16:18,u3418@contoso.example,SharePoint Online,50053,Account locked (smart lockout),5 Lockout loop,Browser,IN
2026-08-29T16:25,u2780@contoso.example,Service Desk,500121,MFA challenge failed,2 MFA problems,Mobile Apps and Desktop clients,IN
2026-08-29T16:48,u4012@contoso.example,Payroll,50053,Account locked (smart lockout),5 Lockout loop,Mobile Apps and Desktop clients,IN
2026-08-29T16:50,u3117@contoso.example,Payroll,50158,External MFA challenge not met,2 MFA problems,Mobile Apps and Desktop clients,GB
2026-08-29T16:51,u4037@contoso.example,Microsoft Teams,50126,Invalid username or password,1 Sign-in fails,Mobile Apps and Desktop clients,IN
2026-08-29T17:00,u2222@contoso.example,Office 365 Exchange Online,50126,Invalid username or password,1 Sign-in fails,Browser,IN
2026-08-29T17:14,u3391@contoso.example,HR Portal,50074,"MFA required, not completed",2 MFA problems,Mobile Apps and Desktop clients,IN
2026-08-29T17:19,u2876@contoso.example,HR Portal,500121,MFA challenge failed,2 MFA problems,Mobile Apps and Desktop clients,IN
2026-08-29T17:26,u4434@contoso.example,Microsoft Teams,500121,MFA challenge failed,2 MFA problems,Mobile Apps and Desktop clients,IN
2026-08-29T17:32,u4777@contoso.example,Microsoft Teams,50105,User not assigned to app,9 Assignment and consent,Browser,US
2026-08-29T17:32,u3405@contoso.example,Microsoft Teams,53003,Blocked by Conditional Access,3 Conditional Access,Exchange ActiveSync,GB
2026-08-29T17:35,u2128@contoso.example,Microsoft Teams,53003,Blocked by Conditional Access,3 Conditional Access,Browser,IN
2026-08-29T17:47,u3723@contoso.example,VPN,53000,Device not compliant,15 Compliance and PRT,Mobile Apps and Desktop clients,US
2026-08-29T17:54,u2596@contoso.example,SharePoint Online,50053,Account locked (smart lockout),5 Lockout loop,Browser,GB
2026-08-29T17:54,u4721@contoso.example,VPN,50053,Account locked (smart lockout),5 Lockout loop,Mobile Apps and Desktop clients,GB
2026-08-29T17:59,u4918@contoso.example,SharePoint Online,50053,Account locked (smart lockout),5 Lockout loop,Mobile Apps and Desktop clients,US
2026-08-29T18:01,u3629@contoso.example,Office 365 Exchange Online,50105,User not assigned to app,9 Assignment and consent,Browser,US
2026-08-29T18:06,u1190@contoso.example,VPN,50126,Invalid username or password,1 Sign-in fails,Mobile Apps and Desktop clients,IN
2026-08-29T18:13,u4099@contoso.example,Azure Portal,50126,Invalid username or password,1 Sign-in fails,IMAP4,GB
2026-08-29T18:26,u4939@contoso.example,SharePoint Online,53003,Blocked by Conditional Access,3 Conditional Access,Mobile Apps and Desktop clients,SG
2026-08-29T18:26,u1631@contoso.example,SharePoint Online,50126,Invalid username or password,1 Sign-in fails,Mobile Apps and Desktop clients,GB
2026-08-29T18:30,u2390@contoso.example,Azure Portal,50053,Account locked (smart lockout),5 Lockout loop,Exchange ActiveSync,GB
2026-08-29T18:31,u3344@contoso.example,VPN,50053,Account locked (smart lockout),5 Lockout loop,Mobile Apps and Desktop clients,US
2026-08-29T18:39,u1108@contoso.example,VPN,53003,Blocked by Conditional Access,3 Conditional Access,Browser,IN
2026-08-29T19:17,u3011@contoso.example,HR Portal,50053,Account locked (smart lockout),5 Lockout loop,Browser,IN
2026-08-29T19:19,u3021@contoso.example,Azure Portal,53003,Blocked by Conditional Access,3 Conditional Access,Mobile Apps and Desktop clients,IN
2026-08-29T19:32,u4120@contoso.example,VPN,53003,Blocked by Conditional Access,3 Conditional Access,Mobile Apps and Desktop clients,IN
2026-08-29T19:35,u4980@contoso.example,Office 365 Exchange Online,50126,Invalid username or password,1 Sign-in fails,Browser,IN
2026-08-29T19:58,u2819@contoso.example,Payroll,500121,MFA challenge failed,2 MFA problems,Mobile Apps and Desktop clients,IN
2026-08-29T19:59,u1957@contoso.example,Office 365 Exchange Online,50126,Invalid username or password,1 Sign-in fails,Browser,SG
2026-08-29T20:00,u4720@contoso.example,CRM,70043,Sign-in frequency expired,6 Repeated prompts,Mobile Apps and Desktop clients,IN
2026-08-29T20:14,u4414@contoso.example,Service Desk,65001,Consent not granted,9 Assignment and consent,Mobile Apps and Desktop clients,GB
2026-08-29T20:14,u4580@contoso.example,Payroll,65001,Consent not granted,9 Assignment and consent,IMAP4,IN
2026-08-29T20:30,u2228@contoso.example,Azure Portal,50126,Invalid username or password,1 Sign-in fails,Mobile Apps and Desktop clients,IN
2026-08-29T20:39,u3594@contoso.example,VPN,50126,Invalid username or password,1 Sign-in fails,Browser,GB
2026-08-29T20:48,u2734@contoso.example,Service Desk,50126,Invalid username or password,1 Sign-in fails,Browser,IN
2026-08-29T20:54,u4032@contoso.example,Microsoft Teams,70043,Sign-in frequency expired,6 Repeated prompts,Mobile Apps and Desktop clients,US
2026-08-29T21:08,u3585@contoso.example,Payroll,50105,User not assigned to app,9 Assignment and consent,Mobile Apps and Desktop clients,IN
2026-08-29T21:22,u2077@contoso.example,SharePoint Online,53003,Blocked by Conditional Access,3 Conditional Access,Browser,GB
2026-08-29T21:25,u2303@contoso.example,Microsoft Teams,53000,Device not compliant,15 Compliance and PRT,Browser,IN
2026-08-29T21:26,u1604@contoso.example,CRM,50074,"MFA required, not completed",2 MFA problems,Mobile Apps and Desktop clients,GB
2026-08-29T21:33,u1700@contoso.example,Payroll,50126,Invalid username or password,1 Sign-in fails,Mobile Apps and Desktop clients,IN
2026-08-29T21:34,u3316@contoso.example,VPN,50126,Invalid username or password,1 Sign-in fails,Browser,US
2026-08-29T21:35,u1467@contoso.example,Payroll,500121,MFA challenge failed,2 MFA problems,Mobile Apps and Desktop clients,GB
2026-08-29T21:39,u4917@contoso.example,Payroll,50126,Invalid username or password,1 Sign-in fails,Browser,US
2026-08-29T21:46,u2907@contoso.example,CRM,70043,Sign-in frequency expired,6 Repeated prompts,Mobile Apps and Desktop clients,IN
2026-08-29T21:48,u3652@contoso.example,Service Desk,50126,Invalid username or password,1 Sign-in fails,Browser,IN
2026-08-29T22:03,u4237@contoso.example,CRM,50055,Password expired,1 Sign-in fails,Mobile Apps and Desktop clients,IN
2026-08-29T22:11,u1691@contoso.example,VPN,90072,Guest account not in tenant,22 Guest access,IMAP4,DE
2026-08-29T22:12,u4354@contoso.example,Microsoft Teams,50126,Invalid username or password,1 Sign-in fails,Browser,IN
2026-08-29T22:48,u2192@contoso.example,Payroll,53003,Blocked by Conditional Access,3 Conditional Access,Browser,DE
2026-08-29T22:53,u1088@contoso.example,SharePoint Online,500121,MFA challenge failed,2 MFA problems,Browser,US
2026-08-29T22:58,u2599@contoso.example,SharePoint Online,50126,Invalid username or password,1 Sign-in fails,Browser,IN
2026-08-29T22:59,u1549@contoso.example,Service Desk,50053,Account locked (smart lockout),5 Lockout loop,Mobile Apps and Desktop clients,SG
2026-08-29T23:14,u4465@contoso.example,Payroll,500121,MFA challenge failed,2 MFA problems,Mobile Apps and Desktop clients,IN
2026-08-29T23:20,u2365@contoso.example,SharePoint Online,50074,"MFA required, not completed",2 MFA problems,Mobile Apps and Desktop clients,US
2026-08-29T23:20,u3884@contoso.example,VPN,90072,Guest account not in tenant,22 Guest access,Browser,IN
2026-08-29T23:29,u4068@contoso.example,Service Desk,50126,Invalid username or password,1 Sign-in fails,Browser,IN
2026-08-29T23:30,u1480@contoso.example,Payroll,50053,Account locked (smart lockout),5 Lockout loop,Browser,IN
2026-08-29T23:36,u4822@contoso.example,Service Desk,53000,Device not compliant,15 Compliance and PRT,Browser,IN
2026-08-29T23:40,u4577@contoso.example,Azure Portal,500121,MFA challenge failed,2 MFA problems,Exchange ActiveSync,IN
2026-08-29T23:42,u2371@contoso.example,SharePoint Online,53000,Device not compliant,15 Compliance and PRT,Browser,IN
2026-08-30T00:12,u3350@contoso.example,Payroll,50055,Password expired,1 Sign-in fails,Browser,IN
2026-08-30T00:27,u1200@contoso.example,Service Desk,50057,Account disabled,1 Sign-in fails,Browser,IN
2026-08-30T00:28,u4583@contoso.example,VPN,70043,Sign-in frequency expired,6 Repeated prompts,Mobile Apps and Desktop clients,IN
2026-08-30T00:34,u3593@contoso.example,VPN,50126,Invalid username or password,1 Sign-in fails,Mobile Apps and Desktop clients,GB
2026-08-30T00:45,u2040@contoso.example,CRM,50126,Invalid username or password,1 Sign-in fails,Browser,IN
2026-08-30T00:51,u4902@contoso.example,SharePoint Online,50126,Invalid username or password,1 Sign-in fails,Mobile Apps and Desktop clients,US
2026-08-30T01:12,u4214@contoso.example,CRM,53003,Blocked by Conditional Access,3 Conditional Access,Mobile Apps and Desktop clients,US
2026-08-30T01:17,u3373@contoso.example,Microsoft Teams,50074,"MFA required, not completed",2 MFA problems,Browser,DE
2026-08-30T01:26,u1531@contoso.example,Service Desk,53003,Blocked by Conditional Access,3 Conditional Access,Browser,IN
2026-08-30T01:32,u3361@contoso.example,VPN,53000,Device not compliant,15 Compliance and PRT,Mobile Apps and Desktop clients,US
2026-08-30T01:39,u4674@contoso.example,Azure Portal,50126,Invalid username or password,1 Sign-in fails,Mobile Apps and Desktop clients,IN
2026-08-30T01:52,u1248@contoso.example,VPN,500121,MFA challenge failed,2 MFA problems,Mobile Apps and Desktop clients,DE
2026-08-30T01:52,u4102@contoso.example,Office 365 Exchange Online,500121,MFA challenge failed,2 MFA problems,Browser,US
2026-08-30T01:54,u4251@contoso.example,CRM,50126,Invalid username or password,1 Sign-in fails,Browser,GB
2026-08-30T02:04,u3987@contoso.example,VPN,50126,Invalid username or password,1 Sign-in fails,Browser,IN
2026-08-30T02:17,u3492@contoso.example,CRM,500121,MFA challenge failed,2 MFA problems,Mobile Apps and Desktop clients,IN
2026-08-30T02:23,u2318@contoso.example,HR Portal,50126,Invalid username or password,1 Sign-in fails,Browser,IN
2026-08-30T02:29,u1186@contoso.example,CRM,70043,Sign-in frequency expired,6 Repeated prompts,Browser,US
2026-08-30T02:40,u2781@contoso.example,Payroll,50055,Password expired,1 Sign-in fails,Browser,DE
2026-08-30T02:46,u2124@contoso.example,HR Portal,70043,Sign-in frequency expired,6 Repeated prompts,IMAP4,IN
2026-08-30T03:03,u3818@contoso.example,Payroll,50055,Password expired,1 Sign-in fails,Browser,IN
2026-08-30T03:03,u3108@contoso.example,Azure Portal,50074,"MFA required, not completed",2 MFA problems,Mobile Apps and Desktop clients,IN
2026-08-30T03:04,u4227@contoso.example,Service Desk,70043,Sign-in frequency expired,6 Repeated prompts,Mobile Apps and Desktop clients,US
2026-08-30T03:09,u1586@contoso.example,CRM,50126,Invalid username or password,1 Sign-in fails,Browser,IN
2026-08-30T03:47,u4271@contoso.example,Microsoft Teams,50053,Account locked (smart lockout),5 Lockout loop,Browser,IN
2026-08-30T03:58,u3812@contoso.example,Payroll,53003,Blocked by Conditional Access,3 Conditional Access,Browser,IN
2026-08-30T04:13,u1359@contoso.example,Azure Portal,500121,MFA challenge failed,2 MFA problems,Browser,IN
2026-08-30T04:25,u2644@contoso.example,Azure Portal,50126,Invalid username or password,1 Sign-in fails,Browser,IN
2026-08-30T04:31,u3097@contoso.example,Service Desk,50055,Password expired,1 Sign-in fails,Browser,IN
2026-08-30T04:34,u1163@contoso.example,VPN,50126,Invalid username or password,1 Sign-in fails,Browser,IN
2026-08-30T04:35,u2576@contoso.example,SharePoint Online,500121,MFA challenge failed,2 MFA problems,Mobile Apps and Desktop clients,US
2026-08-30T04:35,u3739@contoso.example,Payroll,50126,Invalid username or password,1 Sign-in fails,Browser,US
2026-08-30T04:36,u3950@contoso.example,Microsoft Teams,500121,MFA challenge failed,2 MFA problems,Mobile Apps and Desktop clients,US
2026-08-30T04:40,u3859@contoso.example,Office 365 Exchange Online,50011,Reply URL mismatch,7 App authentication,Browser,US
2026-08-30T04:42,u3987@contoso.example,Azure Portal,53000,Device not compliant,15 Compliance and PRT,Browser,DE
2026-08-30T04:55,u3565@contoso.example,VPN,500121,MFA challenge failed,2 MFA problems,Mobile Apps and Desktop clients,US
2026-08-30T04:57,u3476@contoso.example,CRM,50105,User not assigned to app,9 Assignment and consent,Browser,IN
2026-08-30T05:01,u4964@contoso.example,Azure Portal,50126,Invalid username or password,1 Sign-in fails,Mobile Apps and Desktop clients,SG
2026-08-30T05:04,u4572@contoso.example,Payroll,50126,Invalid username or password,1 Sign-in fails,Browser,SG
2026-08-30T05:06,u2659@contoso.example,Azure Portal,50053,Account locked (smart lockout),5 Lockout loop,Browser,GB
2026-08-30T05:09,u2036@contoso.example,VPN,53003,Blocked by Conditional Access,3 Conditional Access,IMAP4,US
2026-08-30T05:31,u2082@contoso.example,Microsoft Teams,50053,Account locked (smart lockout),5 Lockout loop,Browser,IN
2026-08-30T05:39,u1410@contoso.example,SharePoint Online,50126,Invalid username or password,1 Sign-in fails,Browser,US
2026-08-30T05:43,u2138@contoso.example,SharePoint Online,50126,Invalid username or password,1 Sign-in fails,Mobile Apps and Desktop clients,SG
2026-08-30T05:46,u3063@contoso.example,Microsoft Teams,500121,MFA challenge failed,2 MFA problems,Browser,SG
2026-08-30T05:49,u3234@contoso.example,HR Portal,50053,Account locked (smart lockout),5 Lockout loop,Mobile Apps and Desktop clients,US
2026-08-30T05:51,u3701@contoso.example,Service Desk,53003,Blocked by Conditional Access,3 Conditional Access,Mobile Apps and Desktop clients,IN
2026-08-30T05:55,u1797@contoso.example,CRM,70043,Sign-in frequency expired,6 Repeated prompts,IMAP4,IN
2026-08-30T05:59,u3280@contoso.example,Office 365 Exchange Online,50074,"MFA required, not completed",2 MFA problems,Mobile Apps and Desktop clients,US
2026-08-30T06:02,u4291@contoso.example,Office 365 Exchange Online,50126,Invalid username or password,1 Sign-in fails,Browser,US
2026-08-30T06:09,u2879@contoso.example,SharePoint Online,70043,Sign-in frequency expired,6 Repeated prompts,Browser,IN
2026-08-30T06:09,u2562@contoso.example,VPN,53000,Device not compliant,15 Compliance and PRT,Browser,GB
2026-08-30T06:13,u4452@contoso.example,HR Portal,50126,Invalid username or password,1 Sign-in fails,Browser,IN
2026-08-30T06:28,u3460@contoso.example,VPN,50126,Invalid username or password,1 Sign-in fails,Browser,IN
2026-08-30T06:42,u3939@contoso.example,Office 365 Exchange Online,53000,Device not compliant,15 Compliance and PRT,Mobile Apps and Desktop clients,IN
2026-08-30T06:50,u4178@contoso.example,Payroll,50126,Invalid username or password,1 Sign-in fails,Browser,US
2026-08-30T06:50,u1603@contoso.example,CRM,50126,Invalid username or password,1 Sign-in fails,Browser,GB
2026-08-30T06:50,u3211@contoso.example,Microsoft Teams,50105,User not assigned to app,9 Assignment and consent,Mobile Apps and Desktop clients,IN
2026-08-30T06:57,u2585@contoso.example,Microsoft Teams,500121,MFA challenge failed,2 MFA problems,Mobile Apps and Desktop clients,IN
2026-08-30T06:59,u4223@contoso.example,Office 365 Exchange Online,50053,Account locked (smart lockout),5 Lockout loop,Mobile Apps and Desktop clients,SG
2026-08-30T07:10,u1726@contoso.example,Payroll,53003,Blocked by Conditional Access,3 Conditional Access,Exchange ActiveSync,IN
2026-08-30T07:24,u2405@contoso.example,Azure Portal,50074,"MFA required, not completed",2 MFA problems,Mobile Apps and Desktop clients,US
2026-08-30T07:24,u4122@contoso.example,Azure Portal,50126,Invalid username or password,1 Sign-in fails,Browser,IN
2026-08-30T07:25,u2361@contoso.example,Service Desk,50074,"MFA required, not completed",2 MFA problems,Browser,IN
2026-08-30T07:42,u1042@contoso.example,Azure Portal,500121,MFA challenge failed,2 MFA problems,Browser,IN
2026-08-30T07:45,u3923@contoso.example,Office 365 Exchange Online,500121,MFA challenge failed,2 MFA problems,Browser,IN
2026-08-30T07:53,u2664@contoso.example,Office 365 Exchange Online,70043,Sign-in frequency expired,6 Repeated prompts,Browser,IN
2026-08-30T07:56,u4828@contoso.example,Office 365 Exchange Online,53000,Device not compliant,15 Compliance and PRT,Browser,GB
2026-08-30T07:59,u2244@contoso.example,VPN,50126,Invalid username or password,1 Sign-in fails,IMAP4,US
2026-08-30T08:04,u3878@contoso.example,Azure Portal,500121,MFA challenge failed,2 MFA problems,Browser,IN
2026-08-30T08:09,u2375@contoso.example,Azure Portal,50011,Reply URL mismatch,7 App authentication,Mobile Apps and Desktop clients,US
2026-08-30T08:10,u1344@contoso.example,Service Desk,53003,Blocked by Conditional Access,3 Conditional Access,Mobile Apps and Desktop clients,IN
2026-08-30T08:18,u4462@contoso.example,Payroll,50126,Invalid username or password,1 Sign-in fails,Browser,SG
2026-08-30T08:19,u4137@contoso.example,Azure Portal,500121,MFA challenge failed,2 MFA problems,Browser,GB
2026-08-30T08:21,u3882@contoso.example,Azure Portal,500121,MFA challenge failed,2 MFA problems,Browser,IN
2026-08-30T08:24,u4212@contoso.example,VPN,50105,User not assigned to app,9 Assignment and consent,Mobile Apps and Desktop clients,GB
2026-08-30T08:25,u2885@contoso.example,HR Portal,50055,Password expired,1 Sign-in fails,Mobile Apps and Desktop clients,GB
2026-08-30T08:31,u3206@contoso.example,SharePoint Online,65001,Consent not granted,9 Assignment and consent,Browser,GB
2026-08-30T08:35,u4194@contoso.example,HR Portal,53003,Blocked by Conditional Access,3 Conditional Access,Mobile Apps and Desktop clients,US
2026-08-30T08:37,u1944@contoso.example,Microsoft Teams,53000,Device not compliant,15 Compliance and PRT,Browser,SG
2026-08-30T08:42,u1063@contoso.example,HR Portal,53000,Device not compliant,15 Compliance and PRT,Browser,IN
2026-08-30T08:47,u4812@contoso.example,SharePoint Online,500121,MFA challenge failed,2 MFA problems,Mobile Apps and Desktop clients,IN
2026-08-30T08:49,u2227@contoso.example,Service Desk,50053,Account locked (smart lockout),5 Lockout loop,Mobile Apps and Desktop clients,IN
2026-08-30T09:08,u1789@contoso.example,VPN,50158,External MFA challenge not met,2 MFA problems,Mobile Apps and Desktop clients,US
2026-08-30T09:15,u3758@contoso.example,HR Portal,50105,User not assigned to app,9 Assignment and consent,Browser,IN
2026-08-30T09:28,u2342@contoso.example,VPN,90072,Guest account not in tenant,22 Guest access,Browser,GB
2026-08-30T09:29,u3915@contoso.example,CRM,53003,Blocked by Conditional Access,3 Conditional Access,Browser,IN
2026-08-30T10:10,u2912@contoso.example,Azure Portal,50055,Password expired,1 Sign-in fails,Mobile Apps and Desktop clients,GB
2026-08-30T10:36,u4709@contoso.example,Office 365 Exchange Online,500121,MFA challenge failed,2 MFA problems,Browser,IN
2026-08-30T10:56,u2126@contoso.example,CRM,50053,Account locked (smart lockout),5 Lockout loop,Browser,SG
2026-08-30T10:56,u3592@contoso.example,Microsoft Teams,50053,Account locked (smart lockout),5 Lockout loop,Browser,GB
2026-08-30T11:05,u4675@contoso.example,VPN,65001,Consent not granted,9 Assignment and consent,Browser,GB
2026-08-30T11:06,u4121@contoso.example,VPN,53003,Blocked by Conditional Access,3 Conditional Access,Mobile Apps and Desktop clients,US
2026-08-30T11:17,u3601@contoso.example,Azure Portal,50053,Account locked (smart lockout),5 Lockout loop,Mobile Apps and Desktop clients,IN
2026-08-30T11:21,u3810@contoso.example,SharePoint Online,53003,Blocked by Conditional Access,3 Conditional Access,Exchange ActiveSync,IN
2026-08-30T11:23,u2506@contoso.example,Payroll,53003,Blocked by Conditional Access,3 Conditional Access,Mobile Apps and Desktop clients,IN
2026-08-30T11:43,u2528@contoso.example,Office 365 Exchange Online,65001,Consent not granted,9 Assignment and consent,Mobile Apps and Desktop clients,US
2026-08-30T11:54,u4671@contoso.example,Azure Portal,53003,Blocked by Conditional Access,3 Conditional Access,Browser,IN
2026-08-30T12:33,u2532@contoso.example,CRM,50053,Account locked (smart lockout),5 Lockout loop,Browser,US
2026-08-30T12:38,u1534@contoso.example,Office 365 Exchange Online,50126,Invalid username or password,1 Sign-in fails,Browser,IN
2026-08-30T12:43,u4389@contoso.example,CRM,50105,User not assigned to app,9 Assignment and consent,Browser,IN
2026-08-30T12:55,u2959@contoso.example,HR Portal,500121,MFA challenge failed,2 MFA problems,Mobile Apps and Desktop clients,GB
2026-08-30T13:08,u2767@contoso.example,Payroll,50126,Invalid username or password,1 Sign-in fails,Browser,DE
2026-08-30T13:19,u2583@contoso.example,HR Portal,70043,Sign-in frequency expired,6 Repeated prompts,IMAP4,IN
2026-08-30T13:22,u1290@contoso.example,Service Desk,50053,Account locked (smart lockout),5 Lockout loop,Mobile Apps and Desktop clients,IN
2026-08-30T13:41,u1990@contoso.example,Azure Portal,53003,Blocked by Conditional Access,3 Conditional Access,Mobile Apps and Desktop clients,GB
2026-08-30T13:50,u1438@contoso.example,VPN,50126,Invalid username or password,1 Sign-in fails,Mobile Apps and Desktop clients,GB
2026-08-30T13:51,u4111@contoso.example,Office 365 Exchange Online,50126,Invalid username or password,1 Sign-in fails,Browser,IN
2026-08-30T13:55,u2373@contoso.example,SharePoint Online,50126,Invalid username or password,1 Sign-in fails,Browser,IN
2026-08-30T13:58,u2236@contoso.example,SharePoint Online,50126,Invalid username or password,1 Sign-in fails,Mobile Apps and Desktop clients,DE
2026-08-30T14:04,u4994@contoso.example,SharePoint Online,50126,Invalid username or password,1 Sign-in fails,Mobile Apps and Desktop clients,US
2026-08-30T14:12,u1679@contoso.example,SharePoint Online,50055,Password expired,1 Sign-in fails,Browser,US
2026-08-30T14:12,u1623@contoso.example,Office 365 Exchange Online,53003,Blocked by Conditional Access,3 Conditional Access,Browser,US
2026-08-30T14:17,u1129@contoso.example,HR Portal,50057,Account disabled,1 Sign-in fails,Mobile Apps and Desktop clients,IN
2026-08-30T14:51,u4512@contoso.example,HR Portal,50126,Invalid username or password,1 Sign-in fails,Browser,US
2026-08-30T15:06,u4990@contoso.example,SharePoint Online,50053,Account locked (smart lockout),5 Lockout loop,Browser,US
2026-08-30T15:23,u4154@contoso.example,SharePoint Online,50126,Invalid username or password,1 Sign-in fails,Browser,US
2026-08-30T15:34,u2223@contoso.example,HR Portal,53003,Blocked by Conditional Access,3 Conditional Access,Browser,GB
2026-08-30T15:38,u1788@contoso.example,VPN,50053,Account locked (smart lockout),5 Lockout loop,Mobile Apps and Desktop clients,DE
2026-08-30T15:45,u4511@contoso.example,CRM,53003,Blocked by Conditional Access,3 Conditional Access,Mobile Apps and Desktop clients,GB
2026-08-30T15:49,u1508@contoso.example,HR Portal,50074,"MFA required, not completed",2 MFA problems,Exchange ActiveSync,DE
2026-08-30T15:49,u1831@contoso.example,Office 365 Exchange Online,50126,Invalid username or password,1 Sign-in fails,Mobile Apps and Desktop clients,US
2026-08-30T16:13,u4515@contoso.example,Service Desk,500121,MFA challenge failed,2 MFA problems,Browser,IN
2026-08-30T16:23,u3618@contoso.example,SharePoint Online,50074,"MFA required, not completed",2 MFA problems,Browser,IN
2026-08-30T16:24,u3272@contoso.example,Azure Portal,500121,MFA challenge failed,2 MFA problems,Browser,US
2026-08-30T16:25,u2852@contoso.example,Service Desk,50126,Invalid username or password,1 Sign-in fails,Mobile Apps and Desktop clients,SG
2026-08-30T16:33,u2458@contoso.example,CRM,50074,"MFA required, not completed",2 MFA problems,Browser,IN
2026-08-30T17:01,u1695@contoso.example,Office 365 Exchange Online,50055,Password expired,1 Sign-in fails,Exchange ActiveSync,IN
2026-08-30T17:16,u2881@contoso.example,SharePoint Online,53003,Blocked by Conditional Access,3 Conditional Access,Browser,GB
2026-08-30T17:18,u4981@contoso.example,SharePoint Online,50074,"MFA required, not completed",2 MFA problems,Browser,DE
2026-08-30T17:27,u2823@contoso.example,VPN,50053,Account locked (smart lockout),5 Lockout loop,Browser,IN
2026-08-30T17:41,u2481@contoso.example,Azure Portal,50126,Invalid username or password,1 Sign-in fails,Browser,IN
2026-08-30T17:44,u3646@contoso.example,Microsoft Teams,50126,Invalid username or password,1 Sign-in fails,Browser,US
2026-08-30T17:50,u4523@contoso.example,VPN,500121,MFA challenge failed,2 MFA problems,Browser,SG
2026-08-30T18:09,u1078@contoso.example,CRM,50126,Invalid username or password,1 Sign-in fails,Mobile Apps and Desktop clients,US
2026-08-30T18:12,u4708@contoso.example,SharePoint Online,53000,Device not compliant,15 Compliance and PRT,Mobile Apps and Desktop clients,IN
2026-08-30T18:15,u3630@contoso.example,Payroll,53003,Blocked by Conditional Access,3 Conditional Access,Exchange ActiveSync,IN
2026-08-30T18:24,u1631@contoso.example,Microsoft Teams,53000,Device not compliant,15 Compliance and PRT,Browser,GB
2026-08-30T18:34,u3749@contoso.example,Payroll,50126,Invalid username or password,1 Sign-in fails,Mobile Apps and Desktop clients,IN
2026-08-30T18:43,u3392@contoso.example,Azure Portal,50126,Invalid username or password,1 Sign-in fails,Browser,US
2026-08-30T19:07,u3666@contoso.example,Payroll,53003,Blocked by Conditional Access,3 Conditional Access,Mobile Apps and Desktop clients,IN
2026-08-30T19:26,u2810@contoso.example,Azure Portal,90072,Guest account not in tenant,22 Guest access,Browser,US
2026-08-30T19:36,u1005@contoso.example,HR Portal,50126,Invalid username or password,1 Sign-in fails,Mobile Apps and Desktop clients,US
2026-08-30T19:45,u2520@contoso.example,Service Desk,50053,Account locked (smart lockout),5 Lockout loop,Mobile Apps and Desktop clients,IN
2026-08-30T19:49,u2174@contoso.example,HR Portal,50126,Invalid username or password,1 Sign-in fails,Exchange ActiveSync,US
2026-08-30T19:52,u1969@contoso.example,SharePoint Online,50126,Invalid username or password,1 Sign-in fails,Browser,IN
2026-08-30T19:59,u1308@contoso.example,SharePoint Online,50074,"MFA required, not completed",2 MFA problems,Exchange ActiveSync,US
2026-08-30T20:14,u2359@contoso.example,Service Desk,50126,Invalid username or password,1 Sign-in fails,Browser,IN
2026-08-30T20:22,u1600@contoso.example,VPN,90072,Guest account not in tenant,22 Guest access,Browser,IN
2026-08-30T20:33,u1441@contoso.example,Office 365 Exchange Online,50057,Account disabled,1 Sign-in fails,Browser,US
2026-08-30T20:34,u3360@contoso.example,CRM,50126,Invalid username or password,1 Sign-in fails,Browser,IN
2026-08-30T20:42,u3549@contoso.example,CRM,65001,Consent not granted,9 Assignment and consent,Browser,US
2026-08-30T20:44,u1705@contoso.example,Microsoft Teams,53000,Device not compliant,15 Compliance and PRT,Browser,US
2026-08-30T20:46,u4821@contoso.example,SharePoint Online,53000,Device not compliant,15 Compliance and PRT,Browser,US
2026-08-30T20:48,u1759@contoso.example,Azure Portal,50126,Invalid username or password,1 Sign-in fails,Browser,IN
2026-08-30T20:52,u2195@contoso.example,Office 365 Exchange Online,50074,"MFA required, not completed",2 MFA problems,Browser,IN
2026-08-30T20:55,u1890@contoso.example,Payroll,53003,Blocked by Conditional Access,3 Conditional Access,Browser,IN
2026-08-30T20:56,u3211@contoso.example,VPN,50126,Invalid username or password,1 Sign-in fails,Exchange ActiveSync,US
2026-08-30T21:11,u4661@contoso.example,HR Portal,50011,Reply URL mismatch,7 App authentication,Exchange ActiveSync,US
2026-08-30T21:17,u2876@contoso.example,Microsoft Teams,50053,Account locked (smart lockout),5 Lockout loop,Browser,IN
2026-08-30T21:19,u1764@contoso.example,Office 365 Exchange Online,53000,Device not compliant,15 Compliance and PRT,Exchange ActiveSync,IN
2026-08-30T21:20,u2520@contoso.example,Office 365 Exchange Online,50053,Account locked (smart lockout),5 Lockout loop,Browser,GB
2026-08-30T21:41,u3974@contoso.example,SharePoint Online,50074,"MFA required, not completed",2 MFA problems,Browser,SG
2026-08-30T21:43,u3573@contoso.example,Microsoft Teams,50126,Invalid username or password,1 Sign-in fails,Mobile Apps and Desktop clients,US
2026-08-30T21:49,u3539@contoso.example,CRM,53003,Blocked by Conditional Access,3 Conditional Access,Browser,DE
2026-08-30T21:53,u3017@contoso.example,Microsoft Teams,500121,MFA challenge failed,2 MFA problems,Browser,IN
2026-08-30T21:54,u4674@contoso.example,Payroll,500121,MFA challenge failed,2 MFA problems,Mobile Apps and Desktop clients,GB
2026-08-30T22:05,u4627@contoso.example,Microsoft Teams,50055,Password expired,1 Sign-in fails,Browser,GB
2026-08-30T22:15,u1501@contoso.example,Microsoft Teams,50055,Password expired,1 Sign-in fails,Browser,DE
2026-08-30T22:26,u1584@contoso.example,Service Desk,50105,User not assigned to app,9 Assignment and consent,Browser,DE
2026-08-30T22:28,u3771@contoso.example,SharePoint Online,50055,Password expired,1 Sign-in fails,Mobile Apps and Desktop clients,US
2026-08-30T22:53,u1581@contoso.example,Payroll,53000,Device not compliant,15 Compliance and PRT,Browser,IN
2026-08-30T22:54,u1236@contoso.example,VPN,50053,Account locked (smart lockout),5 Lockout loop,Browser,SG
2026-08-30T22:55,u4681@contoso.example,HR Portal,50105,User not assigned to app,9 Assignment and consent,Browser,IN
2026-08-30T23:09,u2289@contoso.example,SharePoint Online,53003,Blocked by Conditional Access,3 Conditional Access,Browser,GB
2026-08-30T23:14,u3244@contoso.example,Azure Portal,50011,Reply URL mismatch,7 App authentication,Mobile Apps and Desktop clients,DE
2026-08-30T23:16,u1367@contoso.example,CRM,53003,Blocked by Conditional Access,3 Conditional Access,Mobile Apps and Desktop clients,US
2026-08-30T23:41,u3135@contoso.example,Service Desk,50074,"MFA required, not completed",2 MFA problems,Browser,SG
2026-08-30T23:47,u3345@contoso.example,VPN,50074,"MFA required, not completed",2 MFA problems,IMAP4,US
2026-08-30T23:53,u1751@contoso.example,Microsoft Teams,500121,MFA challenge failed,2 MFA problems,Browser,DE
